Transaction_ID,Date,Mois,Customer_ID,Produit,SKU,Taille,Categorie,Quantite,Prix_Unitaire,Prix_Final,Cout_Total,Profit,Marge_%
TXN_000176,2021-01-07,Jul-21,MULBERRIES BOUTIQUE,J0236,J0236-SKD-M,M,Robe/Jupe,1.0,1299.0,1299.0,714.45,584.55,45.0
TXN_000165,2021-01-07,Jul-21,MULBERRIES BOUTIQUE,J0212,J0212-DR-S,S,Robe/Jupe,1.0,747.0,747.0,410.85,336.15,45.0
TXN_000166,2021-01-07,Jul-21,MULBERRIES BOUTIQUE,J0212,J0212-DR-M,M,Robe/Jupe,1.0,747.0,747.0,410.85,336.15,45.0
TXN_000167,2021-01-07,Jul-21,MULBERRIES BOUTIQUE,J0212,J0212-DR-L,L,Robe/Jupe,1.0,747.0,747.0,410.85,336.15,45.0
TXN_000168,2021-01-07,Jul-21,MULBERRIES BOUTIQUE,J0212,J0212-DR-XL,XL,Robe/Jupe,1.0,747.0,747.0,410.85,336.15,45.0
TXN_000169,2021-01-07,Jul-21,MULBERRIES BOUTIQUE,J0212,J0212-DR-XXL,XXL,Robe/Jupe,1.0,747.0,747.0,410.85,336.15,45.0
TXN_000170,2021-01-07,Jul-21,MULBERRIES BOUTIQUE,JNE2170,JNE2170-KR-436-S,S,Robe/Jupe,1.0,552.0,552.0,303.6,248.4,45.0
TXN_000171,2021-01-07,Jul-21,MULBERRIES BOUTIQUE,JNE2170,JNE2170-KR-436-M,M,Robe/Jupe,1.0,552.0,552.0,303.6,248.4,45.0
TXN_000172,2021-01-07,Jul-21,MULBERRIES BOUTIQUE,JNE2170,JNE2170-KR-436-L,L,Robe/Jupe,1.0,552.0,552.0,303.6,248.4,45.0
TXN_000173,2021-01-07,Jul-21,MULBERRIES BOUTIQUE,JNE2170,JNE2170-KR-436-XL,XL,Robe/Jupe,1.0,552.0,552.0,303.6,248.4,45.0
TXN_000174,2021-01-07,Jul-21,MULBERRIES BOUTIQUE,JNE2170,JNE2170-KR-436-XXL,XXL,Robe/Jupe,1.0,552.0,552.0,303.6,248.4,45.0
TXN_000175,2021-01-07,Jul-21,MULBERRIES BOUTIQUE,J0236,J0236-SKD-S,S,Robe/Jupe,1.0,1299.0,1299.0,714.45,584.55,45.0
TXN_000177,2021-01-07,Jul-21,MULBERRIES BOUTIQUE,J0236,J0236-SKD-L,L,Robe/Jupe,1.0,1299.0,1299.0,714.45,584.55,45.0
TXN_000178,2021-01-07,Jul-21,MULBERRIES BOUTIQUE,J0236,J0236-SKD-XL,XL,Robe/Jupe,1.0,1299.0,1299.0,714.45,584.55,45.0
TXN_000179,2021-01-07,Jul-21,MULBERRIES BOUTIQUE,J0236,J0236-SKD-XXL,XXL,Robe/Jupe,1.0,1299.0,1299.0,714.45,584.55,45.0
TXN_000180,2021-01-07,Jul-21,MULBERRIES BOUTIQUE,J0004,J0004-SKD-S,S,Robe/Jupe,1.0,1234.0,1234.0,678.7,555.3,45.0
TXN_000181,2021-01-07,Jul-21,MULBERRIES BOUTIQUE,J0004,J0004-SKD-M,M,Robe/Jupe,1.0,1234.0,1234.0,678.7,555.3,45.0
TXN_000182,2021-01-07,Jul-21,MULBERRIES BOUTIQUE,J0004,J0004-SKD-L,L,Robe/Jupe,1.0,1234.0,1234.0,678.7,555.3,45.0
TXN_000183,2021-01-07,Jul-21,MULBERRIES BOUTIQUE,J0004,J0004-SKD-XL,XL,Robe/Jupe,1.0,1234.0,1234.0,678.7,555.3,45.0
TXN_000185,2021-01-07,Jul-21,MULBERRIES BOUTIQUE,J0011,J0011-LCD-S,S,Robe/Jupe,1.0,1234.0,1234.0,678.7,555.3,45.0
TXN_000186,2021-01-07,Jul-21,MULBERRIES BOUTIQUE,J0011,J0011-LCD-M,M,Robe/Jupe,1.0,1234.0,1234.0,678.7,555.3,45.0
TXN_000187,2021-01-07,Jul-21,MULBERRIES BOUTIQUE,J0011,J0011-LCD-L,L,Robe/Jupe,1.0,1234.0,1234.0,678.7,555.3,45.0
TXN_000188,2021-01-07,Jul-21,MULBERRIES BOUTIQUE,J0011,J0011-LCD-XL,XL,Robe/Jupe,1.0,1234.0,1234.0,678.7,555.3,45.0
TXN_000189,2021-01-07,Jul-21,MULBERRIES BOUTIQUE,J0011,J0011-LCD-XXL,XXL,Robe/Jupe,1.0,1234.0,1234.0,678.7,555.3,45.0
TXN_000164,2021-01-07,Jul-21,MULBERRIES BOUTIQUE,J0353,J0353-KR-XXL,XXL,Robe/Jupe,1.0,617.0,617.0,339.35,277.65,45.0
TXN_000190,2021-01-07,Jul-21,MULBERRIES BOUTIQUE,SET243,SET243-KR-PP-S,S,Ensemble,1.0,649.0,649.0,356.95,292.05,45.0
TXN_000163,2021-01-07,Jul-21,MULBERRIES BOUTIQUE,J0353,J0353-KR-XL,XL,Robe/Jupe,1.0,617.0,617.0,339.35,277.65,45.0
TXN_000161,2021-01-07,Jul-21,MULBERRIES BOUTIQUE,J0353,J0353-KR-M,M,Robe/Jupe,1.0,617.0,617.0,339.35,277.65,45.0
TXN_000138,2021-01-07,Jul-21,MULBERRIES BOUTIQUE,J0098,J0098-TP-XXL,XXL,Robe/Jupe,3.0,519.0,1557.0,856.35,700.65,45.0
TXN_000139,2021-01-07,Jul-21,MULBERRIES BOUTIQUE,J0084,J0084-TP-XXL,XXL,Robe/Jupe,1.0,812.0,812.0,446.6,365.4,45.0
TXN_000140,2021-01-07,Jul-21,MULBERRIES BOUTIQUE,J0115,J0115-TP-XXL,XXL,Robe/Jupe,1.0,519.0,519.0,285.45,233.55,45.0
TXN_000141,2021-01-07,Jul-21,MULBERRIES BOUTIQUE,J0196,J0196-TP-XXL,XXL,Robe/Jupe,1.0,519.0,519.0,285.45,233.55,45.0
TXN_000142,2021-01-07,Jul-21,MULBERRIES BOUTIQUE,JNE3669,JNE3669-TU-XXL,XXL,Robe/Jupe,1.0,487.0,487.0,267.85,219.15,45.0
TXN_000143,2021-01-07,Jul-21,MULBERRIES BOUTIQUE,JNE3672,JNE3672-TU-XXL,XXL,Robe/Jupe,1.0,487.0,487.0,267.85,219.15,45.0
TXN_000144,2021-01-07,Jul-21,MULBERRIES BOUTIQUE,JNE3678,JNE3678-TU-XXL,XXL,Robe/Jupe,1.0,422.0,422.0,232.1,189.9,45.0
TXN_000145,2021-01-07,Jul-21,MULBERRIES BOUTIQUE,J0202,J0202-TP-XXL,XXL,Robe/Jupe,1.0,649.0,649.0,356.95,292.05,45.0
TXN_000146,2021-01-07,Jul-21,MULBERRIES BOUTIQUE,J0214,J0214-TP-XXL,XXL,Robe/Jupe,1.0,649.0,649.0,356.95,292.05,45.0
TXN_000147,2021-01-07,Jul-21,MULBERRIES BOUTIQUE,JNE3686,JNE3686-TU-XXL,XXL,Robe/Jupe,1.0,487.0,487.0,267.85,219.15,45.0
TXN_000148,2021-01-07,Jul-21,MULBERRIES BOUTIQUE,NW009,NW009-ST-CP-M,M,Autre,1.0,812.0,812.0,446.6,365.4,45.0
TXN_000149,2021-01-07,Jul-21,MULBERRIES BOUTIQUE,J0201,J0201-TP-XXL,XXL,Robe/Jupe,2.0,584.0,1168.0,642.4,525.6,45.0
TXN_000150,2021-01-07,Jul-21,MULBERRIES BOUTIQUE,J0210,J0210-DR-S,S,Robe/Jupe,1.0,877.0,877.0,482.35,394.65,45.0
TXN_000151,2021-01-07,Jul-21,MULBERRIES BOUTIQUE,J0210,J0210-DR-M,M,Robe/Jupe,1.0,877.0,877.0,482.35,394.65,45.0
TXN_000152,2021-01-07,Jul-21,MULBERRIES BOUTIQUE,J0210,J0210-DR-L,L,Robe/Jupe,1.0,877.0,877.0,482.35,394.65,45.0
TXN_000153,2021-01-07,Jul-21,MULBERRIES BOUTIQUE,J0210,J0210-DR-XL1J0210-DR-XL,XL,Robe/Jupe,1.0,877.0,877.0,482.35,394.65,45.0
TXN_000154,2021-01-07,Jul-21,MULBERRIES BOUTIQUE,J0210,J0210-DR-XXL,XXL,Robe/Jupe,1.0,877.0,877.0,482.35,394.65,45.0
TXN_000155,2021-01-07,Jul-21,MULBERRIES BOUTIQUE,J0211,J0211-DR-S,S,Robe/Jupe,1.0,779.0,779.0,428.45,350.55,45.0
TXN_000156,2021-01-07,Jul-21,MULBERRIES BOUTIQUE,J0211,J0211-DR-M,M,Robe/Jupe,1.0,779.0,779.0,428.45,350.55,45.0
TXN_000157,2021-01-07,Jul-21,MULBERRIES BOUTIQUE,J0211,J0211-DR-L,L,Robe/Jupe,1.0,779.0,779.0,428.45,350.55,45.0
TXN_000158,2021-01-07,Jul-21,MULBERRIES BOUTIQUE,J0211,J0211-DR-XL,XL,Robe/Jupe,1.0,779.0,779.0,428.45,350.55,45.0
TXN_000159,2021-01-07,Jul-21,MULBERRIES BOUTIQUE,J0211,J0211-DR-XXL,XXL,Robe/Jupe,1.0,779.0,779.0,428.45,350.55,45.0
TXN_000160,2021-01-07,Jul-21,MULBERRIES BOUTIQUE,J0353,J0353-KR-S,S,Robe/Jupe,1.0,617.0,617.0,339.35,277.65,45.0
TXN_000162,2021-01-07,Jul-21,MULBERRIES BOUTIQUE,J0353,J0353-KR-L,L,Robe/Jupe,1.0,617.0,617.0,339.35,277.65,45.0
TXN_000191,2021-01-07,Jul-21,MULBERRIES BOUTIQUE,SET243,SET243-KR-PP-M,M,Ensemble,1.0,649.0,649.0,356.95,292.05,45.0
TXN_000184,2021-01-07,Jul-21,MULBERRIES BOUTIQUE,J0004,J0004-SKD-XXL,XXL,Robe/Jupe,1.0,1234.0,1234.0,678.7,555.3,45.0
TXN_000193,2021-01-07,Jul-21,MULBERRIES BOUTIQUE,SET243,SET243-KR-PP-XL,XL,Ensemble,1.0,649.0,649.0,356.95,292.05,45.0
TXN_000213,2021-01-07,Jul-21,MULBERRIES BOUTIQUE,SET043,SET043-KR-NP-XL,XL,Ensemble,1.0,974.0,974.0,535.7,438.3,45.0
TXN_000214,2021-01-07,Jul-21,MULBERRIES BOUTIQUE,SET043,SET043-KR-NP-XXL,XXL,Ensemble,1.0,974.0,974.0,535.7,438.3,45.0
TXN_000215,2021-01-07,Jul-21,MULBERRIES BOUTIQUE,J0135,J0135-SET-S,S,Robe/Jupe,1.0,844.0,844.0,464.2,379.8,45.0
TXN_000216,2021-01-07,Jul-21,MULBERRIES BOUTIQUE,J0135,J0135-SET-M,M,Robe/Jupe,1.0,844.0,844.0,464.2,379.8,45.0
TXN_000217,2021-01-07,Jul-21,MULBERRIES BOUTIQUE,J0135,J0135-SET-L,L,Robe/Jupe,1.0,844.0,844.0,464.2,379.8,45.0
TXN_000218,2021-01-07,Jul-21,MULBERRIES BOUTIQUE,J0135,J0135-SET-XL,XL,Robe/Jupe,1.0,844.0,844.0,464.2,379.8,45.0
TXN_000219,2021-01-07,Jul-21,MULBERRIES BOUTIQUE,J0135,J0135-SET-XXL,XXL,Robe/Jupe,1.0,844.0,844.0,464.2,379.8,45.0
TXN_000220,2021-01-07,Jul-21,MULBERRIES BOUTIQUE,J0130,J0130-SET-S,S,Robe/Jupe,1.0,974.0,974.0,535.7,438.3,45.0
TXN_000221,2021-01-07,Jul-21,MULBERRIES BOUTIQUE,J0130,J0130-SET-M,M,Robe/Jupe,1.0,974.0,974.0,535.7,438.3,45.0
TXN_000222,2021-01-07,Jul-21,MULBERRIES BOUTIQUE,J0130,J0130-SET-L.,L,Robe/Jupe,1.0,974.0,974.0,535.7,438.3,45.0
TXN_000223,2021-01-07,Jul-21,MULBERRIES BOUTIQUE,J0130,J0130-SET-XL,XL,Robe/Jupe,1.0,974.0,974.0,535.7,438.3,45.0
TXN_000192,2021-01-07,Jul-21,MULBERRIES BOUTIQUE,SET243,SET243-KR-PP-L,L,Ensemble,1.0,649.0,649.0,356.95,292.05,45.0
TXN_000225,2021-01-07,Jul-21,MULBERRIES BOUTIQUE,J0129,J0129-SET-S,S,Robe/Jupe,1.0,1104.0,1104.0,607.2,496.8,45.0
TXN_000226,2021-01-07,Jul-21,MULBERRIES BOUTIQUE,J0129,J0129-SET-M,M,Robe/Jupe,1.0,1104.0,1104.0,607.2,496.8,45.0
TXN_000227,2021-01-07,Jul-21,MULBERRIES BOUTIQUE,J0129,J0129-SET-L,L,Robe/Jupe,1.0,1104.0,1104.0,607.2,496.8,45.0
TXN_000228,2021-01-07,Jul-21,MULBERRIES BOUTIQUE,J0129,J0129-SET-XL,XL,Robe/Jupe,1.0,1104.0,1104.0,607.2,496.8,45.0
TXN_000229,2021-01-07,Jul-21,MULBERRIES BOUTIQUE,J0129,J0129-SET-XXL,XXL,Robe/Jupe,1.0,1104.0,1104.0,607.2,496.8,45.0
TXN_000212,2021-01-07,Jul-21,MULBERRIES BOUTIQUE,SET043,SET043-KR-NP-L,L,Ensemble,1.0,974.0,974.0,535.7,438.3,45.0
TXN_000211,2021-01-07,Jul-21,MULBERRIES BOUTIQUE,SET043,SET043-KR-NP-M,M,Ensemble,1.0,974.0,974.0,535.7,438.3,45.0
TXN_000224,2021-01-07,Jul-21,MULBERRIES BOUTIQUE,J0130,J0130-SET-XXL,XXL,Robe/Jupe,1.0,974.0,974.0,535.7,438.3,45.0
TXN_000209,2021-01-07,Jul-21,MULBERRIES BOUTIQUE,SET145,SET145-KR-NP-XXL,XXL,Ensemble,1.0,877.0,877.0,482.35,394.65,45.0
TXN_000210,2021-01-07,Jul-21,MULBERRIES BOUTIQUE,SET043,SET043-KR-NP-S,S,Ensemble,1.0,974.0,974.0,535.7,438.3,45.0
TXN_000194,2021-01-07,Jul-21,MULBERRIES BOUTIQUE,SET243,SET243-KR-PP-XXL,XXL,Ensemble,1.0,649.0,649.0,356.95,292.05,45.0
TXN_000195,2021-01-07,Jul-21,MULBERRIES BOUTIQUE,SET182,SET182-KR-DH-S,S,Ensemble,1.0,779.0,779.0,428.45,350.55,45.0
TXN_000197,2021-01-07,Jul-21,MULBERRIES BOUTIQUE,SET182,SET182-KR-DH-L,L,Ensemble,1.0,779.0,779.0,428.45,350.55,45.0
TXN_000198,2021-01-07,Jul-21,MULBERRIES BOUTIQUE,SET182,SET182-KR-DH-XL,XL,Ensemble,1.0,779.0,779.0,428.45,350.55,45.0
TXN_000199,2021-01-07,Jul-21,MULBERRIES BOUTIQUE,SET182,SET182-KR-DH-XXL,XXL,Ensemble,1.0,779.0,779.0,428.45,350.55,45.0
TXN_000200,2021-01-07,Jul-21,MULBERRIES BOUTIQUE,SET229,SET229-KR-PP-S,S,Ensemble,1.0,942.0,942.0,518.1,423.9,45.0
TXN_000201,2021-01-07,Jul-21,MULBERRIES BOUTIQUE,SET229,SET229-KR-PP-M,M,Ensemble,1.0,942.0,942.0,518.1,423.9,45.0
TXN_000196,2021-01-07,Jul-21,MULBERRIES BOUTIQUE,SET182,SET182-KR-DH-M,M,Ensemble,1.0,779.0,779.0,428.45,350.55,45.0
TXN_000203,2021-01-07,Jul-21,MULBERRIES BOUTIQUE,SET229,SET229-KR-PP-XL,XL,Ensemble,1.0,942.0,942.0,518.1,423.9,45.0
TXN_000204,2021-01-07,Jul-21,MULBERRIES BOUTIQUE,SET229,SET229-KR-PP-XXL,XXL,Ensemble,1.0,942.0,942.0,518.1,423.9,45.0
TXN_000205,2021-01-07,Jul-21,MULBERRIES BOUTIQUE,SET145,SET145-KR-NP-S,S,Ensemble,1.0,877.0,877.0,482.35,394.65,45.0
TXN_000206,2021-01-07,Jul-21,MULBERRIES BOUTIQUE,SET145,SET145-KR-NP-M,M,Ensemble,1.0,877.0,877.0,482.35,394.65,45.0
TXN_000207,2021-01-07,Jul-21,MULBERRIES BOUTIQUE,SET145,SET145-KR-NP-L,L,Ensemble,1.0,877.0,877.0,482.35,394.65,45.0
TXN_000202,2021-01-07,Jul-21,MULBERRIES BOUTIQUE,SET229,SET229-KR-PP-L,L,Ensemble,1.0,942.0,942.0,518.1,423.9,45.0
TXN_000208,2021-01-07,Jul-21,MULBERRIES BOUTIQUE,SET145,SET145-KR-NP-XL,XL,Ensemble,1.0,877.0,877.0,482.35,394.65,45.0
TXN_003959,2021-01-10,Oct-21,KOGILA SELLAPPAN,SET251,SET251-KR-PP-XS,XS,Ensemble,1.0,825.0,825.0,453.75,371.25,45.0
TXN_003960,2021-01-10,Oct-21,KOGILA SELLAPPAN,BTM002,BTM002-S,S,Autre,1.0,315.0,315.0,173.25,141.75,45.0
TXN_003961,2021-01-10,Oct-21,KOGILA SELLAPPAN,JNE3546,JNE3546-KR-XXXL,XXXL,Robe/Jupe,1.0,431.0,431.0,237.05,193.95,45.0
TXN_003962,2021-01-10,Oct-21,KOGILA SELLAPPAN,SET251,SET251-KR-PP-XXL,XXL,Ensemble,1.0,825.0,825.0,453.75,371.25,45.0
TXN_003963,2021-01-10,Oct-21,KOGILA SELLAPPAN,SET252,SET252-KR-PP-XXXL,XXXL,Ensemble,1.0,825.0,825.0,453.75,371.25,45.0
TXN_003966,2021-01-10,Oct-21,KOGILA SELLAPPAN,BTM002,BTM002-S,S,Autre,1.0,315.0,315.0,173.25,141.75,45.0
TXN_003965,2021-01-10,Oct-21,KOGILA SELLAPPAN,BTM039,BTM039-PP-S,S,Autre,1.0,428.0,428.0,235.4,192.6,45.0
TXN_003967,2021-01-10,Oct-21,KOGILA SELLAPPAN,BTM039,BTM039-PP-M,M,Autre,1.0,428.0,428.0,235.4,192.6,45.0
TXN_003968,2021-01-10,Oct-21,VISHAL DARSHAN BOUTIQUE,MEN5029,MEN5029-KR-S,S,Homme,2.0,499.0,998.0,548.9,449.1,45.0
TXN_003958,2021-01-10,Oct-21,KOGILA SELLAPPAN,J0147,J0147-SET-M,M,Robe/Jupe,3.0,903.0,2709.0,1489.95,1219.05,45.0
TXN_003970,2021-01-10,Oct-21,VISHAL DARSHAN BOUTIQUE,MEN5029,MEN5029-KR-XL,XL,Homme,1.0,499.0,499.0,274.45,224.55,45.0
TXN_003969,2021-01-10,Oct-21,VISHAL DARSHAN BOUTIQUE,MEN5029,MEN5029-KR-L,L,Homme,3.0,499.0,1497.0,823.35,673.65,45.0
TXN_003964,2021-01-10,Oct-21,KOGILA SELLAPPAN,JNE3560,JNE3560-KR-M,M,Robe/Jupe,1.0,450.0,450.0,247.5,202.5,45.0
TXN_001555,2021-01-10,Oct-21,VISHAL DARSHAN BOUTIQUE,SET268,SET268-KR-NP-M,M,Ensemble,2.0,931.0,1862.0,1024.1,837.9,45.0
TXN_001547,2021-01-10,Oct-21,VISHAL DARSHAN BOUTIQUE,MEN5014,MEN5014-KR-XXL,XXL,Homme,1.0,561.0,561.0,308.55,252.45,45.0
TXN_001553,2021-01-10,Oct-21,VISHAL DARSHAN BOUTIQUE,JNE2100,JNE2100-KR-144-XXXL,XXXL,Robe/Jupe,1.0,469.0,469.0,257.95,211.05,45.0
TXN_001552,2021-01-10,Oct-21,VISHAL DARSHAN BOUTIQUE,JNE2100,JNE2100-KR-144-XXL,XXL,Robe/Jupe,1.0,469.0,469.0,257.95,211.05,45.0
TXN_001551,2021-01-10,Oct-21,VISHAL DARSHAN BOUTIQUE,JNE2100,JNE2100-KR-144-XL,XL,Robe/Jupe,1.0,469.0,469.0,257.95,211.05,45.0
TXN_001550,2021-01-10,Oct-21,VISHAL DARSHAN BOUTIQUE,JNE2100,JNE2100-KR-144-L,L,Robe/Jupe,1.0,469.0,469.0,257.95,211.05,45.0
TXN_001549,2021-01-10,Oct-21,VISHAL DARSHAN BOUTIQUE,JNE2100,JNE2100-KR-144-M,M,Robe/Jupe,2.0,469.0,938.0,515.9,422.1,45.0
TXN_001548,2021-01-10,Oct-21,VISHAL DARSHAN BOUTIQUE,JNE2100,JNE2100-KR-144-S,S,Robe/Jupe,2.0,469.0,938.0,515.9,422.1,45.0
TXN_001546,2021-01-10,Oct-21,VISHAL DARSHAN BOUTIQUE,MEN5014,MEN5014-KR-XL,XL,Homme,1.0,561.0,561.0,308.55,252.45,45.0
TXN_001545,2021-01-10,Oct-21,VISHAL DARSHAN BOUTIQUE,MEN5014,MEN5014-KR-L,L,Homme,1.0,561.0,561.0,308.55,252.45,45.0
TXN_001544,2021-01-10,Oct-21,VISHAL DARSHAN BOUTIQUE,MEN5014,MEN5014-KR-M,M,Homme,2.0,561.0,1122.0,617.1,504.9,45.0
TXN_001543,2021-01-10,Oct-21,VISHAL DARSHAN BOUTIQUE,MEN5014,MEN5014-KR-S,S,Homme,2.0,561.0,1122.0,617.1,504.9,45.0
TXN_003957,2021-01-10,Oct-21,KOGILA SELLAPPAN,BTM002,BTM002-M,M,Autre,1.0,315.0,315.0,173.25,141.75,45.0
TXN_003971,2021-01-10,Oct-21,VISHAL DARSHAN BOUTIQUE,MEN5029,MEN5029-KR-XXL,XXL,Homme,1.0,499.0,499.0,274.45,224.55,45.0
TXN_001558,2021-01-10,Oct-21,VISHAL DARSHAN BOUTIQUE,SET268,SET268-KR-NP-XXL,XXL,Ensemble,1.0,931.0,931.0,512.05,418.95,45.0
TXN_001554,2021-01-10,Oct-21,VISHAL DARSHAN BOUTIQUE,SET268,SET268-KR-NP-S,S,Ensemble,2.0,931.0,1862.0,1024.1,837.9,45.0
TXN_003972,2021-01-10,Oct-21,VISHAL DARSHAN BOUTIQUE,MEN5003,MEN5003-KR-S,S,Homme,2.0,524.0,1048.0,576.4,471.6,45.0
TXN_003973,2021-01-10,Oct-21,VISHAL DARSHAN BOUTIQUE,MEN5003,MEN5003-KR-M,M,Homme,3.0,524.0,1572.0,864.6,707.4,45.0
TXN_003974,2021-01-10,Oct-21,VISHAL DARSHAN BOUTIQUE,MEN5003,MEN5003-KR-XXL,XXL,Homme,1.0,524.0,524.0,288.2,235.8,45.0
TXN_001530,2021-01-10,Oct-21,VISHAL DARSHAN BOUTIQUE,J0246,J0246-SKD-M,M,Robe/Jupe,2.0,1328.0,2656.0,1460.8,1195.2,45.0
TXN_001531,2021-01-10,Oct-21,VISHAL DARSHAN BOUTIQUE,J0246,J0246-SKD-L,L,Robe/Jupe,1.0,1328.0,1328.0,730.4,597.6,45.0
TXN_001532,2021-01-10,Oct-21,VISHAL DARSHAN BOUTIQUE,J0246,J0246-SKD-XL,XL,Robe/Jupe,1.0,1328.0,1328.0,730.4,597.6,45.0
TXN_001533,2021-01-10,Oct-21,VISHAL DARSHAN BOUTIQUE,J0246,J0246-SKD-XXL,XXL,Robe/Jupe,1.0,1328.0,1328.0,730.4,597.6,45.0
TXN_001534,2021-01-10,Oct-21,VISHAL DARSHAN BOUTIQUE,J0246,J0246-SKD-XXXL,XXXL,Robe/Jupe,1.0,1328.0,1328.0,730.4,597.6,45.0
TXN_001535,2021-01-10,Oct-21,VISHAL DARSHAN BOUTIQUE,J0012,J0012-SKD-S,S,Robe/Jupe,2.0,1406.0,2812.0,1546.6,1265.4,45.0
TXN_001536,2021-01-10,Oct-21,VISHAL DARSHAN BOUTIQUE,J0012,J0012-SKD-M,M,Robe/Jupe,2.0,1406.0,2812.0,1546.6,1265.4,45.0
TXN_001537,2021-01-10,Oct-21,VISHAL DARSHAN BOUTIQUE,J0012,J0012-SKD-L,L,Robe/Jupe,1.0,1406.0,1406.0,773.3,632.7,45.0
TXN_001538,2021-01-10,Oct-21,VISHAL DARSHAN BOUTIQUE,J0012,J0012-SKD-XL,XL,Robe/Jupe,1.0,1406.0,1406.0,773.3,632.7,45.0
TXN_001539,2021-01-10,Oct-21,VISHAL DARSHAN BOUTIQUE,J0012,J0012-SKD-XXL,XXL,Robe/Jupe,1.0,1406.0,1406.0,773.3,632.7,45.0
TXN_001529,2021-01-10,Oct-21,VISHAL DARSHAN BOUTIQUE,J0246,J0246-SKD-S,S,Robe/Jupe,2.0,1328.0,2656.0,1460.8,1195.2,45.0
TXN_001540,2021-01-10,Oct-21,VISHAL DARSHAN BOUTIQUE,J0012,J0012-SKD-XXXL,XXXL,Robe/Jupe,1.0,1406.0,1406.0,773.3,632.7,45.0
TXN_001542,2021-01-10,Oct-21,VISHAL DARSHAN BOUTIQUE,J0009,J0009-SKD-XXXL,XXXL,Robe/Jupe,1.0,1133.0,1133.0,623.15,509.85,45.0
TXN_001570,2021-01-10,Oct-21,VISHAL DARSHAN BOUTIQUE,SET266,SET266-KR-NP-XXXL,XXXL,Ensemble,1.0,931.0,931.0,512.05,418.95,45.0
TXN_001556,2021-01-10,Oct-21,VISHAL DARSHAN BOUTIQUE,SET268,SET268-KR-NP-L,L,Ensemble,1.0,931.0,931.0,512.05,418.95,45.0
TXN_001568,2021-01-10,Oct-21,VISHAL DARSHAN BOUTIQUE,SET266,SET266-KR-NP-XL,XL,Ensemble,1.0,931.0,931.0,512.05,418.95,45.0
TXN_001567,2021-01-10,Oct-21,VISHAL DARSHAN BOUTIQUE,SET266,SET266-KR-NP-L,L,Ensemble,1.0,931.0,931.0,512.05,418.95,45.0
TXN_001566,2021-01-10,Oct-21,VISHAL DARSHAN BOUTIQUE,JNE3741,JNE3741-KR-XXXL,XXXL,Robe/Jupe,1.0,494.0,494.0,271.7,222.3,45.0
TXN_001565,2021-01-10,Oct-21,VISHAL DARSHAN BOUTIQUE,JNE3741,JNE3741-KR-XXL,XXL,Robe/Jupe,1.0,494.0,494.0,271.7,222.3,45.0
TXN_001564,2021-01-10,Oct-21,VISHAL DARSHAN BOUTIQUE,JNE3741,JNE3741-KR-XL,XL,Robe/Jupe,1.0,494.0,494.0,271.7,222.3,45.0
TXN_001563,2021-01-10,Oct-21,VISHAL DARSHAN BOUTIQUE,JNE3741,JNE3741-KR-L,L,Robe/Jupe,1.0,494.0,494.0,271.7,222.3,45.0
TXN_001562,2021-01-10,Oct-21,VISHAL DARSHAN BOUTIQUE,JNE3741,JNE3741-KR-M,M,Robe/Jupe,2.0,494.0,988.0,543.4,444.6,45.0
TXN_001541,2021-01-10,Oct-21,VISHAL DARSHAN BOUTIQUE,J0009,J0009-SKD-XXL,XXL,Robe/Jupe,3.0,1133.0,3399.0,1869.45,1529.55,45.0
TXN_001528,2021-01-10,Oct-21,VISHAL DARSHAN BOUTIQUE,MEN5027,MEN5027-KR-XXL,XXL,Homme,1.0,499.0,499.0,274.45,224.55,45.0
TXN_001527,2021-01-10,Oct-21,VISHAL DARSHAN BOUTIQUE,MEN5027,MEN5027-KR-XL,XL,Homme,1.0,499.0,499.0,274.45,224.55,45.0
TXN_001526,2021-01-10,Oct-21,VISHAL DARSHAN BOUTIQUE,MEN5027,MEN5027-KR-L,L,Homme,1.0,499.0,499.0,274.45,224.55,45.0
TXN_001503,2021-01-10,Oct-21,KOGILA SELLAPPAN,BTM002,BTM002-M,M,Autre,1.0,315.0,315.0,173.25,141.75,45.0
TXN_001504,2021-01-10,Oct-21,KOGILA SELLAPPAN,J0147,J0147-SET-M,M,Robe/Jupe,3.0,903.0,2709.0,1489.95,1219.05,45.0
TXN_001505,2021-01-10,Oct-21,KOGILA SELLAPPAN,SET251,SET251-KR-PP-XS,XS,Ensemble,1.0,825.0,825.0,453.75,371.25,45.0
TXN_001506,2021-01-10,Oct-21,KOGILA SELLAPPAN,BTM002,BTM002-S,S,Autre,1.0,315.0,315.0,173.25,141.75,45.0
TXN_001507,2021-01-10,Oct-21,KOGILA SELLAPPAN,JNE3546,JNE3546-KR-XXXL,XXXL,Robe/Jupe,1.0,431.0,431.0,237.05,193.95,45.0
TXN_001508,2021-01-10,Oct-21,KOGILA SELLAPPAN,SET251,SET251-KR-PP-XXL,XXL,Ensemble,1.0,825.0,825.0,453.75,371.25,45.0
TXN_001509,2021-01-10,Oct-21,KOGILA SELLAPPAN,SET252,SET252-KR-PP-XXXL,XXXL,Ensemble,1.0,825.0,825.0,453.75,371.25,45.0
TXN_001510,2021-01-10,Oct-21,KOGILA SELLAPPAN,JNE3560,JNE3560-KR-M,M,Robe/Jupe,1.0,450.0,450.0,247.5,202.5,45.0
TXN_001511,2021-01-10,Oct-21,KOGILA SELLAPPAN,BTM039,BTM039-PP-S,S,Autre,1.0,428.0,428.0,235.4,192.6,45.0
TXN_001512,2021-01-10,Oct-21,KOGILA SELLAPPAN,BTM002,BTM002-S,S,Autre,1.0,315.0,315.0,173.25,141.75,45.0
TXN_001513,2021-01-10,Oct-21,KOGILA SELLAPPAN,BTM039,BTM039-PP-M,M,Autre,1.0,428.0,428.0,235.4,192.6,45.0
TXN_001514,2021-01-10,Oct-21,VISHAL DARSHAN BOUTIQUE,MEN5029,MEN5029-KR-S,S,Homme,2.0,499.0,998.0,548.9,449.1,45.0
TXN_001515,2021-01-10,Oct-21,VISHAL DARSHAN BOUTIQUE,MEN5029,MEN5029-KR-L,L,Homme,3.0,499.0,1497.0,823.35,673.65,45.0
TXN_001516,2021-01-10,Oct-21,VISHAL DARSHAN BOUTIQUE,MEN5029,MEN5029-KR-XL,XL,Homme,1.0,499.0,499.0,274.45,224.55,45.0
TXN_001517,2021-01-10,Oct-21,VISHAL DARSHAN BOUTIQUE,MEN5029,MEN5029-KR-XXL,XXL,Homme,1.0,499.0,499.0,274.45,224.55,45.0
TXN_001518,2021-01-10,Oct-21,VISHAL DARSHAN BOUTIQUE,MEN5003,MEN5003-KR-S,S,Homme,2.0,524.0,1048.0,576.4,471.6,45.0
TXN_001519,2021-01-10,Oct-21,VISHAL DARSHAN BOUTIQUE,MEN5003,MEN5003-KR-M,M,Homme,3.0,524.0,1572.0,864.6,707.4,45.0
TXN_001520,2021-01-10,Oct-21,VISHAL DARSHAN BOUTIQUE,MEN5003,MEN5003-KR-XXL,XXL,Homme,1.0,524.0,524.0,288.2,235.8,45.0
TXN_001521,2021-01-10,Oct-21,VISHAL DARSHAN BOUTIQUE,MEN5013,MEN5013-KR-S,S,Homme,2.0,561.0,1122.0,617.1,504.9,45.0
TXN_001522,2021-01-10,Oct-21,VISHAL DARSHAN BOUTIQUE,MEN5013,MEN5013-KR-XL,XL,Homme,3.0,561.0,1683.0,925.65,757.35,45.0
TXN_001523,2021-01-10,Oct-21,VISHAL DARSHAN BOUTIQUE,MEN5013,MEN5013-KR-XXL,XXL,Homme,1.0,561.0,561.0,308.55,252.45,45.0
TXN_001524,2021-01-10,Oct-21,VISHAL DARSHAN BOUTIQUE,MEN5027,MEN5027-KR-S,S,Homme,2.0,499.0,998.0,548.9,449.1,45.0
TXN_001525,2021-01-10,Oct-21,VISHAL DARSHAN BOUTIQUE,MEN5027,MEN5027-KR-M,M,Homme,2.0,499.0,998.0,548.9,449.1,45.0
TXN_001561,2021-01-10,Oct-21,VISHAL DARSHAN BOUTIQUE,JNE3741,JNE3741-KR-S,S,Robe/Jupe,2.0,494.0,988.0,543.4,444.6,45.0
TXN_001560,2021-01-10,Oct-21,VISHAL DARSHAN BOUTIQUE,SET267,SET267-KR-NP-XXL,XXL,Ensemble,3.0,931.0,2793.0,1536.15,1256.85,45.0
TXN_001569,2021-01-10,Oct-21,VISHAL DARSHAN BOUTIQUE,SET266,SET266-KR-NP-XXL,XXL,Ensemble,1.0,931.0,931.0,512.05,418.95,45.0
TXN_004024,2021-01-10,Oct-21,VISHAL DARSHAN BOUTIQUE,SET266,SET266-KR-NP-XXXL,XXXL,Ensemble,1.0,931.0,931.0,512.05,418.95,45.0
TXN_004005,2021-01-10,Oct-21,VISHAL DARSHAN BOUTIQUE,JNE2100,JNE2100-KR-144-XL,XL,Robe/Jupe,1.0,469.0,469.0,257.95,211.05,45.0
TXN_004004,2021-01-10,Oct-21,VISHAL DARSHAN BOUTIQUE,JNE2100,JNE2100-KR-144-L,L,Robe/Jupe,1.0,469.0,469.0,257.95,211.05,45.0
TXN_004003,2021-01-10,Oct-21,VISHAL DARSHAN BOUTIQUE,JNE2100,JNE2100-KR-144-M,M,Robe/Jupe,2.0,469.0,938.0,515.9,422.1,45.0
TXN_004002,2021-01-10,Oct-21,VISHAL DARSHAN BOUTIQUE,JNE2100,JNE2100-KR-144-S,S,Robe/Jupe,2.0,469.0,938.0,515.9,422.1,45.0
TXN_004001,2021-01-10,Oct-21,VISHAL DARSHAN BOUTIQUE,MEN5014,MEN5014-KR-XXL,XXL,Homme,1.0,561.0,561.0,308.55,252.45,45.0
TXN_004000,2021-01-10,Oct-21,VISHAL DARSHAN BOUTIQUE,MEN5014,MEN5014-KR-XL,XL,Homme,1.0,561.0,561.0,308.55,252.45,45.0
TXN_003999,2021-01-10,Oct-21,VISHAL DARSHAN BOUTIQUE,MEN5014,MEN5014-KR-L,L,Homme,1.0,561.0,561.0,308.55,252.45,45.0
TXN_003998,2021-01-10,Oct-21,VISHAL DARSHAN BOUTIQUE,MEN5014,MEN5014-KR-M,M,Homme,2.0,561.0,1122.0,617.1,504.9,45.0
TXN_003997,2021-01-10,Oct-21,VISHAL DARSHAN BOUTIQUE,MEN5014,MEN5014-KR-S,S,Homme,2.0,561.0,1122.0,617.1,504.9,45.0
TXN_003996,2021-01-10,Oct-21,VISHAL DARSHAN BOUTIQUE,J0009,J0009-SKD-XXXL,XXXL,Robe/Jupe,1.0,1133.0,1133.0,623.15,509.85,45.0
TXN_003995,2021-01-10,Oct-21,VISHAL DARSHAN BOUTIQUE,J0009,J0009-SKD-XXL,XXL,Robe/Jupe,3.0,1133.0,3399.0,1869.45,1529.55,45.0
TXN_003994,2021-01-10,Oct-21,VISHAL DARSHAN BOUTIQUE,J0012,J0012-SKD-XXXL,XXXL,Robe/Jupe,1.0,1406.0,1406.0,773.3,632.7,45.0
TXN_003993,2021-01-10,Oct-21,VISHAL DARSHAN BOUTIQUE,J0012,J0012-SKD-XXL,XXL,Robe/Jupe,1.0,1406.0,1406.0,773.3,632.7,45.0
TXN_003992,2021-01-10,Oct-21,VISHAL DARSHAN BOUTIQUE,J0012,J0012-SKD-XL,XL,Robe/Jupe,1.0,1406.0,1406.0,773.3,632.7,45.0
TXN_003991,2021-01-10,Oct-21,VISHAL DARSHAN BOUTIQUE,J0012,J0012-SKD-L,L,Robe/Jupe,1.0,1406.0,1406.0,773.3,632.7,45.0
TXN_003990,2021-01-10,Oct-21,VISHAL DARSHAN BOUTIQUE,J0012,J0012-SKD-M,M,Robe/Jupe,2.0,1406.0,2812.0,1546.6,1265.4,45.0
TXN_003989,2021-01-10,Oct-21,VISHAL DARSHAN BOUTIQUE,J0012,J0012-SKD-S,S,Robe/Jupe,2.0,1406.0,2812.0,1546.6,1265.4,45.0
TXN_003975,2021-01-10,Oct-21,VISHAL DARSHAN BOUTIQUE,MEN5013,MEN5013-KR-S,S,Homme,2.0,561.0,1122.0,617.1,504.9,45.0
TXN_003976,2021-01-10,Oct-21,VISHAL DARSHAN BOUTIQUE,MEN5013,MEN5013-KR-XL,XL,Homme,3.0,561.0,1683.0,925.65,757.35,45.0
TXN_003977,2021-01-10,Oct-21,VISHAL DARSHAN BOUTIQUE,MEN5013,MEN5013-KR-XXL,XXL,Homme,1.0,561.0,561.0,308.55,252.45,45.0
TXN_003978,2021-01-10,Oct-21,VISHAL DARSHAN BOUTIQUE,MEN5027,MEN5027-KR-S,S,Homme,2.0,499.0,998.0,548.9,449.1,45.0
TXN_003979,2021-01-10,Oct-21,VISHAL DARSHAN BOUTIQUE,MEN5027,MEN5027-KR-M,M,Homme,2.0,499.0,998.0,548.9,449.1,45.0
TXN_003980,2021-01-10,Oct-21,VISHAL DARSHAN BOUTIQUE,MEN5027,MEN5027-KR-L,L,Homme,1.0,499.0,499.0,274.45,224.55,45.0
TXN_004006,2021-01-10,Oct-21,VISHAL DARSHAN BOUTIQUE,JNE2100,JNE2100-KR-144-XXL,XXL,Robe/Jupe,1.0,469.0,469.0,257.95,211.05,45.0
TXN_003981,2021-01-10,Oct-21,VISHAL DARSHAN BOUTIQUE,MEN5027,MEN5027-KR-XL,XL,Homme,1.0,499.0,499.0,274.45,224.55,45.0
TXN_003983,2021-01-10,Oct-21,VISHAL DARSHAN BOUTIQUE,J0246,J0246-SKD-S,S,Robe/Jupe,2.0,1328.0,2656.0,1460.8,1195.2,45.0
TXN_003984,2021-01-10,Oct-21,VISHAL DARSHAN BOUTIQUE,J0246,J0246-SKD-M,M,Robe/Jupe,2.0,1328.0,2656.0,1460.8,1195.2,45.0
TXN_003985,2021-01-10,Oct-21,VISHAL DARSHAN BOUTIQUE,J0246,J0246-SKD-L,L,Robe/Jupe,1.0,1328.0,1328.0,730.4,597.6,45.0
TXN_003986,2021-01-10,Oct-21,VISHAL DARSHAN BOUTIQUE,J0246,J0246-SKD-XL,XL,Robe/Jupe,1.0,1328.0,1328.0,730.4,597.6,45.0
TXN_003987,2021-01-10,Oct-21,VISHAL DARSHAN BOUTIQUE,J0246,J0246-SKD-XXL,XXL,Robe/Jupe,1.0,1328.0,1328.0,730.4,597.6,45.0
TXN_003988,2021-01-10,Oct-21,VISHAL DARSHAN BOUTIQUE,J0246,J0246-SKD-XXXL,XXXL,Robe/Jupe,1.0,1328.0,1328.0,730.4,597.6,45.0
TXN_003982,2021-01-10,Oct-21,VISHAL DARSHAN BOUTIQUE,MEN5027,MEN5027-KR-XXL,XXL,Homme,1.0,499.0,499.0,274.45,224.55,45.0
TXN_004007,2021-01-10,Oct-21,VISHAL DARSHAN BOUTIQUE,JNE2100,JNE2100-KR-144-XXXL,XXXL,Robe/Jupe,1.0,469.0,469.0,257.95,211.05,45.0
TXN_004008,2021-01-10,Oct-21,VISHAL DARSHAN BOUTIQUE,SET268,SET268-KR-NP-S,S,Ensemble,2.0,931.0,1862.0,1024.1,837.9,45.0
TXN_004009,2021-01-10,Oct-21,VISHAL DARSHAN BOUTIQUE,SET268,SET268-KR-NP-M,M,Ensemble,2.0,931.0,1862.0,1024.1,837.9,45.0
TXN_004023,2021-01-10,Oct-21,VISHAL DARSHAN BOUTIQUE,SET266,SET266-KR-NP-XXL,XXL,Ensemble,1.0,931.0,931.0,512.05,418.95,45.0
TXN_004022,2021-01-10,Oct-21,VISHAL DARSHAN BOUTIQUE,SET266,SET266-KR-NP-XL,XL,Ensemble,1.0,931.0,931.0,512.05,418.95,45.0
TXN_004021,2021-01-10,Oct-21,VISHAL DARSHAN BOUTIQUE,SET266,SET266-KR-NP-L,L,Ensemble,1.0,931.0,931.0,512.05,418.95,45.0
TXN_004020,2021-01-10,Oct-21,VISHAL DARSHAN BOUTIQUE,JNE3741,JNE3741-KR-XXXL,XXXL,Robe/Jupe,1.0,494.0,494.0,271.7,222.3,45.0
TXN_004019,2021-01-10,Oct-21,VISHAL DARSHAN BOUTIQUE,JNE3741,JNE3741-KR-XXL,XXL,Robe/Jupe,1.0,494.0,494.0,271.7,222.3,45.0
TXN_004018,2021-01-10,Oct-21,VISHAL DARSHAN BOUTIQUE,JNE3741,JNE3741-KR-XL,XL,Robe/Jupe,1.0,494.0,494.0,271.7,222.3,45.0
TXN_004017,2021-01-10,Oct-21,VISHAL DARSHAN BOUTIQUE,JNE3741,JNE3741-KR-L,L,Robe/Jupe,1.0,494.0,494.0,271.7,222.3,45.0
TXN_004016,2021-01-10,Oct-21,VISHAL DARSHAN BOUTIQUE,JNE3741,JNE3741-KR-M,M,Robe/Jupe,2.0,494.0,988.0,543.4,444.6,45.0
TXN_004015,2021-01-10,Oct-21,VISHAL DARSHAN BOUTIQUE,JNE3741,JNE3741-KR-S,S,Robe/Jupe,2.0,494.0,988.0,543.4,444.6,45.0
TXN_001559,2021-01-10,Oct-21,VISHAL DARSHAN BOUTIQUE,SET268,SET268-KR-NP-XXXL,XXXL,Ensemble,1.0,931.0,931.0,512.05,418.95,45.0
TXN_001557,2021-01-10,Oct-21,VISHAL DARSHAN BOUTIQUE,SET268,SET268-KR-NP-XL,XL,Ensemble,1.0,931.0,931.0,512.05,418.95,45.0
TXN_004010,2021-01-10,Oct-21,VISHAL DARSHAN BOUTIQUE,SET268,SET268-KR-NP-L,L,Ensemble,1.0,931.0,931.0,512.05,418.95,45.0
TXN_004011,2021-01-10,Oct-21,VISHAL DARSHAN BOUTIQUE,SET268,SET268-KR-NP-XL,XL,Ensemble,1.0,931.0,931.0,512.05,418.95,45.0
TXN_004012,2021-01-10,Oct-21,VISHAL DARSHAN BOUTIQUE,SET268,SET268-KR-NP-XXL,XXL,Ensemble,1.0,931.0,931.0,512.05,418.95,45.0
TXN_004013,2021-01-10,Oct-21,VISHAL DARSHAN BOUTIQUE,SET268,SET268-KR-NP-XXXL,XXXL,Ensemble,1.0,931.0,931.0,512.05,418.95,45.0
TXN_004014,2021-01-10,Oct-21,VISHAL DARSHAN BOUTIQUE,SET267,SET267-KR-NP-XXL,XXL,Ensemble,3.0,931.0,2793.0,1536.15,1256.85,45.0
TXN_002499,2021-01-11,Nov-21,RANDHIR CHAUDHARY,SET196,SET196-KR-NP-M.,M,Ensemble,2.0,850.0,1649.0,935.0,714.0,43.3
TXN_002506,2021-01-11,Nov-21,RANDHIR CHAUDHARY,SET197,SET197-KR-NP-L,L,Ensemble,2.0,887.5,1722.0,976.25,745.75,43.31
TXN_002505,2021-01-11,Nov-21,RANDHIR CHAUDHARY,SET197,SET197-KR-NP-M,M,Ensemble,2.0,887.5,1722.0,976.25,745.75,43.31
TXN_002504,2021-01-11,Nov-21,RANDHIR CHAUDHARY,SET197,SET197-KR-NP-S,S,Ensemble,1.0,887.5,861.0,488.13,372.87,43.31
TXN_002503,2021-01-11,Nov-21,RANDHIR CHAUDHARY,SET062,SET062-KR-SP-L,L,Ensemble,2.0,878.75,1705.0,966.63,738.37,43.31
TXN_002500,2021-01-11,Nov-21,RANDHIR CHAUDHARY,SET196,SET196-KR-NP-L,L,Ensemble,2.0,850.0,1649.0,935.0,714.0,43.3
TXN_002488,2021-01-11,Nov-21,RANDHIR CHAUDHARY,SAR086,SAR086,Free,Autre,2.0,1903.75,3693.0,2094.12,1598.88,43.29
TXN_002490,2021-01-11,Nov-21,RANDHIR CHAUDHARY,SAR043,SAR043,Free,Autre,2.0,653.75,1268.0,719.13,548.87,43.29
TXN_002491,2021-01-11,Nov-21,RANDHIR CHAUDHARY,SAR044,SAR044,Free,Autre,2.0,653.75,1268.0,719.13,548.87,43.29
TXN_002492,2021-01-11,Nov-21,RANDHIR CHAUDHARY,SAR045,SAR045,Free,Autre,2.0,653.75,1268.0,719.13,548.87,43.29
TXN_002493,2021-01-11,Nov-21,RANDHIR CHAUDHARY,SAR046,SAR046,Free,Autre,2.0,653.75,1268.0,719.13,548.87,43.29
TXN_002502,2021-01-11,Nov-21,RANDHIR CHAUDHARY,SET062,SET062-KR-SP-M,M,Ensemble,2.0,878.75,1705.0,966.63,738.37,43.31
TXN_002495,2021-01-11,Nov-21,RANDHIR CHAUDHARY,SET038,SET038-KR-PP-S,S,Ensemble,1.0,775.0,752.0,426.25,325.75,43.32
TXN_002496,2021-01-11,Nov-21,RANDHIR CHAUDHARY,SET038,SET038-KR-PP-M,M,Ensemble,2.0,775.0,1504.0,852.5,651.5,43.32
TXN_002497,2021-01-11,Nov-21,RANDHIR CHAUDHARY,SET038,SET038-KR-PP-L,L,Ensemble,2.0,775.0,1504.0,852.5,651.5,43.32
TXN_002498,2021-01-11,Nov-21,RANDHIR CHAUDHARY,SET196,SET196-KR-NP-S,S,Ensemble,1.0,850.0,824.0,467.5,356.5,43.26
TXN_002489,2021-01-11,Nov-21,RANDHIR CHAUDHARY,SAR079,SAR079,Free,Autre,2.0,1903.75,3693.0,2094.12,1598.88,43.29
TXN_002494,2021-01-11,Nov-21,RANDHIR CHAUDHARY,SAR033,SAR033,Free,Autre,4.0,771.25,2992.0,1696.75,1295.25,43.29
TXN_002501,2021-01-11,Nov-21,RANDHIR CHAUDHARY,SET062,SET062-KR-SP-S,S,Ensemble,1.0,878.75,852.0,483.31,368.69,43.27
TXN_004955,2021-01-11,Nov-21,RANDHIR CHAUDHARY,SET062,SET062-KR-SP-S,S,Ensemble,1.0,878.75,852.0,483.31,368.69,43.27
TXN_004943,2021-01-11,Nov-21,RANDHIR CHAUDHARY,SAR079,SAR079,Free,Autre,2.0,1903.75,3693.0,2094.12,1598.88,43.29
TXN_004944,2021-01-11,Nov-21,RANDHIR CHAUDHARY,SAR043,SAR043,Free,Autre,2.0,653.75,1268.0,719.13,548.87,43.29
TXN_004945,2021-01-11,Nov-21,RANDHIR CHAUDHARY,SAR044,SAR044,Free,Autre,2.0,653.75,1268.0,719.13,548.87,43.29
TXN_004946,2021-01-11,Nov-21,RANDHIR CHAUDHARY,SAR045,SAR045,Free,Autre,2.0,653.75,1268.0,719.13,548.87,43.29
TXN_004947,2021-01-11,Nov-21,RANDHIR CHAUDHARY,SAR046,SAR046,Free,Autre,2.0,653.75,1268.0,719.13,548.87,43.29
TXN_004948,2021-01-11,Nov-21,RANDHIR CHAUDHARY,SAR033,SAR033,Free,Autre,4.0,771.25,2992.0,1696.75,1295.25,43.29
TXN_004949,2021-01-11,Nov-21,RANDHIR CHAUDHARY,SET038,SET038-KR-PP-S,S,Ensemble,1.0,775.0,752.0,426.25,325.75,43.32
TXN_004942,2021-01-11,Nov-21,RANDHIR CHAUDHARY,SAR086,SAR086,Free,Autre,2.0,1903.75,3693.0,2094.12,1598.88,43.29
TXN_004950,2021-01-11,Nov-21,RANDHIR CHAUDHARY,SET038,SET038-KR-PP-M,M,Ensemble,2.0,775.0,1504.0,852.5,651.5,43.32
TXN_004952,2021-01-11,Nov-21,RANDHIR CHAUDHARY,SET196,SET196-KR-NP-S,S,Ensemble,1.0,850.0,824.0,467.5,356.5,43.26
TXN_004953,2021-01-11,Nov-21,RANDHIR CHAUDHARY,SET196,SET196-KR-NP-M.,M,Ensemble,2.0,850.0,1649.0,935.0,714.0,43.3
TXN_004954,2021-01-11,Nov-21,RANDHIR CHAUDHARY,SET196,SET196-KR-NP-L,L,Ensemble,2.0,850.0,1649.0,935.0,714.0,43.3
TXN_004956,2021-01-11,Nov-21,RANDHIR CHAUDHARY,SET062,SET062-KR-SP-M,M,Ensemble,2.0,878.75,1705.0,966.63,738.37,43.31
TXN_004957,2021-01-11,Nov-21,RANDHIR CHAUDHARY,SET062,SET062-KR-SP-L,L,Ensemble,2.0,878.75,1705.0,966.63,738.37,43.31
TXN_004958,2021-01-11,Nov-21,RANDHIR CHAUDHARY,SET197,SET197-KR-NP-S,S,Ensemble,1.0,887.5,861.0,488.13,372.87,43.31
TXN_004959,2021-01-11,Nov-21,RANDHIR CHAUDHARY,SET197,SET197-KR-NP-M,M,Ensemble,2.0,887.5,1722.0,976.25,745.75,43.31
TXN_004960,2021-01-11,Nov-21,RANDHIR CHAUDHARY,SET197,SET197-KR-NP-L,L,Ensemble,2.0,887.5,1722.0,976.25,745.75,43.31
TXN_004951,2021-01-11,Nov-21,RANDHIR CHAUDHARY,SET038,SET038-KR-PP-L,L,Ensemble,2.0,775.0,1504.0,852.5,651.5,43.32
TXN_001581,2021-02-10,Oct-21,MONISYAA,SET194,SET194-KR-NP-L,L,Ensemble,1.0,744.0,744.0,409.2,334.8,45.0
TXN_001580,2021-02-10,Oct-21,MONISYAA,J0285,J0285-SKD-S,S,Robe/Jupe,1.0,1719.0,1719.0,945.45,773.55,45.0
TXN_004025,2021-02-10,Oct-21,MONISYAA,J0120,J0120-TP-M,M,Robe/Jupe,1.0,390.0,390.0,214.5,175.5,45.0
TXN_001578,2021-02-10,Oct-21,MONISYAA,SET268,SET268-KR-NP-XXXL,XXXL,Ensemble,1.0,931.0,931.0,512.05,418.95,45.0
TXN_001579,2021-02-10,Oct-21,MONISYAA,J0285,J0285-SKD-XS,XS,Robe/Jupe,1.0,1719.0,1719.0,945.45,773.55,45.0
TXN_004026,2021-02-10,Oct-21,MONISYAA,SET268,SET268-KR-NP-XS,XS,Ensemble,2.0,931.0,1862.0,1024.1,837.9,45.0
TXN_004027,2021-02-10,Oct-21,MONISYAA,SET268,SET268-KR-NP-L,L,Ensemble,5.0,931.0,4655.0,2560.25,2094.75,45.0
TXN_004029,2021-02-10,Oct-21,MONISYAA,SET268,SET268-KR-NP-L,L,Ensemble,4.0,931.0,3724.0,2048.2,1675.8,45.0
TXN_004030,2021-02-10,Oct-21,MONISYAA,SET268,SET268-KR-NP-XL,XL,Ensemble,4.0,931.0,3724.0,2048.2,1675.8,45.0
TXN_004031,2021-02-10,Oct-21,MONISYAA,SET268,SET268-KR-NP-XXL,XXL,Ensemble,1.0,931.0,931.0,512.05,418.95,45.0
TXN_004032,2021-02-10,Oct-21,MONISYAA,SET268,SET268-KR-NP-XXXL,XXXL,Ensemble,1.0,931.0,931.0,512.05,418.95,45.0
TXN_004033,2021-02-10,Oct-21,MONISYAA,J0285,J0285-SKD-XS,XS,Robe/Jupe,1.0,1719.0,1719.0,945.45,773.55,45.0
TXN_004028,2021-02-10,Oct-21,MONISYAA,SET268,SET268-KR-NP-L,L,Ensemble,5.0,931.0,4655.0,2560.25,2094.75,45.0
TXN_004035,2021-02-10,Oct-21,MONISYAA,SET194,SET194-KR-NP-L,L,Ensemble,1.0,744.0,744.0,409.2,334.8,45.0
TXN_001571,2021-02-10,Oct-21,MONISYAA,J0120,J0120-TP-M,M,Robe/Jupe,1.0,390.0,390.0,214.5,175.5,45.0
TXN_001572,2021-02-10,Oct-21,MONISYAA,SET268,SET268-KR-NP-XS,XS,Ensemble,2.0,931.0,1862.0,1024.1,837.9,45.0
TXN_001573,2021-02-10,Oct-21,MONISYAA,SET268,SET268-KR-NP-L,L,Ensemble,5.0,931.0,4655.0,2560.25,2094.75,45.0
TXN_001574,2021-02-10,Oct-21,MONISYAA,SET268,SET268-KR-NP-L,L,Ensemble,5.0,931.0,4655.0,2560.25,2094.75,45.0
TXN_001575,2021-02-10,Oct-21,MONISYAA,SET268,SET268-KR-NP-L,L,Ensemble,4.0,931.0,3724.0,2048.2,1675.8,45.0
TXN_001576,2021-02-10,Oct-21,MONISYAA,SET268,SET268-KR-NP-XL,XL,Ensemble,4.0,931.0,3724.0,2048.2,1675.8,45.0
TXN_004034,2021-02-10,Oct-21,MONISYAA,J0285,J0285-SKD-S,S,Robe/Jupe,1.0,1719.0,1719.0,945.45,773.55,45.0
TXN_001577,2021-02-10,Oct-21,MONISYAA,SET268,SET268-KR-NP-XXL,XXL,Ensemble,1.0,931.0,931.0,512.05,418.95,45.0
TXN_005249,2021-02-12,Dec-21,KAZI NURAN HAQUE,JNE3820,JNE3820-KR-L,L,Robe/Jupe,1.0,650.0,650.0,357.5,292.5,45.0
TXN_005250,2021-02-12,Dec-21,KAZI NURAN HAQUE,JNE3821,JNE3821-KR-L,L,Robe/Jupe,1.0,650.0,650.0,357.5,292.5,45.0
TXN_005251,2021-02-12,Dec-21,KAZI NURAN HAQUE,JNE3822,JNE3822-KR-L,L,Robe/Jupe,1.0,613.0,613.0,337.15,275.85,45.0
TXN_005252,2021-02-12,Dec-21,KAZI NURAN HAQUE,JNE3823,JNE3823-KR-L,L,Robe/Jupe,1.0,688.0,688.0,378.4,309.6,45.0
TXN_005253,2021-02-12,Dec-21,KAZI NURAN HAQUE,JNE3825,JNE3825-KR-L,L,Robe/Jupe,1.0,650.0,650.0,357.5,292.5,45.0
TXN_005254,2021-02-12,Dec-21,KAZI NURAN HAQUE,SET038,SET038-KR-PP-S,S,Ensemble,1.0,775.0,775.0,426.25,348.75,45.0
TXN_005257,2021-02-12,Dec-21,KAZI NURAN HAQUE,SET265,SET265-KR-NP-L,L,Ensemble,1.0,975.0,975.0,536.25,438.75,45.0
TXN_005256,2021-02-12,Dec-21,KAZI NURAN HAQUE,SET264,SET264-KR-NP-L,L,Ensemble,1.0,975.0,975.0,536.25,438.75,45.0
TXN_005258,2021-02-12,Dec-21,KAZI NURAN HAQUE,SET295,SET295-KR-NP-S,S,Ensemble,1.0,850.0,850.0,467.5,382.5,45.0
TXN_005259,2021-02-12,Dec-21,KAZI NURAN HAQUE,SET383,SET383-KR-NP-L,L,Ensemble,1.0,925.0,925.0,508.75,416.25,45.0
TXN_005248,2021-02-12,Dec-21,KAZI NURAN HAQUE,JNE3819,JNE3819-KR-L,L,Robe/Jupe,1.0,650.0,650.0,357.5,292.5,45.0
TXN_005260,2021-02-12,Dec-21,KAZI NURAN HAQUE,SET385,SET385-KR-NP-L,L,Ensemble,1.0,925.0,925.0,508.75,416.25,45.0
TXN_005255,2021-02-12,Dec-21,KAZI NURAN HAQUE,SET239,SET239-KR-NP-L,L,Ensemble,1.0,1000.0,1000.0,550.0,450.0,45.0
TXN_005247,2021-02-12,Dec-21,KAZI NURAN HAQUE,JNE3788,JNE3788-KR-S,S,Robe/Jupe,1.0,588.0,588.0,323.4,264.6,45.0
TXN_005236,2021-02-12,Dec-21,KAZI NURAN HAQUE,JNE3541,JNE3541-KR-S,S,Robe/Jupe,1.0,430.0,430.0,236.5,193.5,45.0
TXN_005245,2021-02-12,Dec-21,KAZI NURAN HAQUE,JNE3782,JNE3782-KR-L,L,Robe/Jupe,1.0,550.0,550.0,302.5,247.5,45.0
TXN_005244,2021-02-12,Dec-21,KAZI NURAN HAQUE,JNE3778,JNE3778-KR-S,S,Robe/Jupe,1.0,563.0,563.0,309.65,253.35,45.0
TXN_005243,2021-02-12,Dec-21,KAZI NURAN HAQUE,JNE3769,JNE3769-KR-S,S,Robe/Jupe,1.0,550.0,550.0,302.5,247.5,45.0
TXN_005241,2021-02-12,Dec-21,KAZI NURAN HAQUE,JNE3730,JNE3730-KR-S,S,Robe/Jupe,1.0,563.0,563.0,309.65,253.35,45.0
TXN_005240,2021-02-12,Dec-21,KAZI NURAN HAQUE,JNE3703,JNE3703-KR-S,S,Robe/Jupe,1.0,513.0,513.0,282.15,230.85,45.0
TXN_005239,2021-02-12,Dec-21,KAZI NURAN HAQUE,JNE3634,JNE3634-KR-L,L,Robe/Jupe,1.0,663.0,663.0,364.65,298.35,45.0
TXN_005238,2021-02-12,Dec-21,KAZI NURAN HAQUE,JNE3557,JNE3557-KR-S,S,Robe/Jupe,1.0,463.0,463.0,254.65,208.35,45.0
TXN_005237,2021-02-12,Dec-21,KAZI NURAN HAQUE,JNE3548,JNE3548-KR-S,S,Robe/Jupe,1.0,463.0,463.0,254.65,208.35,45.0
TXN_005235,2021-02-12,Dec-21,KAZI NURAN HAQUE,JNE3541,JNE3541-KR-L,L,Robe/Jupe,1.0,430.0,430.0,236.5,193.5,45.0
TXN_005234,2021-02-12,Dec-21,KAZI NURAN HAQUE,JNE3432,JNE3432-KR-S,S,Robe/Jupe,1.0,513.0,513.0,282.15,230.85,45.0
TXN_005233,2021-02-12,Dec-21,KAZI NURAN HAQUE,JNE3396,JNE3396-KR-S,S,Robe/Jupe,1.0,588.0,588.0,323.4,264.6,45.0
TXN_005232,2021-02-12,Dec-21,KAZI NURAN HAQUE,J0248,J0248-SET-S,S,Robe/Jupe,1.0,1125.0,1125.0,618.75,506.25,45.0
TXN_005231,2021-02-12,Dec-21,KAZI NURAN HAQUE,J0225,J0225-SKD-S,S,Robe/Jupe,1.0,1738.0,1738.0,955.9,782.1,45.0
TXN_005261,2021-02-12,Dec-21,KAZI NURAN HAQUE,SET389,SET389-KR-NP-L,L,Ensemble,1.0,1000.0,1000.0,550.0,450.0,45.0
TXN_005246,2021-02-12,Dec-21,KAZI NURAN HAQUE,JNE3783,JNE3783-KR-L,L,Robe/Jupe,1.0,550.0,550.0,302.5,247.5,45.0
TXN_002807,2021-02-12,Dec-21,KAZI NURAN HAQUE,SET389,SET389-KR-NP-L,L,Ensemble,1.0,1000.0,1000.0,550.0,450.0,45.0
TXN_002786,2021-02-12,Dec-21,KAZI NURAN HAQUE,JNE3703,JNE3703-KR-S,S,Robe/Jupe,1.0,513.0,513.0,282.15,230.85,45.0
TXN_002805,2021-02-12,Dec-21,KAZI NURAN HAQUE,SET383,SET383-KR-NP-L,L,Ensemble,1.0,925.0,925.0,508.75,416.25,45.0
TXN_002775,2021-02-12,Dec-21,KAZI NURAN HAQUE,J0007,J0007-SKD-L,L,Robe/Jupe,1.0,1275.0,1275.0,701.25,573.75,45.0
TXN_002776,2021-02-12,Dec-21,KAZI NURAN HAQUE,J0211,J0211-DR-L,L,Robe/Jupe,1.0,813.0,813.0,447.15,365.85,45.0
TXN_002777,2021-02-12,Dec-21,KAZI NURAN HAQUE,J0225,J0225-SKD-S,S,Robe/Jupe,1.0,1738.0,1738.0,955.9,782.1,45.0
TXN_002778,2021-02-12,Dec-21,KAZI NURAN HAQUE,J0248,J0248-SET-S,S,Robe/Jupe,1.0,1125.0,1125.0,618.75,506.25,45.0
TXN_002779,2021-02-12,Dec-21,KAZI NURAN HAQUE,JNE3396,JNE3396-KR-S,S,Robe/Jupe,1.0,588.0,588.0,323.4,264.6,45.0
TXN_002780,2021-02-12,Dec-21,KAZI NURAN HAQUE,JNE3432,JNE3432-KR-S,S,Robe/Jupe,1.0,513.0,513.0,282.15,230.85,45.0
TXN_002781,2021-02-12,Dec-21,KAZI NURAN HAQUE,JNE3541,JNE3541-KR-L,L,Robe/Jupe,1.0,430.0,430.0,236.5,193.5,45.0
TXN_002782,2021-02-12,Dec-21,KAZI NURAN HAQUE,JNE3541,JNE3541-KR-S,S,Robe/Jupe,1.0,430.0,430.0,236.5,193.5,45.0
TXN_002783,2021-02-12,Dec-21,KAZI NURAN HAQUE,JNE3548,JNE3548-KR-S,S,Robe/Jupe,1.0,463.0,463.0,254.65,208.35,45.0
TXN_002784,2021-02-12,Dec-21,KAZI NURAN HAQUE,JNE3557,JNE3557-KR-S,S,Robe/Jupe,1.0,463.0,463.0,254.65,208.35,45.0
TXN_002785,2021-02-12,Dec-21,KAZI NURAN HAQUE,JNE3634,JNE3634-KR-L,L,Robe/Jupe,1.0,663.0,663.0,364.65,298.35,45.0
TXN_005230,2021-02-12,Dec-21,KAZI NURAN HAQUE,J0211,J0211-DR-L,L,Robe/Jupe,1.0,813.0,813.0,447.15,365.85,45.0
TXN_002787,2021-02-12,Dec-21,KAZI NURAN HAQUE,JNE3730,JNE3730-KR-S,S,Robe/Jupe,1.0,563.0,563.0,309.65,253.35,45.0
TXN_002788,2021-02-12,Dec-21,KAZI NURAN HAQUE,JNE3738,JNE3738-KR-S,S,Robe/Jupe,1.0,563.0,563.0,309.65,253.35,45.0
TXN_002806,2021-02-12,Dec-21,KAZI NURAN HAQUE,SET385,SET385-KR-NP-L,L,Ensemble,1.0,925.0,925.0,508.75,416.25,45.0
TXN_002789,2021-02-12,Dec-21,KAZI NURAN HAQUE,JNE3769,JNE3769-KR-S,S,Robe/Jupe,1.0,550.0,550.0,302.5,247.5,45.0
TXN_002791,2021-02-12,Dec-21,KAZI NURAN HAQUE,JNE3782,JNE3782-KR-L,L,Robe/Jupe,1.0,550.0,550.0,302.5,247.5,45.0
TXN_002792,2021-02-12,Dec-21,KAZI NURAN HAQUE,JNE3783,JNE3783-KR-L,L,Robe/Jupe,1.0,550.0,550.0,302.5,247.5,45.0
TXN_002793,2021-02-12,Dec-21,KAZI NURAN HAQUE,JNE3788,JNE3788-KR-S,S,Robe/Jupe,1.0,588.0,588.0,323.4,264.6,45.0
TXN_002794,2021-02-12,Dec-21,KAZI NURAN HAQUE,JNE3819,JNE3819-KR-L,L,Robe/Jupe,1.0,650.0,650.0,357.5,292.5,45.0
TXN_002795,2021-02-12,Dec-21,KAZI NURAN HAQUE,JNE3820,JNE3820-KR-L,L,Robe/Jupe,1.0,650.0,650.0,357.5,292.5,45.0
TXN_002796,2021-02-12,Dec-21,KAZI NURAN HAQUE,JNE3821,JNE3821-KR-L,L,Robe/Jupe,1.0,650.0,650.0,357.5,292.5,45.0
TXN_002797,2021-02-12,Dec-21,KAZI NURAN HAQUE,JNE3822,JNE3822-KR-L,L,Robe/Jupe,1.0,613.0,613.0,337.15,275.85,45.0
TXN_002798,2021-02-12,Dec-21,KAZI NURAN HAQUE,JNE3823,JNE3823-KR-L,L,Robe/Jupe,1.0,688.0,688.0,378.4,309.6,45.0
TXN_002799,2021-02-12,Dec-21,KAZI NURAN HAQUE,JNE3825,JNE3825-KR-L,L,Robe/Jupe,1.0,650.0,650.0,357.5,292.5,45.0
TXN_002800,2021-02-12,Dec-21,KAZI NURAN HAQUE,SET038,SET038-KR-PP-S,S,Ensemble,1.0,775.0,775.0,426.25,348.75,45.0
TXN_002801,2021-02-12,Dec-21,KAZI NURAN HAQUE,SET239,SET239-KR-NP-L,L,Ensemble,1.0,1000.0,1000.0,550.0,450.0,45.0
TXN_002802,2021-02-12,Dec-21,KAZI NURAN HAQUE,SET264,SET264-KR-NP-L,L,Ensemble,1.0,975.0,975.0,536.25,438.75,45.0
TXN_002803,2021-02-12,Dec-21,KAZI NURAN HAQUE,SET265,SET265-KR-NP-L,L,Ensemble,1.0,975.0,975.0,536.25,438.75,45.0
TXN_002804,2021-02-12,Dec-21,KAZI NURAN HAQUE,SET295,SET295-KR-NP-S,S,Ensemble,1.0,850.0,850.0,467.5,382.5,45.0
TXN_002790,2021-02-12,Dec-21,KAZI NURAN HAQUE,JNE3778,JNE3778-KR-S,S,Robe/Jupe,1.0,563.0,563.0,309.65,253.35,45.0
TXN_005229,2021-02-12,Dec-21,KAZI NURAN HAQUE,J0007,J0007-SKD-L,L,Robe/Jupe,1.0,1275.0,1275.0,701.25,573.75,45.0
TXN_005242,2021-02-12,Dec-21,KAZI NURAN HAQUE,JNE3738,JNE3738-KR-S,S,Robe/Jupe,1.0,563.0,563.0,309.65,253.35,45.0
TXN_001389,2021-03-09,Sep-21,BANUJA RASAKODY,JNE3686,JNE3686-TU-S,S,Robe/Jupe,1.0,450.0,450.0,247.5,202.5,45.0
TXN_001418,2021-03-09,Sep-21,REVATHY LOGANATHAN,SET240,SET240-KR-PP-M,M,Ensemble,1.0,769.0,769.0,422.95,346.05,45.0
TXN_001419,2021-03-09,Sep-21,REVATHY LOGANATHAN,SET238,SET238-KR-PP-S,S,Ensemble,1.0,706.0,706.0,388.3,317.7,45.0
TXN_001420,2021-03-09,Sep-21,REVATHY LOGANATHAN,SET238,SET238-KR-PP-XL,XL,Ensemble,1.0,706.0,706.0,388.3,317.7,45.0
TXN_001421,2021-03-09,Sep-21,REVATHY LOGANATHAN,JNE3634,JNE3634-KR-L,L,Robe/Jupe,1.0,650.0,650.0,357.5,292.5,45.0
TXN_001422,2021-03-09,Sep-21,REVATHY LOGANATHAN,JNE3634,JNE3634-KR-S,S,Robe/Jupe,1.0,650.0,650.0,357.5,292.5,45.0
TXN_001423,2021-03-09,Sep-21,PUVANES GANNASIN,J0178,J0178-TP-XS,XS,Robe/Jupe,2.0,350.0,700.0,385.0,315.0,45.0
TXN_001424,2021-03-09,Sep-21,PUVANES GANNASIN,J0178,J0178-TP-S,S,Robe/Jupe,2.0,350.0,700.0,385.0,315.0,45.0
TXN_001425,2021-03-09,Sep-21,PUVANES GANNASIN,JNE3663,JNE3663-TP-XS,XS,Robe/Jupe,2.0,431.0,862.0,474.1,387.9,45.0
TXN_001426,2021-03-09,Sep-21,PUVANES GANNASIN,JNE3663,JNE3663-TP-S,S,Robe/Jupe,2.0,431.0,862.0,474.1,387.9,45.0
TXN_001427,2021-03-09,Sep-21,PUVANES GANNASIN,JNE3667,JNE3667-TP-XS,XS,Robe/Jupe,2.0,431.0,862.0,474.1,387.9,45.0
TXN_001428,2021-03-09,Sep-21,PUVANES GANNASIN,JNE3667,JNE3667-TP-S,S,Robe/Jupe,2.0,431.0,862.0,474.1,387.9,45.0
TXN_001429,2021-03-09,Sep-21,PUVANES GANNASIN,JNE3667,JNE3667-TP-M.,M,Robe/Jupe,2.0,431.0,862.0,474.1,387.9,45.0
TXN_001430,2021-03-09,Sep-21,PUVANES GANNASIN,JNE3667,JNE3667-TP-L,L,Robe/Jupe,2.0,431.0,862.0,474.1,387.9,45.0
TXN_001390,2021-03-09,Sep-21,BANUJA RASAKODY,SET014,SET014-KR-PP-M,M,Ensemble,1.0,1306.0,1306.0,718.3,587.7,45.0
TXN_001431,2021-03-09,Sep-21,PUVANES GANNASIN,JNE3644,JNE3644-TP-XS,XS,Robe/Jupe,2.0,388.0,776.0,426.8,349.2,45.0
TXN_001432,2021-03-09,Sep-21,PUVANES GANNASIN,JNE3644,JNE3644-TP-S,S,Robe/Jupe,2.0,388.0,776.0,426.8,349.2,45.0
TXN_001433,2021-03-09,Sep-21,PUVANES GANNASIN,SET240,SET240-KR-PP-XS,XS,Ensemble,1.0,769.0,769.0,422.95,346.05,45.0
TXN_001435,2021-03-09,Sep-21,PUVANES GANNASIN,BTM005,BTM005-XS,XS,Autre,1.0,315.0,315.0,173.25,141.75,45.0
TXN_001436,2021-03-09,Sep-21,PUVANES GANNASIN,J0096,J0096-KR-M,M,Robe/Jupe,1.0,619.0,619.0,340.45,278.55,45.0
TXN_001437,2021-03-09,Sep-21,PUVANES GANNASIN,MEN5016,MEN5016-KR-M,M,Homme,1.0,536.0,536.0,294.8,241.2,45.0
TXN_001438,2021-03-09,Sep-21,PUVANES GANNASIN,MEN5029,MEN5029-KR-S,S,Homme,1.0,499.0,499.0,274.45,224.55,45.0
TXN_001439,2021-03-09,Sep-21,PUVANES GANNASIN,MEN5025,MEN5025-KR-L,L,Homme,1.0,649.0,649.0,356.95,292.05,45.0
TXN_001440,2021-03-09,Sep-21,PUVANES GANNASIN,MEN5013,MEN5013-KR-S,S,Homme,1.0,561.0,561.0,308.55,252.45,45.0
TXN_001417,2021-03-09,Sep-21,REVATHY LOGANATHAN,SET240,SET240-KR-PP-S,S,Ensemble,1.0,769.0,769.0,422.95,346.05,45.0
TXN_001416,2021-03-09,Sep-21,REVATHY LOGANATHAN,JNE3634,JNE3634-KR-L,L,Robe/Jupe,1.0,650.0,650.0,357.5,292.5,45.0
TXN_001434,2021-03-09,Sep-21,PUVANES GANNASIN,JNE2171,JNE2171-KR-437-S,S,Robe/Jupe,1.0,619.0,619.0,340.45,278.55,45.0
TXN_001414,2021-03-09,Sep-21,REVATHY LOGANATHAN,J0246,J0246-SKD-M,M,Robe/Jupe,1.0,1328.0,1328.0,730.4,597.6,45.0
TXN_001415,2021-03-09,Sep-21,REVATHY LOGANATHAN,J0243,J0243-DR-XS,XS,Robe/Jupe,1.0,1094.0,1094.0,601.7,492.3,45.0
TXN_001391,2021-03-09,Sep-21,BANUJA RASAKODY,SET249,SET249-KR-NP-M,M,Ensemble,1.0,944.0,944.0,519.2,424.8,45.0
TXN_001392,2021-03-09,Sep-21,BANUJA RASAKODY,SET253,SET253-KR-NP-M,M,Ensemble,1.0,944.0,944.0,519.2,424.8,45.0
TXN_001393,2021-03-09,Sep-21,BANUJA RASAKODY,JNE3581,JNE3581-KR-M,M,Robe/Jupe,1.0,619.0,619.0,340.45,278.55,45.0
TXN_001395,2021-03-09,Sep-21,BANUJA RASAKODY,SET261,SET261-KR-PP-M,M,Ensemble,1.0,556.0,556.0,305.8,250.2,45.0
TXN_001396,2021-03-09,Sep-21,BANUJA RASAKODY,J0284,J0284-SKD-M,M,Robe/Jupe,1.0,1758.0,1758.0,966.9,791.1,45.0
TXN_001397,2021-03-09,Sep-21,BANUJA RASAKODY,J0127,J0127-SKD-M,M,Robe/Jupe,1.0,1344.0,1344.0,739.2,604.8,45.0
TXN_001398,2021-03-09,Sep-21,BANUJA RASAKODY,SET200,SET200-KR-NP-S,S,Ensemble,1.0,894.0,894.0,491.7,402.3,45.0
TXN_001399,2021-03-09,Sep-21,BANUJA RASAKODY,JNE3557,JNE3557-KR-M,M,Robe/Jupe,1.0,450.0,450.0,247.5,202.5,45.0
TXN_001400,2021-03-09,Sep-21,BANUJA RASAKODY,JNE3621,JNE3621-KR-S,S,Robe/Jupe,1.0,613.0,613.0,337.15,275.85,45.0
TXN_001401,2021-03-09,Sep-21,BANUJA RASAKODY,SET144,SET144-KR-NP-M,M,Ensemble,1.0,931.0,931.0,512.05,418.95,45.0
TXN_001394,2021-03-09,Sep-21,BANUJA RASAKODY,SET272,SET272-KR-PP-S,S,Ensemble,1.0,894.0,894.0,491.7,402.3,45.0
TXN_001403,2021-03-09,Sep-21,BANUJA RASAKODY,JNE3405,JNE3405-KR-L,L,Robe/Jupe,1.0,431.0,431.0,237.05,193.95,45.0
TXN_001402,2021-03-09,Sep-21,BANUJA RASAKODY,SET236,SET236-KR-PP-M,M,Ensemble,1.0,850.0,850.0,467.5,382.5,45.0
TXN_001412,2021-03-09,Sep-21,REVATHY LOGANATHAN,SET243,SET243-KR-PP-M,M,Ensemble,1.0,730.0,730.0,401.5,328.5,45.0
TXN_001411,2021-03-09,Sep-21,REVATHY LOGANATHAN,J0241,J0241-SKD-XS,XS,Robe/Jupe,1.0,1406.0,1406.0,773.3,632.7,45.0
TXN_001409,2021-03-09,Sep-21,REVATHY LOGANATHAN,J0240,J0240-SKD-XS,XS,Robe/Jupe,1.0,1758.0,1758.0,966.9,791.1,45.0
TXN_001408,2021-03-09,Sep-21,BANUJA RASAKODY,SET240,SET240-KR-PP-M,M,Ensemble,1.0,769.0,769.0,422.95,346.05,45.0
TXN_001410,2021-03-09,Sep-21,REVATHY LOGANATHAN,MEN5019,MEN5019-KR-S,S,Homme,1.0,561.0,561.0,308.55,252.45,45.0
TXN_001407,2021-03-09,Sep-21,BANUJA RASAKODY,JNE3030,JNE3030-KR-L,L,Robe/Jupe,1.0,730.0,730.0,401.5,328.5,45.0
TXN_001406,2021-03-09,Sep-21,BANUJA RASAKODY,JNE2170,JNE2170-KR-436-L,L,Robe/Jupe,1.0,656.0,656.0,360.8,295.2,45.0
TXN_001405,2021-03-09,Sep-21,BANUJA RASAKODY,JNE3622,JNE3622-KR-L,L,Robe/Jupe,1.0,428.0,428.0,235.4,192.6,45.0
TXN_001404,2021-03-09,Sep-21,BANUJA RASAKODY,JNE3421,JNE3421-KR-L,L,Robe/Jupe,1.0,368.0,368.0,202.4,165.6,45.0
TXN_001413,2021-03-09,Sep-21,REVATHY LOGANATHAN,SET243,SET243-KR-PP-L,L,Ensemble,1.0,730.0,730.0,401.5,328.5,45.0
TXN_002515,2021-03-11,Nov-21,ANJU BHARATI,SET205,SET205-KR-DPT-XL,XL,Ensemble,1.0,612.5,582.0,336.88,245.12,42.12
TXN_002521,2021-03-11,Nov-21,ANJU BHARATI,SET062,SET062-KR-SP-XS,XS,Ensemble,1.0,878.75,835.0,483.31,351.69,42.12
TXN_002516,2021-03-11,Nov-21,ANJU BHARATI,SET198,SET198-KR-NP-XS,XS,Ensemble,1.0,812.5,772.0,446.88,325.12,42.11
TXN_002517,2021-03-11,Nov-21,ANJU BHARATI,SET198,SET198-KR-NP-S,S,Ensemble,1.0,812.5,772.0,446.88,325.12,42.11
TXN_002518,2021-03-11,Nov-21,ANJU BHARATI,SET198,SET198-KR-NP-M,M,Ensemble,1.0,812.5,772.0,446.88,325.12,42.11
TXN_002519,2021-03-11,Nov-21,ANJU BHARATI,SET198,SET198-KR-NP-L,L,Ensemble,1.0,812.5,772.0,446.88,325.12,42.11
TXN_002520,2021-03-11,Nov-21,ANJU BHARATI,SET198,SET198-KR-NP-XL,XL,Ensemble,1.0,812.5,772.0,446.88,325.12,42.11
TXN_002514,2021-03-11,Nov-21,ANJU BHARATI,SET205,SET205-KR-DPT-L,L,Ensemble,1.0,612.5,582.0,336.88,245.12,42.12
TXN_002526,2021-03-11,Nov-21,ANJU BHARATI,SET197,SET197-KR-NP-XS,XS,Ensemble,1.0,887.5,843.0,488.13,354.87,42.1
TXN_002523,2021-03-11,Nov-21,ANJU BHARATI,SET062,SET062-KR-SP-M,M,Ensemble,1.0,878.75,835.0,483.31,351.69,42.12
TXN_002524,2021-03-11,Nov-21,ANJU BHARATI,SET062,SET062-KR-SP-L,L,Ensemble,1.0,878.75,835.0,483.31,351.69,42.12
TXN_002525,2021-03-11,Nov-21,ANJU BHARATI,SET062,SET062-KR-SP-XL,XL,Ensemble,1.0,878.75,835.0,483.31,351.69,42.12
TXN_002527,2021-03-11,Nov-21,ANJU BHARATI,SET197,SET197-KR-NP-S,S,Ensemble,1.0,887.5,843.0,488.13,354.87,42.1
TXN_002528,2021-03-11,Nov-21,ANJU BHARATI,SET197,SET197-KR-NP-M,M,Ensemble,1.0,887.5,843.0,488.13,354.87,42.1
TXN_002529,2021-03-11,Nov-21,ANJU BHARATI,SET197,SET197-KR-NP-L,L,Ensemble,1.0,887.5,843.0,488.13,354.87,42.1
TXN_002513,2021-03-11,Nov-21,ANJU BHARATI,SET205,SET205-KR-DPT-M,M,Ensemble,1.0,612.5,582.0,336.88,245.12,42.12
TXN_002530,2021-03-11,Nov-21,ANJU BHARATI,SET197,SET197-KR-NP-XL,XL,Ensemble,1.0,887.5,843.0,488.13,354.87,42.1
TXN_002522,2021-03-11,Nov-21,ANJU BHARATI,SET062,SET062-KR-SP-S,S,Ensemble,1.0,878.75,835.0,483.31,351.69,42.12
TXN_002512,2021-03-11,Nov-21,ANJU BHARATI,SET205,SET205-KR-DPT-S,S,Ensemble,1.0,612.5,582.0,336.88,245.12,42.12
TXN_005054,2021-03-11,Nov-21,ANJU BHARATI,JNE3640,JNE3640-TP-S,S,Robe/Jupe,1.0,425.0,404.0,233.75,170.25,42.14
TXN_002510,2021-03-11,Nov-21,ANJU BHARATI,SET253,SET253-KR-NP-XL,XL,Ensemble,1.0,950.0,902.0,522.5,379.5,42.07
TXN_002531,2021-03-11,Nov-21,ANJU BHARATI,SET197,SET197-KR-NP-XXL,XXL,Ensemble,1.0,887.5,843.0,488.13,354.87,42.1
TXN_005047,2021-03-11,Nov-21,ANJU BHARATI,BL113,BL113-XL,XL,Blouse,1.0,437.5,416.0,240.63,175.37,42.16
TXN_005048,2021-03-11,Nov-21,ANJU BHARATI,JNE3668,JNE3668-TP-XS,XS,Robe/Jupe,1.0,403.75,384.0,222.06,161.94,42.17
TXN_005049,2021-03-11,Nov-21,ANJU BHARATI,JNE3668,JNE3668-TP-S,S,Robe/Jupe,1.0,403.75,384.0,222.06,161.94,42.17
TXN_005050,2021-03-11,Nov-21,ANJU BHARATI,JNE3668,JNE3668-TP-M,M,Robe/Jupe,1.0,403.75,384.0,222.06,161.94,42.17
TXN_005051,2021-03-11,Nov-21,ANJU BHARATI,JNE3668,JNE3668-TP-L,L,Robe/Jupe,1.0,403.75,384.0,222.06,161.94,42.17
TXN_005052,2021-03-11,Nov-21,ANJU BHARATI,JNE3668,JNE3668-TP-XL,XL,Robe/Jupe,1.0,403.75,384.0,222.06,161.94,42.17
TXN_005053,2021-03-11,Nov-21,ANJU BHARATI,JNE3640,JNE3640-TP-XS,XS,Robe/Jupe,1.0,425.0,404.0,233.75,170.25,42.14
TXN_005001,2021-03-11,Nov-21,ANJU BHARATI,MEN5009,MEN5009-KR-S,S,Homme,2.0,611.25,1161.0,672.38,488.62,42.09
TXN_005055,2021-03-11,Nov-21,ANJU BHARATI,JNE3640,JNE3640-TP-M,M,Robe/Jupe,1.0,425.0,404.0,233.75,170.25,42.14
TXN_005056,2021-03-11,Nov-21,ANJU BHARATI,JNE3640,JNE3640-TP-L,L,Robe/Jupe,1.0,425.0,404.0,233.75,170.25,42.14
TXN_005057,2021-03-11,Nov-21,ANJU BHARATI,JNE3640,JNE3640-TP-XL,XL,Robe/Jupe,1.0,425.0,404.0,233.75,170.25,42.14
TXN_005058,2021-03-11,Nov-21,ANJU BHARATI,JNE3651,JNE3651-TP-XS,XS,Robe/Jupe,1.0,425.0,404.0,233.75,170.25,42.14
TXN_005059,2021-03-11,Nov-21,ANJU BHARATI,JNE3651,JNE3651-TP-S,S,Robe/Jupe,1.0,425.0,404.0,233.75,170.25,42.14
TXN_002507,2021-03-11,Nov-21,ANJU BHARATI,SET253,SET253-KR-NP-S,S,Ensemble,1.0,950.0,902.0,522.5,379.5,42.07
TXN_002508,2021-03-11,Nov-21,ANJU BHARATI,SET253,SET253-KR-NP-M,M,Ensemble,1.0,950.0,902.0,522.5,379.5,42.07
TXN_002509,2021-03-11,Nov-21,ANJU BHARATI,SET253,SET253-KR-NP-L,L,Ensemble,1.0,950.0,902.0,522.5,379.5,42.07
TXN_002511,2021-03-11,Nov-21,ANJU BHARATI,SET205,SET205-KR-DPT-XS,XS,Ensemble,1.0,612.5,582.0,336.88,245.12,42.12
TXN_002532,2021-03-11,Nov-21,ANJU BHARATI,SET186,SET186-KR-DH-XS,XS,Ensemble,1.0,925.0,879.0,508.75,370.25,42.12
TXN_002558,2021-03-11,Nov-21,ANJU BHARATI,NW012,NW012-TP-PJ-M,M,Autre,1.0,850.0,808.0,467.5,340.5,42.14
TXN_002534,2021-03-11,Nov-21,ANJU BHARATI,SET186,SET186-KR-DH-M,M,Ensemble,1.0,925.0,879.0,508.75,370.25,42.12
TXN_002556,2021-03-11,Nov-21,ANJU BHARATI,NW012,NW012-TP-PJ-XS,XS,Autre,1.0,850.0,808.0,467.5,340.5,42.14
TXN_002557,2021-03-11,Nov-21,ANJU BHARATI,NW012,NW012-TP-PJ-S,S,Autre,1.0,850.0,808.0,467.5,340.5,42.14
TXN_005046,2021-03-11,Nov-21,ANJU BHARATI,BL113,BL113-L,L,Blouse,1.0,437.5,416.0,240.63,175.37,42.16
TXN_002559,2021-03-11,Nov-21,ANJU BHARATI,NW012,NW012-TP-PJ-L,L,Autre,1.0,850.0,808.0,467.5,340.5,42.14
TXN_002560,2021-03-11,Nov-21,ANJU BHARATI,NW012,NW012-TP-PJ-XL,XL,Autre,1.0,850.0,808.0,467.5,340.5,42.14
TXN_002561,2021-03-11,Nov-21,ANJU BHARATI,NW031,NW031-TP-PJ-XXL,XXL,Autre,1.0,887.5,843.0,488.13,354.87,42.1
TXN_002562,2021-03-11,Nov-21,ANJU BHARATI,NW030,NW030-TP-PJ-S,S,Autre,1.0,771.25,733.0,424.19,308.81,42.13
TXN_002563,2021-03-11,Nov-21,ANJU BHARATI,BL097,BL097-XL,XL,Blouse,1.0,325.0,309.0,178.75,130.25,42.15
TXN_002564,2021-03-11,Nov-21,ANJU BHARATI,BL111,BL111-XS,XS,Blouse,1.0,350.0,332.0,192.5,139.5,42.02
TXN_002565,2021-03-11,Nov-21,ANJU BHARATI,BL111,BL111-S,S,Blouse,1.0,350.0,332.0,192.5,139.5,42.02
TXN_002566,2021-03-11,Nov-21,ANJU BHARATI,BL111,BL111-M,M,Blouse,1.0,350.0,332.0,192.5,139.5,42.02
TXN_002567,2021-03-11,Nov-21,ANJU BHARATI,BL111,BL111-L,L,Blouse,1.0,350.0,332.0,192.5,139.5,42.02
TXN_002568,2021-03-11,Nov-21,ANJU BHARATI,BL111,BL111-XL,XL,Blouse,1.0,350.0,332.0,192.5,139.5,42.02
TXN_002569,2021-03-11,Nov-21,ANJU BHARATI,BL110,BL110-XS,XS,Blouse,1.0,512.5,487.0,281.88,205.12,42.12
TXN_002570,2021-03-11,Nov-21,ANJU BHARATI,BL110,BL110-S,S,Blouse,1.0,512.5,487.0,281.88,205.12,42.12
TXN_002571,2021-03-11,Nov-21,ANJU BHARATI,BL110,BL110-M,M,Blouse,1.0,512.5,487.0,281.88,205.12,42.12
TXN_002572,2021-03-11,Nov-21,ANJU BHARATI,BL110,BL110-L,L,Blouse,1.0,512.5,487.0,281.88,205.12,42.12
TXN_002555,2021-03-11,Nov-21,ANJU BHARATI,NW003,NW003-TP-PJ-S,S,Autre,1.0,687.5,653.0,378.13,274.87,42.09
TXN_002533,2021-03-11,Nov-21,ANJU BHARATI,SET186,SET186-KR-DH-S,S,Ensemble,1.0,925.0,879.0,508.75,370.25,42.12
TXN_002554,2021-03-11,Nov-21,ANJU BHARATI,MEN5016,MEN5016-KR-XXL,XXL,Homme,2.0,611.25,1161.0,672.38,488.62,42.09
TXN_002552,2021-03-11,Nov-21,ANJU BHARATI,MEN5016,MEN5016-KR-S,S,Homme,2.0,611.25,1161.0,672.38,488.62,42.09
TXN_002535,2021-03-11,Nov-21,ANJU BHARATI,J0006,J0006-SET-XS,XS,Robe/Jupe,1.0,925.0,879.0,508.75,370.25,42.12
TXN_002536,2021-03-11,Nov-21,ANJU BHARATI,J0001,J0001-DR-S,S,Robe/Jupe,1.0,650.0,618.0,357.5,260.5,42.15
TXN_002537,2021-03-11,Nov-21,ANJU BHARATI,MEN5030,MEN5030-KR-S,S,Homme,2.0,523.75,995.0,576.12,418.88,42.1
TXN_002538,2021-03-11,Nov-21,ANJU BHARATI,MEN5030,MEN5030-KR-M,M,Homme,2.0,523.75,995.0,576.12,418.88,42.1
TXN_002539,2021-03-11,Nov-21,ANJU BHARATI,MEN5030,MEN5030-KR-L,L,Homme,2.0,523.75,995.0,576.12,418.88,42.1
TXN_002540,2021-03-11,Nov-21,ANJU BHARATI,MEN5030,MEN5030-KR-XL,XL,Homme,2.0,523.75,995.0,576.12,418.88,42.1
TXN_002541,2021-03-11,Nov-21,ANJU BHARATI,MEN5030,MEN5030-KR-XXL,XXL,Homme,2.0,523.75,995.0,576.12,418.88,42.1
TXN_002542,2021-03-11,Nov-21,ANJU BHARATI,MEN5005,MEN5005-KR-S,S,Homme,2.0,611.25,1161.0,672.38,488.62,42.09
TXN_002543,2021-03-11,Nov-21,ANJU BHARATI,MEN5005,MEN5005-KR-M,M,Homme,2.0,611.25,1161.0,672.38,488.62,42.09
TXN_002544,2021-03-11,Nov-21,ANJU BHARATI,MEN5005,MEN5005-KR-L,L,Homme,2.0,611.25,1161.0,672.38,488.62,42.09
TXN_002545,2021-03-11,Nov-21,ANJU BHARATI,MEN5005,MEN5005-KR-XL,XL,Homme,2.0,611.25,1161.0,672.38,488.62,42.09
TXN_002546,2021-03-11,Nov-21,ANJU BHARATI,MEN5005,MEN5005-KR-XXL,XXL,Homme,2.0,611.25,1161.0,672.38,488.62,42.09
TXN_002547,2021-03-11,Nov-21,ANJU BHARATI,MEN5009,MEN5009-KR-S,S,Homme,2.0,611.25,1161.0,672.38,488.62,42.09
TXN_002548,2021-03-11,Nov-21,ANJU BHARATI,MEN5009,MEN5009-KR-M,M,Homme,2.0,611.25,1161.0,672.38,488.62,42.09
TXN_002549,2021-03-11,Nov-21,ANJU BHARATI,MEN5009,MEN5009-KR-L,L,Homme,2.0,611.25,1161.0,672.38,488.62,42.09
TXN_002550,2021-03-11,Nov-21,ANJU BHARATI,MEN5009,MEN5009-KR-XL,XL,Homme,2.0,611.25,1161.0,672.38,488.62,42.09
TXN_002551,2021-03-11,Nov-21,ANJU BHARATI,MEN5009,MEN5009-KR-XXL,XXL,Homme,2.0,611.25,1161.0,672.38,488.62,42.09
TXN_002553,2021-03-11,Nov-21,ANJU BHARATI,MEN5016,MEN5016-KR-M,M,Homme,2.0,611.25,1161.0,672.38,488.62,42.09
TXN_005045,2021-03-11,Nov-21,ANJU BHARATI,BL113,BL113-M,M,Blouse,1.0,437.5,416.0,240.63,175.37,42.16
TXN_005019,2021-03-11,Nov-21,ANJU BHARATI,BL111,BL111-S,S,Blouse,1.0,350.0,332.0,192.5,139.5,42.02
TXN_005043,2021-03-11,Nov-21,ANJU BHARATI,BL113,BL113-XS,XS,Blouse,1.0,437.5,416.0,240.63,175.37,42.16
TXN_004979,2021-03-11,Nov-21,ANJU BHARATI,SET062,SET062-KR-SP-XL,XL,Ensemble,1.0,878.75,835.0,483.31,351.69,42.12
TXN_004978,2021-03-11,Nov-21,ANJU BHARATI,SET062,SET062-KR-SP-L,L,Ensemble,1.0,878.75,835.0,483.31,351.69,42.12
TXN_004977,2021-03-11,Nov-21,ANJU BHARATI,SET062,SET062-KR-SP-M,M,Ensemble,1.0,878.75,835.0,483.31,351.69,42.12
TXN_004976,2021-03-11,Nov-21,ANJU BHARATI,SET062,SET062-KR-SP-S,S,Ensemble,1.0,878.75,835.0,483.31,351.69,42.12
TXN_004975,2021-03-11,Nov-21,ANJU BHARATI,SET062,SET062-KR-SP-XS,XS,Ensemble,1.0,878.75,835.0,483.31,351.69,42.12
TXN_004974,2021-03-11,Nov-21,ANJU BHARATI,SET198,SET198-KR-NP-XL,XL,Ensemble,1.0,812.5,772.0,446.88,325.12,42.11
TXN_004973,2021-03-11,Nov-21,ANJU BHARATI,SET198,SET198-KR-NP-L,L,Ensemble,1.0,812.5,772.0,446.88,325.12,42.11
TXN_004972,2021-03-11,Nov-21,ANJU BHARATI,SET198,SET198-KR-NP-M,M,Ensemble,1.0,812.5,772.0,446.88,325.12,42.11
TXN_004971,2021-03-11,Nov-21,ANJU BHARATI,SET198,SET198-KR-NP-S,S,Ensemble,1.0,812.5,772.0,446.88,325.12,42.11
TXN_004970,2021-03-11,Nov-21,ANJU BHARATI,SET198,SET198-KR-NP-XS,XS,Ensemble,1.0,812.5,772.0,446.88,325.12,42.11
TXN_004969,2021-03-11,Nov-21,ANJU BHARATI,SET205,SET205-KR-DPT-XL,XL,Ensemble,1.0,612.5,582.0,336.88,245.12,42.12
TXN_004968,2021-03-11,Nov-21,ANJU BHARATI,SET205,SET205-KR-DPT-L,L,Ensemble,1.0,612.5,582.0,336.88,245.12,42.12
TXN_004967,2021-03-11,Nov-21,ANJU BHARATI,SET205,SET205-KR-DPT-M,M,Ensemble,1.0,612.5,582.0,336.88,245.12,42.12
TXN_004966,2021-03-11,Nov-21,ANJU BHARATI,SET205,SET205-KR-DPT-S,S,Ensemble,1.0,612.5,582.0,336.88,245.12,42.12
TXN_004965,2021-03-11,Nov-21,ANJU BHARATI,SET205,SET205-KR-DPT-XS,XS,Ensemble,1.0,612.5,582.0,336.88,245.12,42.12
TXN_004964,2021-03-11,Nov-21,ANJU BHARATI,SET253,SET253-KR-NP-XL,XL,Ensemble,1.0,950.0,902.0,522.5,379.5,42.07
TXN_004963,2021-03-11,Nov-21,ANJU BHARATI,SET253,SET253-KR-NP-L,L,Ensemble,1.0,950.0,902.0,522.5,379.5,42.07
TXN_004980,2021-03-11,Nov-21,ANJU BHARATI,SET197,SET197-KR-NP-XS,XS,Ensemble,1.0,887.5,843.0,488.13,354.87,42.1
TXN_004962,2021-03-11,Nov-21,ANJU BHARATI,SET253,SET253-KR-NP-M,M,Ensemble,1.0,950.0,902.0,522.5,379.5,42.07
TXN_004981,2021-03-11,Nov-21,ANJU BHARATI,SET197,SET197-KR-NP-S,S,Ensemble,1.0,887.5,843.0,488.13,354.87,42.1
TXN_004983,2021-03-11,Nov-21,ANJU BHARATI,SET197,SET197-KR-NP-L,L,Ensemble,1.0,887.5,843.0,488.13,354.87,42.1
TXN_005000,2021-03-11,Nov-21,ANJU BHARATI,MEN5005,MEN5005-KR-XXL,XXL,Homme,2.0,611.25,1161.0,672.38,488.62,42.09
TXN_004999,2021-03-11,Nov-21,ANJU BHARATI,MEN5005,MEN5005-KR-XL,XL,Homme,2.0,611.25,1161.0,672.38,488.62,42.09
TXN_004998,2021-03-11,Nov-21,ANJU BHARATI,MEN5005,MEN5005-KR-L,L,Homme,2.0,611.25,1161.0,672.38,488.62,42.09
TXN_004997,2021-03-11,Nov-21,ANJU BHARATI,MEN5005,MEN5005-KR-M,M,Homme,2.0,611.25,1161.0,672.38,488.62,42.09
TXN_004996,2021-03-11,Nov-21,ANJU BHARATI,MEN5005,MEN5005-KR-S,S,Homme,2.0,611.25,1161.0,672.38,488.62,42.09
TXN_004995,2021-03-11,Nov-21,ANJU BHARATI,MEN5030,MEN5030-KR-XXL,XXL,Homme,2.0,523.75,995.0,576.12,418.88,42.1
TXN_004994,2021-03-11,Nov-21,ANJU BHARATI,MEN5030,MEN5030-KR-XL,XL,Homme,2.0,523.75,995.0,576.12,418.88,42.1
TXN_004993,2021-03-11,Nov-21,ANJU BHARATI,MEN5030,MEN5030-KR-L,L,Homme,2.0,523.75,995.0,576.12,418.88,42.1
TXN_004992,2021-03-11,Nov-21,ANJU BHARATI,MEN5030,MEN5030-KR-M,M,Homme,2.0,523.75,995.0,576.12,418.88,42.1
TXN_004991,2021-03-11,Nov-21,ANJU BHARATI,MEN5030,MEN5030-KR-S,S,Homme,2.0,523.75,995.0,576.12,418.88,42.1
TXN_004990,2021-03-11,Nov-21,ANJU BHARATI,J0001,J0001-DR-S,S,Robe/Jupe,1.0,650.0,618.0,357.5,260.5,42.15
TXN_004989,2021-03-11,Nov-21,ANJU BHARATI,J0006,J0006-SET-XS,XS,Robe/Jupe,1.0,925.0,879.0,508.75,370.25,42.12
TXN_004988,2021-03-11,Nov-21,ANJU BHARATI,SET186,SET186-KR-DH-M,M,Ensemble,1.0,925.0,879.0,508.75,370.25,42.12
TXN_004987,2021-03-11,Nov-21,ANJU BHARATI,SET186,SET186-KR-DH-S,S,Ensemble,1.0,925.0,879.0,508.75,370.25,42.12
TXN_004986,2021-03-11,Nov-21,ANJU BHARATI,SET186,SET186-KR-DH-XS,XS,Ensemble,1.0,925.0,879.0,508.75,370.25,42.12
TXN_004985,2021-03-11,Nov-21,ANJU BHARATI,SET197,SET197-KR-NP-XXL,XXL,Ensemble,1.0,887.5,843.0,488.13,354.87,42.1
TXN_004984,2021-03-11,Nov-21,ANJU BHARATI,SET197,SET197-KR-NP-XL,XL,Ensemble,1.0,887.5,843.0,488.13,354.87,42.1
TXN_004982,2021-03-11,Nov-21,ANJU BHARATI,SET197,SET197-KR-NP-M,M,Ensemble,1.0,887.5,843.0,488.13,354.87,42.1
TXN_005044,2021-03-11,Nov-21,ANJU BHARATI,BL113,BL113-S,S,Blouse,1.0,437.5,416.0,240.63,175.37,42.16
TXN_004961,2021-03-11,Nov-21,ANJU BHARATI,SET253,SET253-KR-NP-S,S,Ensemble,1.0,950.0,902.0,522.5,379.5,42.07
TXN_005004,2021-03-11,Nov-21,ANJU BHARATI,MEN5009,MEN5009-KR-XL,XL,Homme,2.0,611.25,1161.0,672.38,488.62,42.09
TXN_005026,2021-03-11,Nov-21,ANJU BHARATI,BL110,BL110-L,L,Blouse,1.0,512.5,487.0,281.88,205.12,42.12
TXN_005027,2021-03-11,Nov-21,ANJU BHARATI,BL110,BL110-XL,XL,Blouse,1.0,512.5,487.0,281.88,205.12,42.12
TXN_005028,2021-03-11,Nov-21,ANJU BHARATI,BL086,BL086-XS,XS,Blouse,1.0,255.56,243.0,140.56,102.44,42.16
TXN_005029,2021-03-11,Nov-21,ANJU BHARATI,BL086,BL086-S,S,Blouse,1.0,255.56,243.0,140.56,102.44,42.16
TXN_005030,2021-03-11,Nov-21,ANJU BHARATI,BL086,BL086-M,M,Blouse,1.0,255.56,243.0,140.56,102.44,42.16
TXN_005031,2021-03-11,Nov-21,ANJU BHARATI,BL086,BL086-L,L,Blouse,1.0,255.56,243.0,140.56,102.44,42.16
TXN_005032,2021-03-11,Nov-21,ANJU BHARATI,BL086,BL086-XL,XL,Blouse,1.0,255.56,243.0,140.56,102.44,42.16
TXN_005033,2021-03-11,Nov-21,ANJU BHARATI,BL093,BL093-XS,XS,Blouse,1.0,255.56,243.0,140.56,102.44,42.16
TXN_005034,2021-03-11,Nov-21,ANJU BHARATI,BL093,BL093-S,S,Blouse,1.0,255.56,243.0,140.56,102.44,42.16
TXN_005035,2021-03-11,Nov-21,ANJU BHARATI,BL093,BL093-M,M,Blouse,1.0,255.56,243.0,140.56,102.44,42.16
TXN_005036,2021-03-11,Nov-21,ANJU BHARATI,BL093,BL093-L,L,Blouse,1.0,255.56,243.0,140.56,102.44,42.16
TXN_005037,2021-03-11,Nov-21,ANJU BHARATI,BL093,BL093-XL,XL,Blouse,1.0,255.56,243.0,140.56,102.44,42.16
TXN_005038,2021-03-11,Nov-21,ANJU BHARATI,BL100,BL100-XS,XS,Blouse,1.0,325.0,309.0,178.75,130.25,42.15
TXN_005039,2021-03-11,Nov-21,ANJU BHARATI,BL100,BL100-S,S,Blouse,1.0,325.0,309.0,178.75,130.25,42.15
TXN_005040,2021-03-11,Nov-21,ANJU BHARATI,BL100,BL100-M,M,Blouse,1.0,325.0,309.0,178.75,130.25,42.15
TXN_005041,2021-03-11,Nov-21,ANJU BHARATI,BL100,BL100-L,L,Blouse,1.0,325.0,309.0,178.75,130.25,42.15
TXN_005042,2021-03-11,Nov-21,ANJU BHARATI,BL100,BL100-XL,XL,Blouse,1.0,325.0,309.0,178.75,130.25,42.15
TXN_005025,2021-03-11,Nov-21,ANJU BHARATI,BL110,BL110-M,M,Blouse,1.0,512.5,487.0,281.88,205.12,42.12
TXN_005003,2021-03-11,Nov-21,ANJU BHARATI,MEN5009,MEN5009-KR-L,L,Homme,2.0,611.25,1161.0,672.38,488.62,42.09
TXN_005024,2021-03-11,Nov-21,ANJU BHARATI,BL110,BL110-S,S,Blouse,1.0,512.5,487.0,281.88,205.12,42.12
TXN_005022,2021-03-11,Nov-21,ANJU BHARATI,BL111,BL111-XL,XL,Blouse,1.0,350.0,332.0,192.5,139.5,42.02
TXN_005005,2021-03-11,Nov-21,ANJU BHARATI,MEN5009,MEN5009-KR-XXL,XXL,Homme,2.0,611.25,1161.0,672.38,488.62,42.09
TXN_005006,2021-03-11,Nov-21,ANJU BHARATI,MEN5016,MEN5016-KR-S,S,Homme,2.0,611.25,1161.0,672.38,488.62,42.09
TXN_005007,2021-03-11,Nov-21,ANJU BHARATI,MEN5016,MEN5016-KR-M,M,Homme,2.0,611.25,1161.0,672.38,488.62,42.09
TXN_005008,2021-03-11,Nov-21,ANJU BHARATI,MEN5016,MEN5016-KR-XXL,XXL,Homme,2.0,611.25,1161.0,672.38,488.62,42.09
TXN_005009,2021-03-11,Nov-21,ANJU BHARATI,NW003,NW003-TP-PJ-S,S,Autre,1.0,687.5,653.0,378.13,274.87,42.09
TXN_005010,2021-03-11,Nov-21,ANJU BHARATI,NW012,NW012-TP-PJ-XS,XS,Autre,1.0,850.0,808.0,467.5,340.5,42.14
TXN_005011,2021-03-11,Nov-21,ANJU BHARATI,NW012,NW012-TP-PJ-S,S,Autre,1.0,850.0,808.0,467.5,340.5,42.14
TXN_005012,2021-03-11,Nov-21,ANJU BHARATI,NW012,NW012-TP-PJ-M,M,Autre,1.0,850.0,808.0,467.5,340.5,42.14
TXN_005013,2021-03-11,Nov-21,ANJU BHARATI,NW012,NW012-TP-PJ-L,L,Autre,1.0,850.0,808.0,467.5,340.5,42.14
TXN_005014,2021-03-11,Nov-21,ANJU BHARATI,NW012,NW012-TP-PJ-XL,XL,Autre,1.0,850.0,808.0,467.5,340.5,42.14
TXN_005015,2021-03-11,Nov-21,ANJU BHARATI,NW031,NW031-TP-PJ-XXL,XXL,Autre,1.0,887.5,843.0,488.13,354.87,42.1
TXN_005016,2021-03-11,Nov-21,ANJU BHARATI,NW030,NW030-TP-PJ-S,S,Autre,1.0,771.25,733.0,424.19,308.81,42.13
TXN_005017,2021-03-11,Nov-21,ANJU BHARATI,BL097,BL097-XL,XL,Blouse,1.0,325.0,309.0,178.75,130.25,42.15
TXN_005018,2021-03-11,Nov-21,ANJU BHARATI,BL111,BL111-XS,XS,Blouse,1.0,350.0,332.0,192.5,139.5,42.02
TXN_002573,2021-03-11,Nov-21,ANJU BHARATI,BL110,BL110-XL,XL,Blouse,1.0,512.5,487.0,281.88,205.12,42.12
TXN_005020,2021-03-11,Nov-21,ANJU BHARATI,BL111,BL111-M,M,Blouse,1.0,350.0,332.0,192.5,139.5,42.02
TXN_005021,2021-03-11,Nov-21,ANJU BHARATI,BL111,BL111-L,L,Blouse,1.0,350.0,332.0,192.5,139.5,42.02
TXN_005023,2021-03-11,Nov-21,ANJU BHARATI,BL110,BL110-XS,XS,Blouse,1.0,512.5,487.0,281.88,205.12,42.12
TXN_002574,2021-03-11,Nov-21,ANJU BHARATI,BL086,BL086-XS,XS,Blouse,1.0,255.56,243.0,140.56,102.44,42.16
TXN_005126,2021-03-11,Nov-21,ANJU BHARATI,JNE3273,JNE3273-KR-XXL,XXL,Robe/Jupe,1.0,650.0,618.0,357.5,260.5,42.15
TXN_002576,2021-03-11,Nov-21,ANJU BHARATI,BL086,BL086-M,M,Blouse,1.0,255.56,243.0,140.56,102.44,42.16
TXN_005074,2021-03-11,Nov-21,ANJU BHARATI,JNE3523,JNE3523-KR-XS,XS,Robe/Jupe,1.0,510.0,484.0,280.5,203.5,42.05
TXN_005075,2021-03-11,Nov-21,ANJU BHARATI,JNE3523,JNE3523-KR-S,S,Robe/Jupe,1.0,510.0,484.0,280.5,203.5,42.05
TXN_005076,2021-03-11,Nov-21,ANJU BHARATI,JNE3523,JNE3523-KR-M,M,Robe/Jupe,1.0,510.0,484.0,280.5,203.5,42.05
TXN_005077,2021-03-11,Nov-21,ANJU BHARATI,JNE3523,JNE3523-KR-L,L,Robe/Jupe,1.0,510.0,484.0,280.5,203.5,42.05
TXN_005078,2021-03-11,Nov-21,ANJU BHARATI,JNE3523,JNE3523-KR-XL,XL,Robe/Jupe,1.0,510.0,484.0,280.5,203.5,42.05
TXN_005079,2021-03-11,Nov-21,ANJU BHARATI,JNE3523,JNE3523-KR-XXL,XXL,Robe/Jupe,1.0,510.0,484.0,280.5,203.5,42.05
TXN_005080,2021-03-11,Nov-21,ANJU BHARATI,J0024,J0024-KR-XS,XS,Robe/Jupe,1.0,537.5,511.0,295.62,215.38,42.15
TXN_005081,2021-03-11,Nov-21,ANJU BHARATI,J0024,J0024-KR-S,S,Robe/Jupe,1.0,537.5,511.0,295.62,215.38,42.15
TXN_005082,2021-03-11,Nov-21,ANJU BHARATI,J0024,J0024-KR-M,M,Robe/Jupe,1.0,537.5,511.0,295.62,215.38,42.15
TXN_005083,2021-03-11,Nov-21,ANJU BHARATI,J0024,J0024-KR-L,L,Robe/Jupe,1.0,537.5,511.0,295.62,215.38,42.15
TXN_005084,2021-03-11,Nov-21,ANJU BHARATI,J0024,J0024-KR-XL,XL,Robe/Jupe,1.0,537.5,511.0,295.62,215.38,42.15
TXN_005085,2021-03-11,Nov-21,ANJU BHARATI,J0203,J0203-TP-XS,XS,Robe/Jupe,1.0,581.25,552.0,319.69,232.31,42.09
TXN_005086,2021-03-11,Nov-21,ANJU BHARATI,J0203,J0203-TP-S,S,Robe/Jupe,1.0,581.25,552.0,319.69,232.31,42.09
TXN_005087,2021-03-11,Nov-21,ANJU BHARATI,J0203,J0203-TP-M,M,Robe/Jupe,1.0,581.25,552.0,319.69,232.31,42.09
TXN_005088,2021-03-11,Nov-21,ANJU BHARATI,J0203,J0203-TP-L,L,Robe/Jupe,1.0,581.25,552.0,319.69,232.31,42.09
TXN_005089,2021-03-11,Nov-21,ANJU BHARATI,J0203,J0203-TP-XL,XL,Robe/Jupe,1.0,581.25,552.0,319.69,232.31,42.09
TXN_005090,2021-03-11,Nov-21,ANJU BHARATI,J0214,J0214-TP-XXL,XXL,Robe/Jupe,1.0,687.5,653.0,378.13,274.87,42.09
TXN_005091,2021-03-11,Nov-21,ANJU BHARATI,J0118,J0118-TP-XS,XS,Robe/Jupe,1.0,387.5,368.0,213.13,154.87,42.08
TXN_005092,2021-03-11,Nov-21,ANJU BHARATI,J0118,J0118-TP-S,S,Robe/Jupe,1.0,387.5,368.0,213.13,154.87,42.08
TXN_005093,2021-03-11,Nov-21,ANJU BHARATI,J0118,J0118-TP-M,M,Robe/Jupe,1.0,387.5,368.0,213.13,154.87,42.08
TXN_005094,2021-03-11,Nov-21,ANJU BHARATI,J0118,J0118-TP-L,L,Robe/Jupe,1.0,387.5,368.0,213.13,154.87,42.08
TXN_005095,2021-03-11,Nov-21,ANJU BHARATI,J0118,J0118-TP-XL,XL,Robe/Jupe,1.0,387.5,368.0,213.13,154.87,42.08
TXN_005096,2021-03-11,Nov-21,ANJU BHARATI,J0119,J0119-TP-XS,XS,Robe/Jupe,1.0,462.5,439.0,254.38,184.62,42.05
TXN_005073,2021-03-11,Nov-21,ANJU BHARATI,JNE3669,JNE3669-TU-XL,XL,Robe/Jupe,1.0,562.5,534.0,309.38,224.62,42.06
TXN_005097,2021-03-11,Nov-21,ANJU BHARATI,J0119,J0119-TP-S,S,Robe/Jupe,1.0,462.5,439.0,254.38,184.62,42.05
TXN_005072,2021-03-11,Nov-21,ANJU BHARATI,JNE3669,JNE3669-TU-L,L,Robe/Jupe,1.0,562.5,534.0,309.38,224.62,42.06
TXN_005070,2021-03-11,Nov-21,ANJU BHARATI,JNE3669,JNE3669-TU-S,S,Robe/Jupe,1.0,562.5,534.0,309.38,224.62,42.06
TXN_002687,2021-03-11,Nov-21,ANJU BHARATI,JNE3273,JNE3273-KR-XXL,XXL,Robe/Jupe,1.0,650.0,618.0,357.5,260.5,42.15
TXN_002688,2021-03-11,Nov-21,ANJU BHARATI,JNE2132,JNE2132-KR-398-XXL,XXL,Robe/Jupe,1.0,700.0,665.0,385.0,280.0,42.11
TXN_002689,2021-03-11,Nov-21,ANJU BHARATI,SET258,SET258-KR-PP-XS,XS,Ensemble,1.0,1282.5,1218.0,705.38,512.62,42.09
TXN_002690,2021-03-11,Nov-21,ANJU BHARATI,SET258,SET258-KR-PP-S,S,Ensemble,1.0,1282.5,1218.0,705.38,512.62,42.09
TXN_002691,2021-03-11,Nov-21,ANJU BHARATI,SET258,SET258-KR-PP-M,M,Ensemble,1.0,1282.5,1218.0,705.38,512.62,42.09
TXN_002692,2021-03-11,Nov-21,ANJU BHARATI,SET258,SET258-KR-PP-L,L,Ensemble,1.0,1282.5,1218.0,705.38,512.62,42.09
TXN_002693,2021-03-11,Nov-21,ANJU BHARATI,SET258,SET258-KR-PP-XL,XL,Ensemble,1.0,1282.5,1218.0,705.38,512.62,42.09
TXN_002694,2021-03-11,Nov-21,ANJU BHARATI,SET268,SET268-KR-NP-XS,XS,Ensemble,1.0,925.0,879.0,508.75,370.25,42.12
TXN_002695,2021-03-11,Nov-21,ANJU BHARATI,SET268,SET268-KR-NP-S,S,Ensemble,1.0,925.0,879.0,508.75,370.25,42.12
TXN_002696,2021-03-11,Nov-21,ANJU BHARATI,SET268,SET268-KR-NP-M,M,Ensemble,1.0,925.0,879.0,508.75,370.25,42.12
TXN_002697,2021-03-11,Nov-21,ANJU BHARATI,SET268,SET268-KR-NP-L,L,Ensemble,1.0,925.0,879.0,508.75,370.25,42.12
TXN_002698,2021-03-11,Nov-21,ANJU BHARATI,SET268,SET268-KR-NP-XL,XL,Ensemble,1.0,925.0,879.0,508.75,370.25,42.12
TXN_002699,2021-03-11,Nov-21,ANJU BHARATI,SET253,SET253-KR-NP-XS,XS,Ensemble,1.0,950.0,902.0,522.5,379.5,42.07
TXN_005060,2021-03-11,Nov-21,ANJU BHARATI,JNE3651,JNE3651-TP-M,M,Robe/Jupe,1.0,425.0,404.0,233.75,170.25,42.14
TXN_005061,2021-03-11,Nov-21,ANJU BHARATI,JNE3651,JNE3651-TP-L,L,Robe/Jupe,1.0,425.0,404.0,233.75,170.25,42.14
TXN_005062,2021-03-11,Nov-21,ANJU BHARATI,JNE3651,JNE3651-TP-XL,XL,Robe/Jupe,1.0,425.0,404.0,233.75,170.25,42.14
TXN_005063,2021-03-11,Nov-21,ANJU BHARATI,JNE3664,JNE3664-TP-XS,XS,Robe/Jupe,1.0,537.5,511.0,295.62,215.38,42.15
TXN_005064,2021-03-11,Nov-21,ANJU BHARATI,JNE3664,JNE3664-TP-S,S,Robe/Jupe,1.0,537.5,511.0,295.62,215.38,42.15
TXN_005065,2021-03-11,Nov-21,ANJU BHARATI,JNE3664,JNE3664-TP-M,M,Robe/Jupe,1.0,537.5,511.0,295.62,215.38,42.15
TXN_005066,2021-03-11,Nov-21,ANJU BHARATI,JNE3664,JNE3664-TP-L,L,Robe/Jupe,1.0,537.5,511.0,295.62,215.38,42.15
TXN_005067,2021-03-11,Nov-21,ANJU BHARATI,JNE3664,JNE3664-TP-XL,XL,Robe/Jupe,1.0,537.5,511.0,295.62,215.38,42.15
TXN_005068,2021-03-11,Nov-21,ANJU BHARATI,JNE3690,JNE3690-TU-XS,XS,Robe/Jupe,1.0,425.0,404.0,233.75,170.25,42.14
TXN_005069,2021-03-11,Nov-21,ANJU BHARATI,JNE3669,JNE3669-TU-XS,XS,Robe/Jupe,1.0,562.5,534.0,309.38,224.62,42.06
TXN_005071,2021-03-11,Nov-21,ANJU BHARATI,JNE3669,JNE3669-TU-M,M,Robe/Jupe,1.0,562.5,534.0,309.38,224.62,42.06
TXN_005098,2021-03-11,Nov-21,ANJU BHARATI,J0119,J0119-TP-M,M,Robe/Jupe,1.0,462.5,439.0,254.38,184.62,42.05
TXN_005099,2021-03-11,Nov-21,ANJU BHARATI,J0119,J0119-TP-L,L,Robe/Jupe,1.0,462.5,439.0,254.38,184.62,42.05
TXN_005100,2021-03-11,Nov-21,ANJU BHARATI,J0119,J0119-TP-XL,XL,Robe/Jupe,1.0,462.5,439.0,254.38,184.62,42.05
TXN_005149,2021-03-11,Nov-21,ANJU BHARATI,SET268,SET268-KR-NP-S,S,Ensemble,1.0,925.0,879.0,508.75,370.25,42.12
TXN_005148,2021-03-11,Nov-21,ANJU BHARATI,SET268,SET268-KR-NP-XS,XS,Ensemble,1.0,925.0,879.0,508.75,370.25,42.12
TXN_005147,2021-03-11,Nov-21,ANJU BHARATI,SET258,SET258-KR-PP-XL,XL,Ensemble,1.0,1282.5,1218.0,705.38,512.62,42.09
TXN_005146,2021-03-11,Nov-21,ANJU BHARATI,SET258,SET258-KR-PP-L,L,Ensemble,1.0,1282.5,1218.0,705.38,512.62,42.09
TXN_005145,2021-03-11,Nov-21,ANJU BHARATI,SET258,SET258-KR-PP-M,M,Ensemble,1.0,1282.5,1218.0,705.38,512.62,42.09
TXN_005144,2021-03-11,Nov-21,ANJU BHARATI,SET258,SET258-KR-PP-S,S,Ensemble,1.0,1282.5,1218.0,705.38,512.62,42.09
TXN_005143,2021-03-11,Nov-21,ANJU BHARATI,SET258,SET258-KR-PP-XS,XS,Ensemble,1.0,1282.5,1218.0,705.38,512.62,42.09
TXN_005142,2021-03-11,Nov-21,ANJU BHARATI,JNE2132,JNE2132-KR-398-XXL,XXL,Robe/Jupe,1.0,700.0,665.0,385.0,280.0,42.11
TXN_005141,2021-03-11,Nov-21,ANJU BHARATI,JNE3273,JNE3273-KR-XXL,XXL,Robe/Jupe,1.0,650.0,618.0,357.5,260.5,42.15
TXN_005140,2021-03-11,Nov-21,ANJU BHARATI,JNE3364,JNE3364-KR-1051-XXL,XXL,Robe/Jupe,1.0,475.0,451.0,261.25,189.75,42.07
TXN_005139,2021-03-11,Nov-21,ANJU BHARATI,JNE3311,JNE3311-KR-XL,XL,Robe/Jupe,1.0,937.5,891.0,515.62,375.38,42.13
TXN_005138,2021-03-11,Nov-21,ANJU BHARATI,JNE3311,JNE3311-KR-L,L,Robe/Jupe,1.0,937.5,891.0,515.62,375.38,42.13
TXN_005137,2021-03-11,Nov-21,ANJU BHARATI,JNE3311,JNE3311-KR-M,M,Robe/Jupe,1.0,937.5,891.0,515.62,375.38,42.13
TXN_005136,2021-03-11,Nov-21,ANJU BHARATI,JNE3311,JNE3311-KR-S,S,Robe/Jupe,1.0,937.5,891.0,515.62,375.38,42.13
TXN_005135,2021-03-11,Nov-21,ANJU BHARATI,JNE3311,JNE3311-KR-XS,XS,Robe/Jupe,1.0,937.5,891.0,515.62,375.38,42.13
TXN_005134,2021-03-11,Nov-21,ANJU BHARATI,JNE3637,JNE3637-KR-XL,XL,Robe/Jupe,1.0,687.5,653.0,378.13,274.87,42.09
TXN_005133,2021-03-11,Nov-21,ANJU BHARATI,JNE3637,JNE3637-KR-L,L,Robe/Jupe,1.0,687.5,653.0,378.13,274.87,42.09
TXN_005132,2021-03-11,Nov-21,ANJU BHARATI,JNE3637,JNE3637-KR-M,M,Robe/Jupe,1.0,687.5,653.0,378.13,274.87,42.09
TXN_005131,2021-03-11,Nov-21,ANJU BHARATI,JNE3637,JNE3637-KR-S,S,Robe/Jupe,1.0,687.5,653.0,378.13,274.87,42.09
TXN_005130,2021-03-11,Nov-21,ANJU BHARATI,JNE3562,JNE3562-KR-XL,XL,Robe/Jupe,1.0,687.5,653.0,378.13,274.87,42.09
TXN_005129,2021-03-11,Nov-21,ANJU BHARATI,JNE3562,JNE3562-KR-L,L,Robe/Jupe,1.0,687.5,653.0,378.13,274.87,42.09
TXN_005128,2021-03-11,Nov-21,ANJU BHARATI,JNE3562,JNE3562-KR-M,M,Robe/Jupe,1.0,687.5,653.0,378.13,274.87,42.09
TXN_005127,2021-03-11,Nov-21,ANJU BHARATI,JNE3562,JNE3562-KR-S,S,Robe/Jupe,1.0,687.5,653.0,378.13,274.87,42.09
TXN_005150,2021-03-11,Nov-21,ANJU BHARATI,SET268,SET268-KR-NP-M,M,Ensemble,1.0,925.0,879.0,508.75,370.25,42.12
TXN_005151,2021-03-11,Nov-21,ANJU BHARATI,SET268,SET268-KR-NP-L,L,Ensemble,1.0,925.0,879.0,508.75,370.25,42.12
TXN_005152,2021-03-11,Nov-21,ANJU BHARATI,SET268,SET268-KR-NP-XL,XL,Ensemble,1.0,925.0,879.0,508.75,370.25,42.12
TXN_005153,2021-03-11,Nov-21,ANJU BHARATI,SET253,SET253-KR-NP-XS,XS,Ensemble,1.0,950.0,902.0,522.5,379.5,42.07
TXN_005101,2021-03-11,Nov-21,ANJU BHARATI,JNE3611,JNE3611-KR-XS,XS,Robe/Jupe,1.0,562.5,534.0,309.38,224.62,42.06
TXN_005102,2021-03-11,Nov-21,ANJU BHARATI,JNE3611,JNE3611-KR-S,S,Robe/Jupe,1.0,562.5,534.0,309.38,224.62,42.06
TXN_005103,2021-03-11,Nov-21,ANJU BHARATI,JNE3611,JNE3611-KR-M,M,Robe/Jupe,1.0,562.5,534.0,309.38,224.62,42.06
TXN_005104,2021-03-11,Nov-21,ANJU BHARATI,JNE3611,JNE3611-KR-L,L,Robe/Jupe,1.0,562.5,534.0,309.38,224.62,42.06
TXN_005105,2021-03-11,Nov-21,ANJU BHARATI,JNE3611,JNE3611-KR-XL,XL,Robe/Jupe,1.0,562.5,534.0,309.38,224.62,42.06
TXN_005106,2021-03-11,Nov-21,ANJU BHARATI,JNE3605,JNE3605-KR-S,S,Robe/Jupe,1.0,462.5,439.0,254.38,184.62,42.05
TXN_005107,2021-03-11,Nov-21,ANJU BHARATI,JNE3605,JNE3605-KR-M,M,Robe/Jupe,1.0,462.5,439.0,254.38,184.62,42.05
TXN_005108,2021-03-11,Nov-21,ANJU BHARATI,JNE3605,JNE3605-KR-L,L,Robe/Jupe,1.0,462.5,439.0,254.38,184.62,42.05
TXN_005109,2021-03-11,Nov-21,ANJU BHARATI,JNE3605,JNE3605-KR-XL,XL,Robe/Jupe,1.0,462.5,439.0,254.38,184.62,42.05
TXN_005110,2021-03-11,Nov-21,ANJU BHARATI,JNE3365,JNE3365-KR-1052-XS,XS,Robe/Jupe,1.0,475.0,451.0,261.25,189.75,42.07
TXN_005111,2021-03-11,Nov-21,ANJU BHARATI,JNE3365,JNE3365-KR-1052-S,S,Robe/Jupe,1.0,475.0,451.0,261.25,189.75,42.07
TXN_002686,2021-03-11,Nov-21,ANJU BHARATI,JNE3364,JNE3364-KR-1051-XXL,XXL,Robe/Jupe,1.0,475.0,451.0,261.25,189.75,42.07
TXN_005112,2021-03-11,Nov-21,ANJU BHARATI,JNE3365,JNE3365-KR-1052-M,M,Robe/Jupe,1.0,475.0,451.0,261.25,189.75,42.07
TXN_005114,2021-03-11,Nov-21,ANJU BHARATI,JNE3365,JNE3365-KR-1052-XL.,XL,Robe/Jupe,1.0,475.0,451.0,261.25,189.75,42.07
TXN_005115,2021-03-11,Nov-21,ANJU BHARATI,JNE3364,JNE3364-KR-1051-XS,XS,Robe/Jupe,1.0,475.0,451.0,261.25,189.75,42.07
TXN_005116,2021-03-11,Nov-21,ANJU BHARATI,JNE3364,JNE3364-KR-1051-S,S,Robe/Jupe,1.0,475.0,451.0,261.25,189.75,42.07
TXN_005117,2021-03-11,Nov-21,ANJU BHARATI,JNE3364,JNE3364-KR-1051-M,M,Robe/Jupe,1.0,475.0,451.0,261.25,189.75,42.07
TXN_005118,2021-03-11,Nov-21,ANJU BHARATI,JNE3364,JNE3364-KR-1051-L,L,Robe/Jupe,1.0,475.0,451.0,261.25,189.75,42.07
TXN_005119,2021-03-11,Nov-21,ANJU BHARATI,JNE3364,JNE3364-KR-1051-XL,XL,Robe/Jupe,1.0,475.0,451.0,261.25,189.75,42.07
TXN_005120,2021-03-11,Nov-21,ANJU BHARATI,JNE3364,JNE3364-KR-1051-XXL,XXL,Robe/Jupe,1.0,475.0,451.0,261.25,189.75,42.07
TXN_005121,2021-03-11,Nov-21,ANJU BHARATI,JNE3273,JNE3273-KR-XS,XS,Robe/Jupe,1.0,650.0,618.0,357.5,260.5,42.15
TXN_005122,2021-03-11,Nov-21,ANJU BHARATI,JNE3273,JNE3273-KR-S,S,Robe/Jupe,1.0,650.0,618.0,357.5,260.5,42.15
TXN_005123,2021-03-11,Nov-21,ANJU BHARATI,JNE3273,JNE3273-KR-M,M,Robe/Jupe,1.0,650.0,618.0,357.5,260.5,42.15
TXN_005124,2021-03-11,Nov-21,ANJU BHARATI,JNE3273,JNE3273-KR-L,L,Robe/Jupe,1.0,650.0,618.0,357.5,260.5,42.15
TXN_005113,2021-03-11,Nov-21,ANJU BHARATI,JNE3365,JNE3365-KR-1052-L,L,Robe/Jupe,1.0,475.0,451.0,261.25,189.75,42.07
TXN_002685,2021-03-11,Nov-21,ANJU BHARATI,JNE3311,JNE3311-KR-XL,XL,Robe/Jupe,1.0,937.5,891.0,515.62,375.38,42.13
TXN_002684,2021-03-11,Nov-21,ANJU BHARATI,JNE3311,JNE3311-KR-L,L,Robe/Jupe,1.0,937.5,891.0,515.62,375.38,42.13
TXN_002683,2021-03-11,Nov-21,ANJU BHARATI,JNE3311,JNE3311-KR-M,M,Robe/Jupe,1.0,937.5,891.0,515.62,375.38,42.13
TXN_002605,2021-03-11,Nov-21,ANJU BHARATI,JNE3651,JNE3651-TP-S,S,Robe/Jupe,1.0,425.0,404.0,233.75,170.25,42.14
TXN_002606,2021-03-11,Nov-21,ANJU BHARATI,JNE3651,JNE3651-TP-M,M,Robe/Jupe,1.0,425.0,404.0,233.75,170.25,42.14
TXN_002607,2021-03-11,Nov-21,ANJU BHARATI,JNE3651,JNE3651-TP-L,L,Robe/Jupe,1.0,425.0,404.0,233.75,170.25,42.14
TXN_002608,2021-03-11,Nov-21,ANJU BHARATI,JNE3651,JNE3651-TP-XL,XL,Robe/Jupe,1.0,425.0,404.0,233.75,170.25,42.14
TXN_002609,2021-03-11,Nov-21,ANJU BHARATI,JNE3664,JNE3664-TP-XS,XS,Robe/Jupe,1.0,537.5,511.0,295.62,215.38,42.15
TXN_002610,2021-03-11,Nov-21,ANJU BHARATI,JNE3664,JNE3664-TP-S,S,Robe/Jupe,1.0,537.5,511.0,295.62,215.38,42.15
TXN_002611,2021-03-11,Nov-21,ANJU BHARATI,JNE3664,JNE3664-TP-M,M,Robe/Jupe,1.0,537.5,511.0,295.62,215.38,42.15
TXN_002612,2021-03-11,Nov-21,ANJU BHARATI,JNE3664,JNE3664-TP-L,L,Robe/Jupe,1.0,537.5,511.0,295.62,215.38,42.15
TXN_002613,2021-03-11,Nov-21,ANJU BHARATI,JNE3664,JNE3664-TP-XL,XL,Robe/Jupe,1.0,537.5,511.0,295.62,215.38,42.15
TXN_002614,2021-03-11,Nov-21,ANJU BHARATI,JNE3690,JNE3690-TU-XS,XS,Robe/Jupe,1.0,425.0,404.0,233.75,170.25,42.14
TXN_002615,2021-03-11,Nov-21,ANJU BHARATI,JNE3669,JNE3669-TU-XS,XS,Robe/Jupe,1.0,562.5,534.0,309.38,224.62,42.06
TXN_002616,2021-03-11,Nov-21,ANJU BHARATI,JNE3669,JNE3669-TU-S,S,Robe/Jupe,1.0,562.5,534.0,309.38,224.62,42.06
TXN_002617,2021-03-11,Nov-21,ANJU BHARATI,JNE3669,JNE3669-TU-M,M,Robe/Jupe,1.0,562.5,534.0,309.38,224.62,42.06
TXN_002618,2021-03-11,Nov-21,ANJU BHARATI,JNE3669,JNE3669-TU-L,L,Robe/Jupe,1.0,562.5,534.0,309.38,224.62,42.06
TXN_002619,2021-03-11,Nov-21,ANJU BHARATI,JNE3669,JNE3669-TU-XL,XL,Robe/Jupe,1.0,562.5,534.0,309.38,224.62,42.06
TXN_002620,2021-03-11,Nov-21,ANJU BHARATI,JNE3523,JNE3523-KR-XS,XS,Robe/Jupe,1.0,510.0,484.0,280.5,203.5,42.05
TXN_002621,2021-03-11,Nov-21,ANJU BHARATI,JNE3523,JNE3523-KR-S,S,Robe/Jupe,1.0,510.0,484.0,280.5,203.5,42.05
TXN_002622,2021-03-11,Nov-21,ANJU BHARATI,JNE3523,JNE3523-KR-M,M,Robe/Jupe,1.0,510.0,484.0,280.5,203.5,42.05
TXN_002623,2021-03-11,Nov-21,ANJU BHARATI,JNE3523,JNE3523-KR-L,L,Robe/Jupe,1.0,510.0,484.0,280.5,203.5,42.05
TXN_002624,2021-03-11,Nov-21,ANJU BHARATI,JNE3523,JNE3523-KR-XL,XL,Robe/Jupe,1.0,510.0,484.0,280.5,203.5,42.05
TXN_002625,2021-03-11,Nov-21,ANJU BHARATI,JNE3523,JNE3523-KR-XXL,XXL,Robe/Jupe,1.0,510.0,484.0,280.5,203.5,42.05
TXN_002626,2021-03-11,Nov-21,ANJU BHARATI,J0024,J0024-KR-XS,XS,Robe/Jupe,1.0,537.5,511.0,295.62,215.38,42.15
TXN_002627,2021-03-11,Nov-21,ANJU BHARATI,J0024,J0024-KR-S,S,Robe/Jupe,1.0,537.5,511.0,295.62,215.38,42.15
TXN_002604,2021-03-11,Nov-21,ANJU BHARATI,JNE3651,JNE3651-TP-XS,XS,Robe/Jupe,1.0,425.0,404.0,233.75,170.25,42.14
TXN_002603,2021-03-11,Nov-21,ANJU BHARATI,JNE3640,JNE3640-TP-XL,XL,Robe/Jupe,1.0,425.0,404.0,233.75,170.25,42.14
TXN_002602,2021-03-11,Nov-21,ANJU BHARATI,JNE3640,JNE3640-TP-L,L,Robe/Jupe,1.0,425.0,404.0,233.75,170.25,42.14
TXN_002601,2021-03-11,Nov-21,ANJU BHARATI,JNE3640,JNE3640-TP-M,M,Robe/Jupe,1.0,425.0,404.0,233.75,170.25,42.14
TXN_002577,2021-03-11,Nov-21,ANJU BHARATI,BL086,BL086-L,L,Blouse,1.0,255.56,243.0,140.56,102.44,42.16
TXN_002578,2021-03-11,Nov-21,ANJU BHARATI,BL086,BL086-XL,XL,Blouse,1.0,255.56,243.0,140.56,102.44,42.16
TXN_002579,2021-03-11,Nov-21,ANJU BHARATI,BL093,BL093-XS,XS,Blouse,1.0,255.56,243.0,140.56,102.44,42.16
TXN_002580,2021-03-11,Nov-21,ANJU BHARATI,BL093,BL093-S,S,Blouse,1.0,255.56,243.0,140.56,102.44,42.16
TXN_002581,2021-03-11,Nov-21,ANJU BHARATI,BL093,BL093-M,M,Blouse,1.0,255.56,243.0,140.56,102.44,42.16
TXN_002582,2021-03-11,Nov-21,ANJU BHARATI,BL093,BL093-L,L,Blouse,1.0,255.56,243.0,140.56,102.44,42.16
TXN_002583,2021-03-11,Nov-21,ANJU BHARATI,BL093,BL093-XL,XL,Blouse,1.0,255.56,243.0,140.56,102.44,42.16
TXN_002584,2021-03-11,Nov-21,ANJU BHARATI,BL100,BL100-XS,XS,Blouse,1.0,325.0,309.0,178.75,130.25,42.15
TXN_002585,2021-03-11,Nov-21,ANJU BHARATI,BL100,BL100-S,S,Blouse,1.0,325.0,309.0,178.75,130.25,42.15
TXN_002586,2021-03-11,Nov-21,ANJU BHARATI,BL100,BL100-M,M,Blouse,1.0,325.0,309.0,178.75,130.25,42.15
TXN_002587,2021-03-11,Nov-21,ANJU BHARATI,BL100,BL100-L,L,Blouse,1.0,325.0,309.0,178.75,130.25,42.15
TXN_002628,2021-03-11,Nov-21,ANJU BHARATI,J0024,J0024-KR-M,M,Robe/Jupe,1.0,537.5,511.0,295.62,215.38,42.15
TXN_002588,2021-03-11,Nov-21,ANJU BHARATI,BL100,BL100-XL,XL,Blouse,1.0,325.0,309.0,178.75,130.25,42.15
TXN_002590,2021-03-11,Nov-21,ANJU BHARATI,BL113,BL113-S,S,Blouse,1.0,437.5,416.0,240.63,175.37,42.16
TXN_002591,2021-03-11,Nov-21,ANJU BHARATI,BL113,BL113-M,M,Blouse,1.0,437.5,416.0,240.63,175.37,42.16
TXN_002592,2021-03-11,Nov-21,ANJU BHARATI,BL113,BL113-L,L,Blouse,1.0,437.5,416.0,240.63,175.37,42.16
TXN_002593,2021-03-11,Nov-21,ANJU BHARATI,BL113,BL113-XL,XL,Blouse,1.0,437.5,416.0,240.63,175.37,42.16
TXN_002594,2021-03-11,Nov-21,ANJU BHARATI,JNE3668,JNE3668-TP-XS,XS,Robe/Jupe,1.0,403.75,384.0,222.06,161.94,42.17
TXN_002595,2021-03-11,Nov-21,ANJU BHARATI,JNE3668,JNE3668-TP-S,S,Robe/Jupe,1.0,403.75,384.0,222.06,161.94,42.17
TXN_002596,2021-03-11,Nov-21,ANJU BHARATI,JNE3668,JNE3668-TP-M,M,Robe/Jupe,1.0,403.75,384.0,222.06,161.94,42.17
TXN_002597,2021-03-11,Nov-21,ANJU BHARATI,JNE3668,JNE3668-TP-L,L,Robe/Jupe,1.0,403.75,384.0,222.06,161.94,42.17
TXN_002598,2021-03-11,Nov-21,ANJU BHARATI,JNE3668,JNE3668-TP-XL,XL,Robe/Jupe,1.0,403.75,384.0,222.06,161.94,42.17
TXN_002599,2021-03-11,Nov-21,ANJU BHARATI,JNE3640,JNE3640-TP-XS,XS,Robe/Jupe,1.0,425.0,404.0,233.75,170.25,42.14
TXN_002600,2021-03-11,Nov-21,ANJU BHARATI,JNE3640,JNE3640-TP-S,S,Robe/Jupe,1.0,425.0,404.0,233.75,170.25,42.14
TXN_002589,2021-03-11,Nov-21,ANJU BHARATI,BL113,BL113-XS,XS,Blouse,1.0,437.5,416.0,240.63,175.37,42.16
TXN_005125,2021-03-11,Nov-21,ANJU BHARATI,JNE3273,JNE3273-KR-XL,XL,Robe/Jupe,1.0,650.0,618.0,357.5,260.5,42.15
TXN_002629,2021-03-11,Nov-21,ANJU BHARATI,J0024,J0024-KR-L,L,Robe/Jupe,1.0,537.5,511.0,295.62,215.38,42.15
TXN_002631,2021-03-11,Nov-21,ANJU BHARATI,J0203,J0203-TP-XS,XS,Robe/Jupe,1.0,581.25,552.0,319.69,232.31,42.09
TXN_002660,2021-03-11,Nov-21,ANJU BHARATI,JNE3365,JNE3365-KR-1052-XL.,XL,Robe/Jupe,1.0,475.0,451.0,261.25,189.75,42.07
TXN_002661,2021-03-11,Nov-21,ANJU BHARATI,JNE3364,JNE3364-KR-1051-XS,XS,Robe/Jupe,1.0,475.0,451.0,261.25,189.75,42.07
TXN_002662,2021-03-11,Nov-21,ANJU BHARATI,JNE3364,JNE3364-KR-1051-S,S,Robe/Jupe,1.0,475.0,451.0,261.25,189.75,42.07
TXN_002663,2021-03-11,Nov-21,ANJU BHARATI,JNE3364,JNE3364-KR-1051-M,M,Robe/Jupe,1.0,475.0,451.0,261.25,189.75,42.07
TXN_002664,2021-03-11,Nov-21,ANJU BHARATI,JNE3364,JNE3364-KR-1051-L,L,Robe/Jupe,1.0,475.0,451.0,261.25,189.75,42.07
TXN_002665,2021-03-11,Nov-21,ANJU BHARATI,JNE3364,JNE3364-KR-1051-XL,XL,Robe/Jupe,1.0,475.0,451.0,261.25,189.75,42.07
TXN_002666,2021-03-11,Nov-21,ANJU BHARATI,JNE3364,JNE3364-KR-1051-XXL,XXL,Robe/Jupe,1.0,475.0,451.0,261.25,189.75,42.07
TXN_002667,2021-03-11,Nov-21,ANJU BHARATI,JNE3273,JNE3273-KR-XS,XS,Robe/Jupe,1.0,650.0,618.0,357.5,260.5,42.15
TXN_002668,2021-03-11,Nov-21,ANJU BHARATI,JNE3273,JNE3273-KR-S,S,Robe/Jupe,1.0,650.0,618.0,357.5,260.5,42.15
TXN_002669,2021-03-11,Nov-21,ANJU BHARATI,JNE3273,JNE3273-KR-M,M,Robe/Jupe,1.0,650.0,618.0,357.5,260.5,42.15
TXN_002670,2021-03-11,Nov-21,ANJU BHARATI,JNE3273,JNE3273-KR-L,L,Robe/Jupe,1.0,650.0,618.0,357.5,260.5,42.15
TXN_002671,2021-03-11,Nov-21,ANJU BHARATI,JNE3273,JNE3273-KR-XL,XL,Robe/Jupe,1.0,650.0,618.0,357.5,260.5,42.15
TXN_002672,2021-03-11,Nov-21,ANJU BHARATI,JNE3273,JNE3273-KR-XXL,XXL,Robe/Jupe,1.0,650.0,618.0,357.5,260.5,42.15
TXN_002673,2021-03-11,Nov-21,ANJU BHARATI,JNE3562,JNE3562-KR-S,S,Robe/Jupe,1.0,687.5,653.0,378.13,274.87,42.09
TXN_002674,2021-03-11,Nov-21,ANJU BHARATI,JNE3562,JNE3562-KR-M,M,Robe/Jupe,1.0,687.5,653.0,378.13,274.87,42.09
TXN_002675,2021-03-11,Nov-21,ANJU BHARATI,JNE3562,JNE3562-KR-L,L,Robe/Jupe,1.0,687.5,653.0,378.13,274.87,42.09
TXN_002676,2021-03-11,Nov-21,ANJU BHARATI,JNE3562,JNE3562-KR-XL,XL,Robe/Jupe,1.0,687.5,653.0,378.13,274.87,42.09
TXN_002677,2021-03-11,Nov-21,ANJU BHARATI,JNE3637,JNE3637-KR-S,S,Robe/Jupe,1.0,687.5,653.0,378.13,274.87,42.09
TXN_002678,2021-03-11,Nov-21,ANJU BHARATI,JNE3637,JNE3637-KR-M,M,Robe/Jupe,1.0,687.5,653.0,378.13,274.87,42.09
TXN_002679,2021-03-11,Nov-21,ANJU BHARATI,JNE3637,JNE3637-KR-L,L,Robe/Jupe,1.0,687.5,653.0,378.13,274.87,42.09
TXN_002680,2021-03-11,Nov-21,ANJU BHARATI,JNE3637,JNE3637-KR-XL,XL,Robe/Jupe,1.0,687.5,653.0,378.13,274.87,42.09
TXN_002681,2021-03-11,Nov-21,ANJU BHARATI,JNE3311,JNE3311-KR-XS,XS,Robe/Jupe,1.0,937.5,891.0,515.62,375.38,42.13
TXN_002682,2021-03-11,Nov-21,ANJU BHARATI,JNE3311,JNE3311-KR-S,S,Robe/Jupe,1.0,937.5,891.0,515.62,375.38,42.13
TXN_002659,2021-03-11,Nov-21,ANJU BHARATI,JNE3365,JNE3365-KR-1052-L,L,Robe/Jupe,1.0,475.0,451.0,261.25,189.75,42.07
TXN_002658,2021-03-11,Nov-21,ANJU BHARATI,JNE3365,JNE3365-KR-1052-M,M,Robe/Jupe,1.0,475.0,451.0,261.25,189.75,42.07
TXN_002657,2021-03-11,Nov-21,ANJU BHARATI,JNE3365,JNE3365-KR-1052-S,S,Robe/Jupe,1.0,475.0,451.0,261.25,189.75,42.07
TXN_002656,2021-03-11,Nov-21,ANJU BHARATI,JNE3365,JNE3365-KR-1052-XS,XS,Robe/Jupe,1.0,475.0,451.0,261.25,189.75,42.07
TXN_002632,2021-03-11,Nov-21,ANJU BHARATI,J0203,J0203-TP-S,S,Robe/Jupe,1.0,581.25,552.0,319.69,232.31,42.09
TXN_002633,2021-03-11,Nov-21,ANJU BHARATI,J0203,J0203-TP-M,M,Robe/Jupe,1.0,581.25,552.0,319.69,232.31,42.09
TXN_002634,2021-03-11,Nov-21,ANJU BHARATI,J0203,J0203-TP-L,L,Robe/Jupe,1.0,581.25,552.0,319.69,232.31,42.09
TXN_002635,2021-03-11,Nov-21,ANJU BHARATI,J0203,J0203-TP-XL,XL,Robe/Jupe,1.0,581.25,552.0,319.69,232.31,42.09
TXN_002636,2021-03-11,Nov-21,ANJU BHARATI,J0214,J0214-TP-XXL,XXL,Robe/Jupe,1.0,687.5,653.0,378.13,274.87,42.09
TXN_002637,2021-03-11,Nov-21,ANJU BHARATI,J0118,J0118-TP-XS,XS,Robe/Jupe,1.0,387.5,368.0,213.13,154.87,42.08
TXN_002638,2021-03-11,Nov-21,ANJU BHARATI,J0118,J0118-TP-S,S,Robe/Jupe,1.0,387.5,368.0,213.13,154.87,42.08
TXN_002639,2021-03-11,Nov-21,ANJU BHARATI,J0118,J0118-TP-M,M,Robe/Jupe,1.0,387.5,368.0,213.13,154.87,42.08
TXN_002640,2021-03-11,Nov-21,ANJU BHARATI,J0118,J0118-TP-L,L,Robe/Jupe,1.0,387.5,368.0,213.13,154.87,42.08
TXN_002641,2021-03-11,Nov-21,ANJU BHARATI,J0118,J0118-TP-XL,XL,Robe/Jupe,1.0,387.5,368.0,213.13,154.87,42.08
TXN_002642,2021-03-11,Nov-21,ANJU BHARATI,J0119,J0119-TP-XS,XS,Robe/Jupe,1.0,462.5,439.0,254.38,184.62,42.05
TXN_002630,2021-03-11,Nov-21,ANJU BHARATI,J0024,J0024-KR-XL,XL,Robe/Jupe,1.0,537.5,511.0,295.62,215.38,42.15
TXN_002643,2021-03-11,Nov-21,ANJU BHARATI,J0119,J0119-TP-S,S,Robe/Jupe,1.0,462.5,439.0,254.38,184.62,42.05
TXN_002645,2021-03-11,Nov-21,ANJU BHARATI,J0119,J0119-TP-L,L,Robe/Jupe,1.0,462.5,439.0,254.38,184.62,42.05
TXN_002646,2021-03-11,Nov-21,ANJU BHARATI,J0119,J0119-TP-XL,XL,Robe/Jupe,1.0,462.5,439.0,254.38,184.62,42.05
TXN_002647,2021-03-11,Nov-21,ANJU BHARATI,JNE3611,JNE3611-KR-XS,XS,Robe/Jupe,1.0,562.5,534.0,309.38,224.62,42.06
TXN_002648,2021-03-11,Nov-21,ANJU BHARATI,JNE3611,JNE3611-KR-S,S,Robe/Jupe,1.0,562.5,534.0,309.38,224.62,42.06
TXN_002649,2021-03-11,Nov-21,ANJU BHARATI,JNE3611,JNE3611-KR-M,M,Robe/Jupe,1.0,562.5,534.0,309.38,224.62,42.06
TXN_002650,2021-03-11,Nov-21,ANJU BHARATI,JNE3611,JNE3611-KR-L,L,Robe/Jupe,1.0,562.5,534.0,309.38,224.62,42.06
TXN_002651,2021-03-11,Nov-21,ANJU BHARATI,JNE3611,JNE3611-KR-XL,XL,Robe/Jupe,1.0,562.5,534.0,309.38,224.62,42.06
TXN_002652,2021-03-11,Nov-21,ANJU BHARATI,JNE3605,JNE3605-KR-S,S,Robe/Jupe,1.0,462.5,439.0,254.38,184.62,42.05
TXN_002653,2021-03-11,Nov-21,ANJU BHARATI,JNE3605,JNE3605-KR-M,M,Robe/Jupe,1.0,462.5,439.0,254.38,184.62,42.05
TXN_002654,2021-03-11,Nov-21,ANJU BHARATI,JNE3605,JNE3605-KR-L,L,Robe/Jupe,1.0,462.5,439.0,254.38,184.62,42.05
TXN_002655,2021-03-11,Nov-21,ANJU BHARATI,JNE3605,JNE3605-KR-XL,XL,Robe/Jupe,1.0,462.5,439.0,254.38,184.62,42.05
TXN_002644,2021-03-11,Nov-21,ANJU BHARATI,J0119,J0119-TP-M,M,Robe/Jupe,1.0,462.5,439.0,254.38,184.62,42.05
TXN_002575,2021-03-11,Nov-21,ANJU BHARATI,BL086,BL086-S,S,Blouse,1.0,255.56,243.0,140.56,102.44,42.16
TXN_005002,2021-03-11,Nov-21,ANJU BHARATI,MEN5009,MEN5009-KR-M,M,Homme,2.0,611.25,1161.0,672.38,488.62,42.09
TXN_001130,2021-04-08,Aug-21,MR ALWAR MURALI,J0172,J0172-TP-L,L,Robe/Jupe,1.0,390.0,390.0,214.5,175.5,45.0
TXN_001023,2021-04-08,Aug-21,SURE FASHIONS LLC,J0279,J0279-SET-XL,XL,Robe/Jupe,1.0,1039.0,914.0,571.45,342.55,37.48
TXN_001022,2021-04-08,Aug-21,SURE FASHIONS LLC,J0279,J0279-SET-S,S,Robe/Jupe,3.0,1039.0,2743.0,1714.35,1028.65,37.5
TXN_001021,2021-04-08,Aug-21,SURE FASHIONS LLC,J0279,J0279-SET-L,L,Robe/Jupe,2.0,1039.0,1829.0,1142.9,686.1,37.51
TXN_001020,2021-04-08,Aug-21,SURE FASHIONS LLC,J0244,J0244-SKD-XL,XL,Robe/Jupe,2.0,1234.0,2172.0,1357.4,814.6,37.5
TXN_001019,2021-04-08,Aug-21,SURE FASHIONS LLC,J0244,J0244-SKD-M,M,Robe/Jupe,4.0,1234.0,4344.0,2714.8,1629.2,37.5
TXN_001018,2021-04-08,Aug-21,SURE FASHIONS LLC,J0244,J0244-SKD-L,L,Robe/Jupe,5.0,1234.0,5430.0,3393.5,2036.5,37.5
TXN_001017,2021-04-08,Aug-21,SURE FASHIONS LLC,J0243,J0243-DR-XL,XL,Robe/Jupe,2.0,1039.0,1829.0,1142.9,686.1,37.51
TXN_001016,2021-04-08,Aug-21,SURE FASHIONS LLC,J0243,J0243-DR-S,S,Robe/Jupe,2.0,1039.0,1829.0,1142.9,686.1,37.51
TXN_001015,2021-04-08,Aug-21,SURE FASHIONS LLC,J0243,J0243-DR-M,M,Robe/Jupe,4.0,1039.0,3657.0,2285.8,1371.2,37.5
TXN_001014,2021-04-08,Aug-21,SURE FASHIONS LLC,J0243,J0243-DR-L,L,Robe/Jupe,4.0,1039.0,3657.0,2285.8,1371.2,37.5
TXN_001013,2021-04-08,Aug-21,SURE FASHIONS LLC,J0239,J0239-SKD-XXL,XXL,Robe/Jupe,2.0,1364.0,2401.0,1500.4,900.6,37.51
TXN_001012,2021-04-08,Aug-21,SURE FASHIONS LLC,J0239,J0239-SKD-XL,XL,Robe/Jupe,4.0,1364.0,4801.0,3000.8,1800.2,37.5
TXN_001011,2021-04-08,Aug-21,SURE FASHIONS LLC,J0239,J0239-SKD-S,S,Robe/Jupe,2.0,1364.0,2401.0,1500.4,900.6,37.51
TXN_001010,2021-04-08,Aug-21,SURE FASHIONS LLC,J0239,J0239-SKD-L,L,Robe/Jupe,6.0,1364.0,7202.0,4501.2,2700.8,37.5
TXN_001009,2021-04-08,Aug-21,SURE FASHIONS LLC,J0208,J0208-DR-XL,XL,Robe/Jupe,3.0,747.0,2017.0,1232.55,784.45,38.89
TXN_001007,2021-04-08,Aug-21,SURE FASHIONS LLC,J0208,J0208-DR-M,M,Robe/Jupe,6.0,747.0,4034.0,2465.1,1568.9,38.89
TXN_001006,2021-04-08,Aug-21,SURE FASHIONS LLC,J0208,J0208-DR-L,L,Robe/Jupe,6.0,747.0,4034.0,2465.1,1568.9,38.89
TXN_001024,2021-04-08,Aug-21,SURE FASHIONS LLC,J0279,J0279-SET-XXL,XXL,Robe/Jupe,1.0,1039.0,914.0,571.45,342.55,37.48
TXN_001005,2021-04-08,Aug-21,SURE FASHIONS LLC,J0207,J0207-DR-XXL,XXL,Robe/Jupe,2.0,812.0,1429.0,893.2,535.8,37.49
TXN_001025,2021-04-08,Aug-21,SURE FASHIONS LLC,J0283,J0283-SET-L,L,Robe/Jupe,6.0,1039.0,5486.0,3428.7,2057.3,37.5
TXN_001027,2021-04-08,Aug-21,SURE FASHIONS LLC,J0283,J0283-SET-S,S,Robe/Jupe,2.0,1039.0,1829.0,1142.9,686.1,37.51
TXN_001044,2021-04-08,Aug-21,SURE FASHIONS LLC,JNE3440,JNE3440-KR-XL,XL,Robe/Jupe,4.0,389.0,1400.0,855.8,544.2,38.87
TXN_001043,2021-04-08,Aug-21,SURE FASHIONS LLC,JNE3440,JNE3440-KR-S,S,Robe/Jupe,4.0,389.0,1400.0,855.8,544.2,38.87
TXN_001042,2021-04-08,Aug-21,SURE FASHIONS LLC,JNE3440,JNE3440-KR-M,M,Robe/Jupe,4.0,389.0,1400.0,855.8,544.2,38.87
TXN_001041,2021-04-08,Aug-21,SURE FASHIONS LLC,JNE3440,JNE3440-KR-L,L,Robe/Jupe,8.0,389.0,2801.0,1711.6,1089.4,38.89
TXN_001040,2021-04-08,Aug-21,SURE FASHIONS LLC,JNE3366,JNE3366-KR-1053-XXL,XXL,Robe/Jupe,4.0,422.0,1519.0,928.4,590.6,38.88
TXN_001039,2021-04-08,Aug-21,SURE FASHIONS LLC,JNE3366,JNE3366-KR-1053-XS,XS,Robe/Jupe,1.0,422.0,380.0,232.1,147.9,38.92
TXN_001038,2021-04-08,Aug-21,SURE FASHIONS LLC,JNE3366,JNE3366-KR-1053-XL,XL,Robe/Jupe,5.0,422.0,1899.0,1160.5,738.5,38.89
TXN_001037,2021-04-08,Aug-21,SURE FASHIONS LLC,JNE3366,JNE3366-KR-1053-S,S,Robe/Jupe,4.0,422.0,1519.0,928.4,590.6,38.88
TXN_001036,2021-04-08,Aug-21,SURE FASHIONS LLC,JNE3366,JNE3366-KR-1053-M,M,Robe/Jupe,8.0,422.0,3038.0,1856.8,1181.2,38.88
TXN_001035,2021-04-08,Aug-21,SURE FASHIONS LLC,JNE3366,JNE3366-KR-1053-L,L,Robe/Jupe,6.0,422.0,2279.0,1392.6,886.4,38.89
TXN_001034,2021-04-08,Aug-21,SURE FASHIONS LLC,JNE2100,JNE2100-KR-144-XXL,XXL,Robe/Jupe,2.0,454.0,817.0,499.4,317.6,38.87
TXN_001033,2021-04-08,Aug-21,SURE FASHIONS LLC,JNE2100,JNE2100-KR-144-XL,XL,Robe/Jupe,2.0,454.0,817.0,499.4,317.6,38.87
TXN_001032,2021-04-08,Aug-21,SURE FASHIONS LLC,JNE2100,JNE2100-KR-144-S,S,Robe/Jupe,2.0,454.0,817.0,499.4,317.6,38.87
TXN_001031,2021-04-08,Aug-21,SURE FASHIONS LLC,JNE2100,JNE2100-KR-144-M,M,Robe/Jupe,4.0,454.0,1634.0,998.8,635.2,38.87
TXN_001030,2021-04-08,Aug-21,SURE FASHIONS LLC,JNE2100,JNE2100-KR-144-L,L,Robe/Jupe,4.0,454.0,1634.0,998.8,635.2,38.87
TXN_001029,2021-04-08,Aug-21,SURE FASHIONS LLC,J0283,J0283-SET-XXL,XXL,Robe/Jupe,2.0,1039.0,1829.0,1142.9,686.1,37.51
TXN_001028,2021-04-08,Aug-21,SURE FASHIONS LLC,J0283,J0283-SET-XL,XL,Robe/Jupe,4.0,1039.0,3657.0,2285.8,1371.2,37.5
TXN_001026,2021-04-08,Aug-21,SURE FASHIONS LLC,J0283,J0283-SET-M,M,Robe/Jupe,5.0,1039.0,4572.0,2857.25,1714.75,37.51
TXN_001004,2021-04-08,Aug-21,SURE FASHIONS LLC,J0207,J0207-DR-XL,XL,Robe/Jupe,3.0,812.0,2144.0,1339.8,804.2,37.51
TXN_001003,2021-04-08,Aug-21,SURE FASHIONS LLC,J0207,J0207-DR-S,S,Robe/Jupe,4.0,812.0,2858.0,1786.4,1071.6,37.49
TXN_001002,2021-04-08,Aug-21,SURE FASHIONS LLC,J0202,J0202-TP-XXL,XXL,Robe/Jupe,2.0,649.0,1168.0,713.9,454.1,38.88
TXN_000979,2021-04-08,Aug-21,SURE FASHIONS LLC,J0166,J0166-DR-M,M,Robe/Jupe,8.0,790.0,5688.0,3476.0,2212.0,38.89
TXN_000978,2021-04-08,Aug-21,SURE FASHIONS LLC,J0166,J0166-DR-L,L,Robe/Jupe,8.0,790.0,5688.0,3476.0,2212.0,38.89
TXN_000977,2021-04-08,Aug-21,SURE FASHIONS LLC,J0154,J0154-DR-XS,XS,Robe/Jupe,1.0,552.0,497.0,303.6,193.4,38.91
TXN_000976,2021-04-08,Aug-21,SURE FASHIONS LLC,J0154,J0154-DR-XL,XL,Robe/Jupe,2.0,552.0,994.0,607.2,386.8,38.91
TXN_000975,2021-04-08,Aug-21,SURE FASHIONS LLC,J0154,J0154-DR-S,S,Robe/Jupe,4.0,552.0,1987.0,1214.4,772.6,38.88
TXN_000974,2021-04-08,Aug-21,SURE FASHIONS LLC,J0154,J0154-DR-M,M,Robe/Jupe,8.0,552.0,3974.0,2428.8,1545.2,38.88
TXN_000973,2021-04-08,Aug-21,SURE FASHIONS LLC,J0154,J0154-DR-L,L,Robe/Jupe,6.0,552.0,2981.0,1821.6,1159.4,38.89
TXN_000972,2021-04-08,Aug-21,SURE FASHIONS LLC,J0152,J0152-DR-XS,XS,Robe/Jupe,2.0,779.0,1402.0,856.9,545.1,38.88
TXN_000971,2021-04-08,Aug-21,SURE FASHIONS LLC,J0152,J0152-DR-S,S,Robe/Jupe,5.0,779.0,3506.0,2142.25,1363.75,38.9
TXN_000970,2021-04-08,Aug-21,SURE FASHIONS LLC,J0152,J0152-DR-M,M,Robe/Jupe,4.0,779.0,2804.0,1713.8,1090.2,38.88
TXN_000969,2021-04-08,Aug-21,SURE FASHIONS LLC,J0152,J0152-DR-L,L,Robe/Jupe,2.0,779.0,1402.0,856.9,545.1,38.88
TXN_000968,2021-04-08,Aug-21,SURE FASHIONS LLC,J0138,J0138-KR-XL,XL,Robe/Jupe,2.0,649.0,1168.0,713.9,454.1,38.88
TXN_000967,2021-04-08,Aug-21,SURE FASHIONS LLC,J0138,J0138-KR-S,S,Robe/Jupe,2.0,649.0,1168.0,713.9,454.1,38.88
TXN_000966,2021-04-08,Aug-21,SURE FASHIONS LLC,J0138,J0138-KR-M,M,Robe/Jupe,8.0,649.0,4673.0,2855.6,1817.4,38.89
TXN_000965,2021-04-08,Aug-21,SURE FASHIONS LLC,J0138,J0138-KR-L,L,Robe/Jupe,8.0,649.0,4673.0,2855.6,1817.4,38.89
TXN_000964,2021-04-08,Aug-21,SURE FASHIONS LLC,J0123,J0123-TP-XS,XS,Robe/Jupe,2.0,377.0,679.0,414.7,264.3,38.92
TXN_000963,2021-04-08,Aug-21,SURE FASHIONS LLC,J0123,J0123-TP-XL,XL,Robe/Jupe,1.0,377.0,339.0,207.35,131.65,38.83
TXN_000980,2021-04-08,Aug-21,SURE FASHIONS LLC,J0166,J0166-DR-S,S,Robe/Jupe,4.0,790.0,2844.0,1738.0,1106.0,38.89
TXN_000981,2021-04-08,Aug-21,SURE FASHIONS LLC,J0166,J0166-DR-XL,XL,Robe/Jupe,4.0,790.0,2844.0,1738.0,1106.0,38.89
TXN_000982,2021-04-08,Aug-21,SURE FASHIONS LLC,J0166,J0166-DR-XS,XS,Robe/Jupe,2.0,790.0,1422.0,869.0,553.0,38.89
TXN_000983,2021-04-08,Aug-21,SURE FASHIONS LLC,J0166,J0166-DR-XXL,XXL,Robe/Jupe,1.0,790.0,711.0,434.5,276.5,38.89
TXN_001001,2021-04-08,Aug-21,SURE FASHIONS LLC,J0202,J0202-TP-XS,XS,Robe/Jupe,2.0,649.0,1168.0,713.9,454.1,38.88
TXN_001000,2021-04-08,Aug-21,SURE FASHIONS LLC,J0202,J0202-TP-XL,XL,Robe/Jupe,2.0,649.0,1168.0,713.9,454.1,38.88
TXN_000999,2021-04-08,Aug-21,SURE FASHIONS LLC,J0202,J0202-TP-S,S,Robe/Jupe,4.0,649.0,2336.0,1427.8,908.2,38.88
TXN_000998,2021-04-08,Aug-21,SURE FASHIONS LLC,J0202,J0202-TP-M,M,Robe/Jupe,6.0,649.0,3505.0,2141.7,1363.3,38.9
TXN_000997,2021-04-08,Aug-21,SURE FASHIONS LLC,J0202,J0202-TP-L,L,Robe/Jupe,6.0,649.0,3505.0,2141.7,1363.3,38.9
TXN_000996,2021-04-08,Aug-21,SURE FASHIONS LLC,J0197,J0197-TP-XS,XS,Robe/Jupe,2.0,584.0,1051.0,642.4,408.6,38.88
TXN_000995,2021-04-08,Aug-21,SURE FASHIONS LLC,J0197,J0197-TP-XL,XL,Robe/Jupe,2.0,584.0,1051.0,642.4,408.6,38.88
TXN_000994,2021-04-08,Aug-21,SURE FASHIONS LLC,J0197,J0197-TP-S,S,Robe/Jupe,4.0,584.0,2102.0,1284.8,817.2,38.88
TXN_001045,2021-04-08,Aug-21,SURE FASHIONS LLC,JNE3440,JNE3440-KR-XXL,XXL,Robe/Jupe,2.0,389.0,700.0,427.9,272.1,38.87
TXN_000993,2021-04-08,Aug-21,SURE FASHIONS LLC,J0197,J0197-TP-M,M,Robe/Jupe,8.0,584.0,4205.0,2569.6,1635.4,38.89
TXN_000991,2021-04-08,Aug-21,SURE FASHIONS LLC,J0185,J0185-DR-XL,XL,Robe/Jupe,2.0,1104.0,1943.0,1214.4,728.6,37.5
TXN_000990,2021-04-08,Aug-21,SURE FASHIONS LLC,J0185,J0185-DR-S,S,Robe/Jupe,1.0,1104.0,972.0,607.2,364.8,37.53
TXN_000989,2021-04-08,Aug-21,SURE FASHIONS LLC,J0185,J0185-DR-M,M,Robe/Jupe,4.0,1104.0,3886.0,2428.8,1457.2,37.5
TXN_000988,2021-04-08,Aug-21,SURE FASHIONS LLC,J0185,J0185-DR-L,L,Robe/Jupe,4.0,1104.0,3886.0,2428.8,1457.2,37.5
TXN_000987,2021-04-08,Aug-21,SURE FASHIONS LLC,J0178,J0178-TP-XS,XS,Robe/Jupe,2.0,357.0,643.0,392.7,250.3,38.93
TXN_000986,2021-04-08,Aug-21,SURE FASHIONS LLC,J0178,J0178-TP-S,S,Robe/Jupe,4.0,357.0,1285.0,785.4,499.6,38.88
TXN_000985,2021-04-08,Aug-21,SURE FASHIONS LLC,J0178,J0178-TP-M,M,Robe/Jupe,4.0,357.0,1285.0,785.4,499.6,38.88
TXN_000984,2021-04-08,Aug-21,SURE FASHIONS LLC,J0178,J0178-TP-L,L,Robe/Jupe,2.0,357.0,643.0,392.7,250.3,38.93
TXN_000992,2021-04-08,Aug-21,SURE FASHIONS LLC,J0197,J0197-TP-L,L,Robe/Jupe,8.0,584.0,4205.0,2569.6,1635.4,38.89
TXN_000962,2021-04-08,Aug-21,SURE FASHIONS LLC,J0123,J0123-TP-S,S,Robe/Jupe,5.0,377.0,1696.0,1036.75,659.25,38.87
TXN_001046,2021-04-08,Aug-21,SURE FASHIONS LLC,JNE3501,JNE3501-KR-L,L,Robe/Jupe,6.0,519.0,2803.0,1712.7,1090.3,38.9
TXN_001048,2021-04-08,Aug-21,SURE FASHIONS LLC,JNE3501,JNE3501-KR-S,S,Robe/Jupe,4.0,519.0,1868.0,1141.8,726.2,38.88
TXN_001108,2021-04-08,Aug-21,SURE FASHIONS LLC,SET210,SET210-KR-PP-XL,XL,Ensemble,3.0,779.0,2103.0,1285.35,817.65,38.88
TXN_001107,2021-04-08,Aug-21,SURE FASHIONS LLC,SET210,SET210-KR-PP-S,S,Ensemble,2.0,779.0,1402.0,856.9,545.1,38.88
TXN_001106,2021-04-08,Aug-21,SURE FASHIONS LLC,SET210,SET210-KR-PP-M,M,Ensemble,5.0,779.0,3506.0,2142.25,1363.75,38.9
TXN_001105,2021-04-08,Aug-21,SURE FASHIONS LLC,SET210,SET210-KR-PP-L,L,Ensemble,7.0,779.0,4908.0,2999.15,1908.85,38.89
TXN_001104,2021-04-08,Aug-21,SURE FASHIONS LLC,SET186,SET186-KR-DH-XL,XL,Ensemble,2.0,877.0,1544.0,964.7,579.3,37.52
TXN_001103,2021-04-08,Aug-21,SURE FASHIONS LLC,SET186,SET186-KR-DH-S,S,Ensemble,4.0,877.0,3087.0,1929.4,1157.6,37.5
TXN_001102,2021-04-08,Aug-21,SURE FASHIONS LLC,SET186,SET186-KR-DH-M,M,Ensemble,6.0,877.0,4631.0,2894.1,1736.9,37.51
TXN_001101,2021-04-08,Aug-21,SURE FASHIONS LLC,SET186,SET186-KR-DH-L,L,Ensemble,6.0,877.0,4631.0,2894.1,1736.9,37.51
TXN_001100,2021-04-08,Aug-21,SURE FASHIONS LLC,SET110,SET110-KR-PP-XS,XS,Ensemble,2.0,877.0,1544.0,964.7,579.3,37.52
TXN_001099,2021-04-08,Aug-21,SURE FASHIONS LLC,SET110,SET110-KR-PP-S,S,Ensemble,6.0,877.0,4631.0,2894.1,1736.9,37.51
TXN_001098,2021-04-08,Aug-21,SURE FASHIONS LLC,SET110,SET110-KR-PP-M,M,Ensemble,7.0,877.0,5402.0,3376.45,2025.55,37.5
TXN_001097,2021-04-08,Aug-21,SURE FASHIONS LLC,SET110,SET110-KR-PP-L,L,Ensemble,7.0,877.0,5402.0,3376.45,2025.55,37.5
TXN_001096,2021-04-08,Aug-21,SURE FASHIONS LLC,SET038,SET038-KR-PP-XXL,XXL,Ensemble,2.0,747.0,1345.0,821.7,523.3,38.91
TXN_001095,2021-04-08,Aug-21,SURE FASHIONS LLC,SET038,SET038-KR-PP-XS,XS,Ensemble,2.0,747.0,1345.0,821.7,523.3,38.91
TXN_001094,2021-04-08,Aug-21,SURE FASHIONS LLC,SET038,SET038-KR-PP-XL,XL,Ensemble,2.0,747.0,1345.0,821.7,523.3,38.91
TXN_001093,2021-04-08,Aug-21,SURE FASHIONS LLC,SET038,SET038-KR-PP-S,S,Ensemble,6.0,747.0,4034.0,2465.1,1568.9,38.89
TXN_001092,2021-04-08,Aug-21,SURE FASHIONS LLC,SET038,SET038-KR-PP-M,M,Ensemble,6.0,747.0,4034.0,2465.1,1568.9,38.89
TXN_001109,2021-04-08,Aug-21,SURE FASHIONS LLC,SET210,SET210-KR-PP-XXL,XXL,Ensemble,2.0,779.0,1402.0,856.9,545.1,38.88
TXN_001091,2021-04-08,Aug-21,SURE FASHIONS LLC,SET038,SET038-KR-PP-L,L,Ensemble,3.0,747.0,2017.0,1232.55,784.45,38.89
TXN_001110,2021-04-08,Aug-21,SURE FASHIONS LLC,SET227,SET227-KR-PP-L,L,Ensemble,4.0,779.0,2804.0,1713.8,1090.2,38.88
TXN_001112,2021-04-08,Aug-21,SURE FASHIONS LLC,SET227,SET227-KR-PP-S,S,Ensemble,1.0,779.0,701.0,428.45,272.55,38.88
TXN_001129,2021-04-08,Aug-21,MR ALWAR MURALI,J0205,J0205-TP-XXXL,XXXL,Robe/Jupe,1.0,507.5,508.0,279.12,228.88,45.06
TXN_001128,2021-04-08,Aug-21,MR ALWAR MURALI,SET238,SET238-KR-PP-XL,XL,Ensemble,1.0,743.75,744.0,409.06,334.94,45.02
TXN_001127,2021-04-08,Aug-21,MR ALWAR MURALI,JNE3678,JNE3678-TU-XXL,XXL,Robe/Jupe,1.0,387.5,388.0,213.13,174.87,45.07
TXN_001126,2021-04-08,Aug-21,MR ALWAR MURALI,BTM008,BTM008-XXL,XXL,Autre,1.0,337.5,338.0,185.63,152.37,45.08
TXN_001125,2021-04-08,Aug-21,MR ALWAR MURALI,JNE3687,JNE3687-TU-XXL,XXL,Robe/Jupe,1.0,450.0,450.0,247.5,202.5,45.0
TXN_001124,2021-04-08,Aug-21,MR ALWAR MURALI,JNE3673,JNE3673-TU-XXXL,XXXL,Robe/Jupe,1.0,512.5,512.0,281.88,230.12,44.95
TXN_001123,2021-04-08,Aug-21,MR ALWAR MURALI,BTM026,BTM026-NP-XXL,XXL,Autre,1.0,337.5,338.0,185.63,152.37,45.08
TXN_001122,2021-04-08,Aug-21,MR ALWAR MURALI,SET270,SET270-KR-PP-M,M,Ensemble,1.0,893.75,894.0,491.56,402.44,45.02
TXN_001121,2021-04-08,Aug-21,MR ALWAR MURALI,SET258,SET258-KR-PP-XXXL,XXXL,Ensemble,1.0,1343.75,1344.0,739.06,604.94,45.01
TXN_001120,2021-04-08,Aug-21,MR ALWAR MURALI,JNE3671,JNE3671-TU-XXXL,XXXL,Robe/Jupe,1.0,512.5,512.0,281.88,230.12,44.95
TXN_001119,2021-04-08,Aug-21,SURE FASHIONS LLC,SET228,SET228-KR-PP-XXL,XXL,Ensemble,1.0,779.0,701.0,428.45,272.55,38.88
TXN_001118,2021-04-08,Aug-21,SURE FASHIONS LLC,SET228,SET228-KR-PP-XL,XL,Ensemble,2.0,779.0,1402.0,856.9,545.1,38.88
TXN_001117,2021-04-08,Aug-21,SURE FASHIONS LLC,SET228,SET228-KR-PP-S,S,Ensemble,1.0,779.0,701.0,428.45,272.55,38.88
TXN_001116,2021-04-08,Aug-21,SURE FASHIONS LLC,SET228,SET228-KR-PP-M,M,Ensemble,4.0,779.0,2804.0,1713.8,1090.2,38.88
TXN_001115,2021-04-08,Aug-21,SURE FASHIONS LLC,SET228,SET228-KR-PP-L,L,Ensemble,4.0,779.0,2804.0,1713.8,1090.2,38.88
TXN_001114,2021-04-08,Aug-21,SURE FASHIONS LLC,SET227,SET227-KR-PP-XXL,XXL,Ensemble,1.0,779.0,701.0,428.45,272.55,38.88
TXN_001113,2021-04-08,Aug-21,SURE FASHIONS LLC,SET227,SET227-KR-PP-XL,XL,Ensemble,2.0,779.0,1402.0,856.9,545.1,38.88
TXN_001111,2021-04-08,Aug-21,SURE FASHIONS LLC,SET227,SET227-KR-PP-M,M,Ensemble,4.0,779.0,2804.0,1713.8,1090.2,38.88
TXN_001090,2021-04-08,Aug-21,SURE FASHIONS LLC,JNE3680,JNE3680-TU-XXL,XXL,Robe/Jupe,2.0,454.0,817.0,499.4,317.6,38.87
TXN_001089,2021-04-08,Aug-21,SURE FASHIONS LLC,JNE3680,JNE3680-TU-S,S,Robe/Jupe,2.0,454.0,817.0,499.4,317.6,38.87
TXN_001088,2021-04-08,Aug-21,SURE FASHIONS LLC,JNE3680,JNE3680-TU-M,M,Robe/Jupe,3.0,454.0,1226.0,749.1,476.9,38.9
TXN_001065,2021-04-08,Aug-21,SURE FASHIONS LLC,JNE3555,JNE3555-KR-S.,S,Robe/Jupe,3.0,487.0,1315.0,803.55,511.45,38.89
TXN_001064,2021-04-08,Aug-21,SURE FASHIONS LLC,JNE3555,JNE3555-KR-M,M,Robe/Jupe,5.0,487.0,2192.0,1339.25,852.75,38.9
TXN_001063,2021-04-08,Aug-21,SURE FASHIONS LLC,JNE3555,JNE3555-KR-L,L,Robe/Jupe,5.0,487.0,2192.0,1339.25,852.75,38.9
TXN_001062,2021-04-08,Aug-21,SURE FASHIONS LLC,JNE3554,JNE3554-KR-XXL,XXL,Robe/Jupe,3.0,487.0,1315.0,803.55,511.45,38.89
TXN_001061,2021-04-08,Aug-21,SURE FASHIONS LLC,JNE3554,JNE3554-KR-XL,XL,Robe/Jupe,8.0,487.0,3506.0,2142.8,1363.2,38.88
TXN_001060,2021-04-08,Aug-21,SURE FASHIONS LLC,JNE3554,JNE3554-KR-S,S,Robe/Jupe,6.0,487.0,2630.0,1607.1,1022.9,38.89
TXN_001059,2021-04-08,Aug-21,SURE FASHIONS LLC,JNE3554,JNE3554-KR-M,M,Robe/Jupe,12.0,487.0,5260.0,3214.2,2045.8,38.89
TXN_001058,2021-04-08,Aug-21,SURE FASHIONS LLC,JNE3554,JNE3554-KR-L,L,Robe/Jupe,9.0,487.0,3945.0,2410.65,1534.35,38.89
TXN_001057,2021-04-08,Aug-21,SURE FASHIONS LLC,JNE3522,JNE3522-KR-XXL,XXL,Robe/Jupe,1.0,454.0,409.0,249.7,159.3,38.95
TXN_001056,2021-04-08,Aug-21,SURE FASHIONS LLC,JNE3522,JNE3522-KR-XS,XS,Robe/Jupe,1.0,454.0,409.0,249.7,159.3,38.95
TXN_001055,2021-04-08,Aug-21,SURE FASHIONS LLC,JNE3522,JNE3522-KR-XL,XL,Robe/Jupe,4.0,454.0,1634.0,998.8,635.2,38.87
TXN_001054,2021-04-08,Aug-21,SURE FASHIONS LLC,JNE3522,JNE3522-KR-S,S,Robe/Jupe,3.0,454.0,1226.0,749.1,476.9,38.9
TXN_001053,2021-04-08,Aug-21,SURE FASHIONS LLC,JNE3522,JNE3522-KR-M,M,Robe/Jupe,6.0,454.0,2452.0,1498.2,953.8,38.9
TXN_001052,2021-04-08,Aug-21,SURE FASHIONS LLC,JNE3522,JNE3522-KR-L,L,Robe/Jupe,6.0,454.0,2452.0,1498.2,953.8,38.9
TXN_001051,2021-04-08,Aug-21,SURE FASHIONS LLC,JNE3501,JNE3501-KR-XXL,XXL,Robe/Jupe,4.0,519.0,1868.0,1141.8,726.2,38.88
TXN_001050,2021-04-08,Aug-21,SURE FASHIONS LLC,JNE3501,JNE3501-KR-XS,XS,Robe/Jupe,2.0,519.0,934.0,570.9,363.1,38.88
TXN_001049,2021-04-08,Aug-21,SURE FASHIONS LLC,JNE3501,JNE3501-KR-XL,XL,Robe/Jupe,4.0,519.0,1868.0,1141.8,726.2,38.88
TXN_001066,2021-04-08,Aug-21,SURE FASHIONS LLC,JNE3555,JNE3555-KR-XL,XL,Robe/Jupe,2.0,487.0,877.0,535.7,341.3,38.92
TXN_001067,2021-04-08,Aug-21,SURE FASHIONS LLC,JNE3555,JNE3555-KR-XXL,XXL,Robe/Jupe,2.0,487.0,877.0,535.7,341.3,38.92
TXN_001068,2021-04-08,Aug-21,SURE FASHIONS LLC,JNE3640,JNE3640-TP-L,L,Robe/Jupe,6.0,454.0,2452.0,1498.2,953.8,38.9
TXN_001069,2021-04-08,Aug-21,SURE FASHIONS LLC,JNE3640,JNE3640-TP-M,M,Robe/Jupe,5.0,454.0,2043.0,1248.5,794.5,38.89
TXN_001087,2021-04-08,Aug-21,SURE FASHIONS LLC,JNE3680,JNE3680-TU-L,L,Robe/Jupe,1.0,454.0,409.0,249.7,159.3,38.95
TXN_001086,2021-04-08,Aug-21,SURE FASHIONS LLC,JNE3665,JNE3665-TP-XS,XS,Robe/Jupe,2.0,422.0,760.0,464.2,295.8,38.92
TXN_001085,2021-04-08,Aug-21,SURE FASHIONS LLC,JNE3665,JNE3665-TP-XL,XL,Robe/Jupe,2.0,422.0,760.0,464.2,295.8,38.92
TXN_001084,2021-04-08,Aug-21,SURE FASHIONS LLC,JNE3665,JNE3665-TP-S,S,Robe/Jupe,6.0,422.0,2279.0,1392.6,886.4,38.89
TXN_001083,2021-04-08,Aug-21,SURE FASHIONS LLC,JNE3665,JNE3665-TP-M,M,Robe/Jupe,6.0,422.0,2279.0,1392.6,886.4,38.89
TXN_001082,2021-04-08,Aug-21,SURE FASHIONS LLC,JNE3665,JNE3665-TP-L,L,Robe/Jupe,3.0,422.0,1139.0,696.3,442.7,38.87
TXN_001081,2021-04-08,Aug-21,SURE FASHIONS LLC,JNE3649,JNE3649-TP-XS,XS,Robe/Jupe,2.0,487.0,877.0,535.7,341.3,38.92
TXN_001080,2021-04-08,Aug-21,SURE FASHIONS LLC,JNE3649,JNE3649-TP-S,S,Robe/Jupe,4.0,487.0,1753.0,1071.4,681.6,38.88
TXN_001047,2021-04-08,Aug-21,SURE FASHIONS LLC,JNE3501,JNE3501-KR-M,M,Robe/Jupe,5.0,519.0,2336.0,1427.25,908.75,38.9
TXN_001079,2021-04-08,Aug-21,SURE FASHIONS LLC,JNE3649,JNE3649-TP-M,M,Robe/Jupe,6.0,487.0,2630.0,1607.1,1022.9,38.89
TXN_001077,2021-04-08,Aug-21,SURE FASHIONS LLC,JNE3642,JNE3642-TP-XS,XS,Robe/Jupe,2.0,422.0,760.0,464.2,295.8,38.92
TXN_001076,2021-04-08,Aug-21,SURE FASHIONS LLC,JNE3642,JNE3642-TP-S,S,Robe/Jupe,4.0,422.0,1519.0,928.4,590.6,38.88
TXN_001075,2021-04-08,Aug-21,SURE FASHIONS LLC,JNE3642,JNE3642-TP-M,M,Robe/Jupe,4.0,422.0,1519.0,928.4,590.6,38.88
TXN_001074,2021-04-08,Aug-21,SURE FASHIONS LLC,JNE3642,JNE3642-TP-L,L,Robe/Jupe,2.0,422.0,760.0,464.2,295.8,38.92
TXN_001073,2021-04-08,Aug-21,SURE FASHIONS LLC,JNE3640,JNE3640-TP-XXL,XXL,Robe/Jupe,1.0,454.0,409.0,249.7,159.3,38.95
TXN_001072,2021-04-08,Aug-21,SURE FASHIONS LLC,JNE3640,JNE3640-TP-XS,XS,Robe/Jupe,1.0,454.0,409.0,249.7,159.3,38.95
TXN_001071,2021-04-08,Aug-21,SURE FASHIONS LLC,JNE3640,JNE3640-TP-XL,XL,Robe/Jupe,4.0,454.0,1634.0,998.8,635.2,38.87
TXN_001070,2021-04-08,Aug-21,SURE FASHIONS LLC,JNE3640,JNE3640-TP-S,S,Robe/Jupe,4.0,454.0,1634.0,998.8,635.2,38.87
TXN_001078,2021-04-08,Aug-21,SURE FASHIONS LLC,JNE3649,JNE3649-TP-L,L,Robe/Jupe,6.0,487.0,2630.0,1607.1,1022.9,38.89
TXN_000961,2021-04-08,Aug-21,SURE FASHIONS LLC,J0123,J0123-TP-M,M,Robe/Jupe,6.0,377.0,2036.0,1244.1,791.9,38.89
TXN_001008,2021-04-08,Aug-21,SURE FASHIONS LLC,J0208,J0208-DR-S,S,Robe/Jupe,2.0,747.0,1345.0,821.7,523.3,38.91
TXN_000959,2021-04-08,Aug-21,SURE FASHIONS LLC,J0119,J0119-TP-XXL,XXL,Robe/Jupe,2.0,422.0,760.0,464.2,295.8,38.92
TXN_000960,2021-04-08,Aug-21,SURE FASHIONS LLC,J0123,J0123-TP-L,L,Robe/Jupe,4.0,377.0,1357.0,829.4,527.6,38.88
TXN_000941,2021-04-08,Aug-21,SURE FASHIONS LLC,J0001,J0001-DR-L,L,Robe/Jupe,12.0,584.0,6307.0,3854.4,2452.6,38.89
TXN_000942,2021-04-08,Aug-21,SURE FASHIONS LLC,J0001,J0001-DR-M,M,Robe/Jupe,11.0,584.0,5782.0,3533.2,2248.8,38.89
TXN_000944,2021-04-08,Aug-21,SURE FASHIONS LLC,J0001,J0001-DR-XS,XS,Robe/Jupe,2.0,584.0,1051.0,642.4,408.6,38.88
TXN_000945,2021-04-08,Aug-21,SURE FASHIONS LLC,J0023,J0023-TP-S,S,Robe/Jupe,4.0,487.0,1753.0,1071.4,681.6,38.88
TXN_000946,2021-04-08,Aug-21,SURE FASHIONS LLC,J0023,J0023-TP-XL,XL,Robe/Jupe,1.0,487.0,438.0,267.85,170.15,38.85
TXN_000947,2021-04-08,Aug-21,SURE FASHIONS LLC,J0023,J0023-TP-XS,XS,Robe/Jupe,2.0,487.0,877.0,535.7,341.3,38.92
TXN_000948,2021-04-08,Aug-21,SURE FASHIONS LLC,J0035,J0035-KR-L,L,Robe/Jupe,7.0,619.0,3900.0,2383.15,1516.85,38.89
TXN_000949,2021-04-08,Aug-21,SURE FASHIONS LLC,J0035,J0035-KR-M,M,Robe/Jupe,8.0,619.0,4457.0,2723.6,1733.4,38.89
TXN_000943,2021-04-08,Aug-21,SURE FASHIONS LLC,J0001,J0001-DR-S,S,Robe/Jupe,6.0,584.0,3154.0,1927.2,1226.8,38.9
TXN_000951,2021-04-08,Aug-21,SURE FASHIONS LLC,J0035,J0035-KR-XL,XL,Robe/Jupe,6.0,619.0,3343.0,2042.7,1300.3,38.9
TXN_000952,2021-04-08,Aug-21,SURE FASHIONS LLC,J0035,J0035-KR-XXL,XXL,Robe/Jupe,3.0,619.0,1671.0,1021.35,649.65,38.88
TXN_000953,2021-04-08,Aug-21,SURE FASHIONS LLC,J0084,J0084-TP-L,L,Robe/Jupe,6.0,812.0,4287.0,2679.6,1607.4,37.49
TXN_000954,2021-04-08,Aug-21,SURE FASHIONS LLC,J0084,J0084-TP-M,M,Robe/Jupe,6.0,812.0,4287.0,2679.6,1607.4,37.49
TXN_000955,2021-04-08,Aug-21,SURE FASHIONS LLC,J0084,J0084-TP-S,S,Robe/Jupe,2.0,812.0,1429.0,893.2,535.8,37.49
TXN_000956,2021-04-08,Aug-21,SURE FASHIONS LLC,J0119,J0119-TP-L,L,Robe/Jupe,6.0,422.0,2279.0,1392.6,886.4,38.89
TXN_000957,2021-04-08,Aug-21,SURE FASHIONS LLC,J0119,J0119-TP-M,M,Robe/Jupe,4.0,422.0,1519.0,928.4,590.6,38.88
TXN_000950,2021-04-08,Aug-21,SURE FASHIONS LLC,J0035,J0035-KR-S,S,Robe/Jupe,4.0,619.0,2228.0,1361.8,866.2,38.88
TXN_000958,2021-04-08,Aug-21,SURE FASHIONS LLC,J0119,J0119-TP-XL,XL,Robe/Jupe,2.0,422.0,760.0,464.2,295.8,38.92
TXN_001802,2021-04-10,Oct-21,GALAXY GROUP OF COMPANIES PVT. LTD,SET287,SET287-KR-NP-XXL,XXL,Ensemble,1.0,681.0,661.0,374.55,286.45,43.34
TXN_001801,2021-04-10,Oct-21,GALAXY GROUP OF COMPANIES PVT. LTD,SET287,SET287-KR-NP-S,S,Ensemble,1.0,681.0,661.0,374.55,286.45,43.34
TXN_001800,2021-04-10,Oct-21,GALAXY GROUP OF COMPANIES PVT. LTD,SET287,SET287-KR-NP-M,M,Ensemble,1.0,681.0,661.0,374.55,286.45,43.34
TXN_001799,2021-04-10,Oct-21,GALAXY GROUP OF COMPANIES PVT. LTD,SET286,SET286-KR-NP-S,S,Ensemble,1.0,681.0,661.0,374.55,286.45,43.34
TXN_001798,2021-04-10,Oct-21,GALAXY GROUP OF COMPANIES PVT. LTD,SET281,SET281-KR-PP-XXL,XXL,Ensemble,1.0,850.0,824.0,467.5,356.5,43.26
TXN_001794,2021-04-10,Oct-21,GALAXY GROUP OF COMPANIES PVT. LTD,SET281,SET281-KR-PP-L,L,Ensemble,1.0,850.0,824.0,467.5,356.5,43.26
TXN_001796,2021-04-10,Oct-21,GALAXY GROUP OF COMPANIES PVT. LTD,SET281,SET281-KR-PP-S,S,Ensemble,1.0,850.0,824.0,467.5,356.5,43.26
TXN_001795,2021-04-10,Oct-21,GALAXY GROUP OF COMPANIES PVT. LTD,SET281,SET281-KR-PP-M,M,Ensemble,1.0,850.0,824.0,467.5,356.5,43.26
TXN_001793,2021-04-10,Oct-21,GALAXY GROUP OF COMPANIES PVT. LTD,SET275,SET275-KR-NP-XXL,XXL,Ensemble,1.0,1056.0,1024.0,580.8,443.2,43.28
TXN_001792,2021-04-10,Oct-21,GALAXY GROUP OF COMPANIES PVT. LTD,SET275,SET275-KR-NP-XL,XL,Ensemble,1.0,1056.0,1024.0,580.8,443.2,43.28
TXN_001803,2021-04-10,Oct-21,GALAXY GROUP OF COMPANIES PVT. LTD,SET291,SET291-KR-PP-L,L,Ensemble,1.0,619.0,600.0,340.45,259.55,43.26
TXN_001797,2021-04-10,Oct-21,GALAXY GROUP OF COMPANIES PVT. LTD,SET281,SET281-KR-PP-XL,XL,Ensemble,1.0,850.0,824.0,467.5,356.5,43.26
TXN_001804,2021-04-10,Oct-21,GALAXY GROUP OF COMPANIES PVT. LTD,SET291,SET291-KR-PP-M,M,Ensemble,1.0,619.0,600.0,340.45,259.55,43.26
TXN_001813,2021-04-10,Oct-21,VINI’S AUTHENTIC INDIAN ETHNIC WEAR,JNE3556,JNE3556-KR-XXXL,XXXL,Robe/Jupe,1.0,450.0,450.0,247.5,202.5,45.0
TXN_001806,2021-04-10,Oct-21,GALAXY GROUP OF COMPANIES PVT. LTD,SET291,SET291-KR-PP-XL,XL,Ensemble,1.0,619.0,600.0,340.45,259.55,43.26
TXN_001807,2021-04-10,Oct-21,GALAXY GROUP OF COMPANIES PVT. LTD,SET291,SET291-KR-PP-XXL,XXL,Ensemble,1.0,619.0,600.0,340.45,259.55,43.26
TXN_001808,2021-04-10,Oct-21,VINI’S AUTHENTIC INDIAN ETHNIC WEAR,JNE3437,JNE3437-KR-M,M,Robe/Jupe,1.0,619.0,619.0,340.45,278.55,45.0
TXN_001809,2021-04-10,Oct-21,VINI’S AUTHENTIC INDIAN ETHNIC WEAR,JNE3383,JNE3383-KR-S,S,Robe/Jupe,1.0,619.0,619.0,340.45,278.55,45.0
TXN_001810,2021-04-10,Oct-21,VINI’S AUTHENTIC INDIAN ETHNIC WEAR,JNE3383,JNE3383-KR-XL,XL,Robe/Jupe,1.0,619.0,619.0,340.45,278.55,45.0
TXN_001811,2021-04-10,Oct-21,VINI’S AUTHENTIC INDIAN ETHNIC WEAR,JNE3383,JNE3383-KR-XXXL,XXXL,Robe/Jupe,1.0,619.0,619.0,340.45,278.55,45.0
TXN_001812,2021-04-10,Oct-21,VINI’S AUTHENTIC INDIAN ETHNIC WEAR,JNE3557,JNE3557-KR-XXL,XXL,Robe/Jupe,1.0,450.0,450.0,247.5,202.5,45.0
TXN_001791,2021-04-10,Oct-21,GALAXY GROUP OF COMPANIES PVT. LTD,SET275,SET275-KR-NP-S,S,Ensemble,1.0,1056.0,1024.0,580.8,443.2,43.28
TXN_001814,2021-04-10,Oct-21,VINI’S AUTHENTIC INDIAN ETHNIC WEAR,J0139,J0139-KR-XXL,XXL,Robe/Jupe,1.0,585.0,585.0,321.75,263.25,45.0
TXN_001815,2021-04-10,Oct-21,VINI’S AUTHENTIC INDIAN ETHNIC WEAR,J0139,J0139-KR-XXXL,XXXL,Robe/Jupe,1.0,585.0,585.0,321.75,263.25,45.0
TXN_001816,2021-04-10,Oct-21,VINI’S AUTHENTIC INDIAN ETHNIC WEAR,MEN5009,MEN5009-KR-S,S,Homme,1.0,549.0,549.0,301.95,247.05,45.0
TXN_001817,2021-04-10,Oct-21,VINI’S AUTHENTIC INDIAN ETHNIC WEAR,MEN5009,MEN5009-KR-L,L,Homme,1.0,549.0,549.0,301.95,247.05,45.0
TXN_001805,2021-04-10,Oct-21,GALAXY GROUP OF COMPANIES PVT. LTD,SET291,SET291-KR-PP-S,S,Ensemble,1.0,619.0,600.0,340.45,259.55,43.26
TXN_001790,2021-04-10,Oct-21,GALAXY GROUP OF COMPANIES PVT. LTD,SET275,SET275-KR-NP-M,M,Ensemble,1.0,1056.0,1024.0,580.8,443.2,43.28
TXN_001645,2021-04-10,Oct-21,GALAXY GROUP OF COMPANIES PVT. LTD,JNE3716,JNE3716-KR-M,M,Robe/Jupe,1.0,431.0,418.0,237.05,180.95,43.29
TXN_001788,2021-04-10,Oct-21,GALAXY GROUP OF COMPANIES PVT. LTD,SET266,SET266-KR-NP-XXL,XXL,Ensemble,1.0,931.0,903.0,512.05,390.95,43.29
TXN_001663,2021-04-10,Oct-21,GALAXY GROUP OF COMPANIES PVT. LTD,SET044,SET044-KR-NP-M,M,Ensemble,1.0,646.0,627.0,355.3,271.7,43.33
TXN_001662,2021-04-10,Oct-21,GALAXY GROUP OF COMPANIES PVT. LTD,SET044,SET044-KR-NP-L,L,Ensemble,1.0,646.0,627.0,355.3,271.7,43.33
TXN_001661,2021-04-10,Oct-21,GALAXY GROUP OF COMPANIES PVT. LTD,SET038,SET038-KR-PP-XXL,XXL,Ensemble,2.0,769.0,1492.0,845.9,646.1,43.3
TXN_001660,2021-04-10,Oct-21,GALAXY GROUP OF COMPANIES PVT. LTD,SET038,SET038-KR-PP-S,S,Ensemble,2.0,769.0,1492.0,845.9,646.1,43.3
TXN_001659,2021-04-10,Oct-21,GALAXY GROUP OF COMPANIES PVT. LTD,SET038,SET038-KR-PP-M,M,Ensemble,2.0,769.0,1492.0,845.9,646.1,43.3
TXN_001658,2021-04-10,Oct-21,GALAXY GROUP OF COMPANIES PVT. LTD,SET038,SET038-KR-PP-L,L,Ensemble,2.0,769.0,1492.0,845.9,646.1,43.3
TXN_001657,2021-04-10,Oct-21,GALAXY GROUP OF COMPANIES PVT. LTD,SET037,SET037-KR-NP-XXL,XXL,Ensemble,1.0,681.0,661.0,374.55,286.45,43.34
TXN_001656,2021-04-10,Oct-21,GALAXY GROUP OF COMPANIES PVT. LTD,SET037,SET037-KR-NP-XL,XL,Ensemble,1.0,681.0,661.0,374.55,286.45,43.34
TXN_001655,2021-04-10,Oct-21,GALAXY GROUP OF COMPANIES PVT. LTD,SET037,SET037-KR-NP-S,S,Ensemble,1.0,681.0,661.0,374.55,286.45,43.34
TXN_001654,2021-04-10,Oct-21,GALAXY GROUP OF COMPANIES PVT. LTD,SET037,SET037-KR-NP-M,M,Ensemble,1.0,681.0,661.0,374.55,286.45,43.34
TXN_001653,2021-04-10,Oct-21,GALAXY GROUP OF COMPANIES PVT. LTD,SET037,SET037-KR-NP-L,L,Ensemble,1.0,681.0,661.0,374.55,286.45,43.34
TXN_001652,2021-04-10,Oct-21,GALAXY GROUP OF COMPANIES PVT. LTD,JNE3758,JNE3758-KR-XXL,XXL,Robe/Jupe,1.0,494.0,479.0,271.7,207.3,43.28
TXN_001789,2021-04-10,Oct-21,GALAXY GROUP OF COMPANIES PVT. LTD,SET275,SET275-KR-NP-L,L,Ensemble,1.0,1056.0,1024.0,580.8,443.2,43.28
TXN_001651,2021-04-10,Oct-21,GALAXY GROUP OF COMPANIES PVT. LTD,JNE3758,JNE3758-KR-XL,XL,Robe/Jupe,1.0,494.0,479.0,271.7,207.3,43.28
TXN_001649,2021-04-10,Oct-21,GALAXY GROUP OF COMPANIES PVT. LTD,JNE3758,JNE3758-KR-M,M,Robe/Jupe,1.0,494.0,479.0,271.7,207.3,43.28
TXN_001648,2021-04-10,Oct-21,GALAXY GROUP OF COMPANIES PVT. LTD,JNE3758,JNE3758-KR-L,L,Robe/Jupe,1.0,494.0,479.0,271.7,207.3,43.28
TXN_001647,2021-04-10,Oct-21,GALAXY GROUP OF COMPANIES PVT. LTD,JNE3716,JNE3716-KR-XXL,XXL,Robe/Jupe,1.0,431.0,418.0,237.05,180.95,43.29
TXN_001646,2021-04-10,Oct-21,GALAXY GROUP OF COMPANIES PVT. LTD,JNE3716,JNE3716-KR-S,S,Robe/Jupe,1.0,431.0,418.0,237.05,180.95,43.29
TXN_001818,2021-04-10,Oct-21,VINI’S AUTHENTIC INDIAN ETHNIC WEAR,MEN5004,MEN5004-KR-M,M,Homme,1.0,586.0,586.0,322.3,263.7,45.0
TXN_001644,2021-04-10,Oct-21,GALAXY GROUP OF COMPANIES PVT. LTD,JNE3716,JNE3716-KR-L,L,Robe/Jupe,1.0,431.0,418.0,237.05,180.95,43.29
TXN_001643,2021-04-10,Oct-21,GALAXY GROUP OF COMPANIES PVT. LTD,JNE3636,JNE3636-KR-XXL,XXL,Robe/Jupe,2.0,538.0,1044.0,591.8,452.2,43.31
TXN_001642,2021-04-10,Oct-21,GALAXY GROUP OF COMPANIES PVT. LTD,JNE3636,JNE3636-KR-XL,XL,Robe/Jupe,2.0,538.0,1044.0,591.8,452.2,43.31
TXN_001641,2021-04-10,Oct-21,GALAXY GROUP OF COMPANIES PVT. LTD,JNE3636,JNE3636-KR-S,S,Robe/Jupe,2.0,538.0,1044.0,591.8,452.2,43.31
TXN_001640,2021-04-10,Oct-21,GALAXY GROUP OF COMPANIES PVT. LTD,JNE3636,JNE3636-KR-M,M,Robe/Jupe,2.0,538.0,1044.0,591.8,452.2,43.31
TXN_001639,2021-04-10,Oct-21,GALAXY GROUP OF COMPANIES PVT. LTD,JNE3636,JNE3636-KR-L,L,Robe/Jupe,2.0,538.0,1044.0,591.8,452.2,43.31
TXN_001787,2021-04-10,Oct-21,GALAXY GROUP OF COMPANIES PVT. LTD,SET266,SET266-KR-NP-XL,XL,Ensemble,1.0,931.0,903.0,512.05,390.95,43.29
TXN_001650,2021-04-10,Oct-21,GALAXY GROUP OF COMPANIES PVT. LTD,JNE3758,JNE3758-KR-S,S,Robe/Jupe,1.0,494.0,479.0,271.7,207.3,43.28
TXN_001819,2021-04-10,Oct-21,VINI’S AUTHENTIC INDIAN ETHNIC WEAR,MEN5006,MEN5006-KR-M,M,Homme,1.0,536.0,536.0,294.8,241.2,45.0
TXN_001633,2021-04-10,Oct-21,GALAXY GROUP OF COMPANIES PVT. LTD,JNE3555,JNE3555-KR-XXL,XXL,Robe/Jupe,2.0,450.0,873.0,495.0,378.0,43.3
TXN_001821,2021-04-10,Oct-21,VINI’S AUTHENTIC INDIAN ETHNIC WEAR,MEN5023,MEN5023-KR-M,M,Homme,1.0,649.0,649.0,356.95,292.05,45.0
TXN_004264,2021-04-10,Oct-21,VINI’S AUTHENTIC INDIAN ETHNIC WEAR,JNE3383,JNE3383-KR-XL,XL,Robe/Jupe,1.0,619.0,619.0,340.45,278.55,45.0
TXN_004263,2021-04-10,Oct-21,VINI’S AUTHENTIC INDIAN ETHNIC WEAR,JNE3383,JNE3383-KR-S,S,Robe/Jupe,1.0,619.0,619.0,340.45,278.55,45.0
TXN_004262,2021-04-10,Oct-21,VINI’S AUTHENTIC INDIAN ETHNIC WEAR,JNE3437,JNE3437-KR-M,M,Robe/Jupe,1.0,619.0,619.0,340.45,278.55,45.0
TXN_004261,2021-04-10,Oct-21,GALAXY GROUP OF COMPANIES PVT. LTD,SET291,SET291-KR-PP-XXL,XXL,Ensemble,1.0,619.0,600.0,340.45,259.55,43.26
TXN_004260,2021-04-10,Oct-21,GALAXY GROUP OF COMPANIES PVT. LTD,SET291,SET291-KR-PP-XL,XL,Ensemble,1.0,619.0,600.0,340.45,259.55,43.26
TXN_004259,2021-04-10,Oct-21,GALAXY GROUP OF COMPANIES PVT. LTD,SET291,SET291-KR-PP-S,S,Ensemble,1.0,619.0,600.0,340.45,259.55,43.26
TXN_004258,2021-04-10,Oct-21,GALAXY GROUP OF COMPANIES PVT. LTD,SET291,SET291-KR-PP-M,M,Ensemble,1.0,619.0,600.0,340.45,259.55,43.26
TXN_004257,2021-04-10,Oct-21,GALAXY GROUP OF COMPANIES PVT. LTD,SET291,SET291-KR-PP-L,L,Ensemble,1.0,619.0,600.0,340.45,259.55,43.26
TXN_004256,2021-04-10,Oct-21,GALAXY GROUP OF COMPANIES PVT. LTD,SET287,SET287-KR-NP-XXL,XXL,Ensemble,1.0,681.0,661.0,374.55,286.45,43.34
TXN_004255,2021-04-10,Oct-21,GALAXY GROUP OF COMPANIES PVT. LTD,SET287,SET287-KR-NP-S,S,Ensemble,1.0,681.0,661.0,374.55,286.45,43.34
TXN_004254,2021-04-10,Oct-21,GALAXY GROUP OF COMPANIES PVT. LTD,SET287,SET287-KR-NP-M,M,Ensemble,1.0,681.0,661.0,374.55,286.45,43.34
TXN_004253,2021-04-10,Oct-21,GALAXY GROUP OF COMPANIES PVT. LTD,SET286,SET286-KR-NP-S,S,Ensemble,1.0,681.0,661.0,374.55,286.45,43.34
TXN_004252,2021-04-10,Oct-21,GALAXY GROUP OF COMPANIES PVT. LTD,SET281,SET281-KR-PP-XXL,XXL,Ensemble,1.0,850.0,824.0,467.5,356.5,43.26
TXN_004251,2021-04-10,Oct-21,GALAXY GROUP OF COMPANIES PVT. LTD,SET281,SET281-KR-PP-XL,XL,Ensemble,1.0,850.0,824.0,467.5,356.5,43.26
TXN_004250,2021-04-10,Oct-21,GALAXY GROUP OF COMPANIES PVT. LTD,SET281,SET281-KR-PP-S,S,Ensemble,1.0,850.0,824.0,467.5,356.5,43.26
TXN_004249,2021-04-10,Oct-21,GALAXY GROUP OF COMPANIES PVT. LTD,SET281,SET281-KR-PP-M,M,Ensemble,1.0,850.0,824.0,467.5,356.5,43.26
TXN_004248,2021-04-10,Oct-21,GALAXY GROUP OF COMPANIES PVT. LTD,SET281,SET281-KR-PP-L,L,Ensemble,1.0,850.0,824.0,467.5,356.5,43.26
TXN_004247,2021-04-10,Oct-21,GALAXY GROUP OF COMPANIES PVT. LTD,SET275,SET275-KR-NP-XXL,XXL,Ensemble,1.0,1056.0,1024.0,580.8,443.2,43.28
TXN_004246,2021-04-10,Oct-21,GALAXY GROUP OF COMPANIES PVT. LTD,SET275,SET275-KR-NP-XL,XL,Ensemble,1.0,1056.0,1024.0,580.8,443.2,43.28
TXN_004245,2021-04-10,Oct-21,GALAXY GROUP OF COMPANIES PVT. LTD,SET275,SET275-KR-NP-S,S,Ensemble,1.0,1056.0,1024.0,580.8,443.2,43.28
TXN_004244,2021-04-10,Oct-21,GALAXY GROUP OF COMPANIES PVT. LTD,SET275,SET275-KR-NP-M,M,Ensemble,1.0,1056.0,1024.0,580.8,443.2,43.28
TXN_004243,2021-04-10,Oct-21,GALAXY GROUP OF COMPANIES PVT. LTD,SET275,SET275-KR-NP-L,L,Ensemble,1.0,1056.0,1024.0,580.8,443.2,43.28
TXN_004242,2021-04-10,Oct-21,GALAXY GROUP OF COMPANIES PVT. LTD,SET266,SET266-KR-NP-XXL,XXL,Ensemble,1.0,931.0,903.0,512.05,390.95,43.29
TXN_004241,2021-04-10,Oct-21,GALAXY GROUP OF COMPANIES PVT. LTD,SET266,SET266-KR-NP-XL,XL,Ensemble,1.0,931.0,903.0,512.05,390.95,43.29
TXN_004240,2021-04-10,Oct-21,GALAXY GROUP OF COMPANIES PVT. LTD,SET266,SET266-KR-NP-S,S,Ensemble,1.0,931.0,903.0,512.05,390.95,43.29
TXN_004239,2021-04-10,Oct-21,GALAXY GROUP OF COMPANIES PVT. LTD,SET266,SET266-KR-NP-M,M,Ensemble,1.0,931.0,903.0,512.05,390.95,43.29
TXN_004238,2021-04-10,Oct-21,GALAXY GROUP OF COMPANIES PVT. LTD,SET266,SET266-KR-NP-L,L,Ensemble,1.0,931.0,903.0,512.05,390.95,43.29
TXN_004265,2021-04-10,Oct-21,VINI’S AUTHENTIC INDIAN ETHNIC WEAR,JNE3383,JNE3383-KR-XXXL,XXXL,Robe/Jupe,1.0,619.0,619.0,340.45,278.55,45.0
TXN_001820,2021-04-10,Oct-21,VINI’S AUTHENTIC INDIAN ETHNIC WEAR,MEN5007,MEN5007-KR-M,M,Homme,1.0,499.0,499.0,274.45,224.55,45.0
TXN_004266,2021-04-10,Oct-21,VINI’S AUTHENTIC INDIAN ETHNIC WEAR,JNE3557,JNE3557-KR-XXL,XXL,Robe/Jupe,1.0,450.0,450.0,247.5,202.5,45.0
TXN_004268,2021-04-10,Oct-21,VINI’S AUTHENTIC INDIAN ETHNIC WEAR,J0139,J0139-KR-XXL,XXL,Robe/Jupe,1.0,585.0,585.0,321.75,263.25,45.0
TXN_001822,2021-04-10,Oct-21,VINI’S AUTHENTIC INDIAN ETHNIC WEAR,J0043,J0043-SET-XL,XL,Robe/Jupe,1.0,803.0,803.0,441.65,361.35,45.0
TXN_001823,2021-04-10,Oct-21,VINI’S AUTHENTIC INDIAN ETHNIC WEAR,SET261,SET261-KR-PP-M,M,Ensemble,1.0,556.0,556.0,305.8,250.2,45.0
TXN_001824,2021-04-10,Oct-21,VINI’S AUTHENTIC INDIAN ETHNIC WEAR,SET261,SET261-KR-PP-S,S,Ensemble,1.0,556.0,556.0,305.8,250.2,45.0
TXN_001825,2021-04-10,Oct-21,VINI’S AUTHENTIC INDIAN ETHNIC WEAR,SET202,SET202-KR-NP-XXXL,XXXL,Ensemble,1.0,468.0,468.0,257.4,210.6,45.0
TXN_001636,2021-04-10,Oct-21,GALAXY GROUP OF COMPANIES PVT. LTD,JNE3616,JNE3616-KR-S,S,Robe/Jupe,1.0,538.0,522.0,295.9,226.1,43.31
TXN_001635,2021-04-10,Oct-21,GALAXY GROUP OF COMPANIES PVT. LTD,JNE3616,JNE3616-KR-M,M,Robe/Jupe,1.0,538.0,522.0,295.9,226.1,43.31
TXN_001634,2021-04-10,Oct-21,GALAXY GROUP OF COMPANIES PVT. LTD,JNE3616,JNE3616-KR-L,L,Robe/Jupe,1.0,538.0,522.0,295.9,226.1,43.31
TXN_001664,2021-04-10,Oct-21,GALAXY GROUP OF COMPANIES PVT. LTD,SET044,SET044-KR-NP-S,S,Ensemble,1.0,646.0,627.0,355.3,271.7,43.33
TXN_001632,2021-04-10,Oct-21,GALAXY GROUP OF COMPANIES PVT. LTD,JNE3555,JNE3555-KR-XL,XL,Robe/Jupe,2.0,450.0,873.0,495.0,378.0,43.3
TXN_001631,2021-04-10,Oct-21,GALAXY GROUP OF COMPANIES PVT. LTD,JNE3555,JNE3555-KR-S.,S,Robe/Jupe,2.0,450.0,873.0,495.0,378.0,43.3
TXN_001630,2021-04-10,Oct-21,GALAXY GROUP OF COMPANIES PVT. LTD,JNE3555,JNE3555-KR-M,M,Robe/Jupe,2.0,450.0,873.0,495.0,378.0,43.3
TXN_001629,2021-04-10,Oct-21,GALAXY GROUP OF COMPANIES PVT. LTD,JNE3555,JNE3555-KR-L,L,Robe/Jupe,2.0,450.0,873.0,495.0,378.0,43.3
TXN_001628,2021-04-10,Oct-21,GALAXY GROUP OF COMPANIES PVT. LTD,JNE3500,JNE3500-KR-XXL,XXL,Robe/Jupe,1.0,650.0,630.0,357.5,272.5,43.25
TXN_001627,2021-04-10,Oct-21,GALAXY GROUP OF COMPANIES PVT. LTD,JNE3500,JNE3500-KR-XL,XL,Robe/Jupe,1.0,650.0,630.0,357.5,272.5,43.25
TXN_001626,2021-04-10,Oct-21,GALAXY GROUP OF COMPANIES PVT. LTD,JNE3500,JNE3500-KR-S,S,Robe/Jupe,1.0,650.0,630.0,357.5,272.5,43.25
TXN_001625,2021-04-10,Oct-21,GALAXY GROUP OF COMPANIES PVT. LTD,JNE3500,JNE3500-KR-M,M,Robe/Jupe,1.0,650.0,630.0,357.5,272.5,43.25
TXN_004279,2021-04-10,Oct-21,VINI’S AUTHENTIC INDIAN ETHNIC WEAR,SET202,SET202-KR-NP-XXXL,XXXL,Ensemble,1.0,468.0,468.0,257.4,210.6,45.0
TXN_004278,2021-04-10,Oct-21,VINI’S AUTHENTIC INDIAN ETHNIC WEAR,SET261,SET261-KR-PP-S,S,Ensemble,1.0,556.0,556.0,305.8,250.2,45.0
TXN_004277,2021-04-10,Oct-21,VINI’S AUTHENTIC INDIAN ETHNIC WEAR,SET261,SET261-KR-PP-M,M,Ensemble,1.0,556.0,556.0,305.8,250.2,45.0
TXN_004276,2021-04-10,Oct-21,VINI’S AUTHENTIC INDIAN ETHNIC WEAR,J0043,J0043-SET-XL,XL,Robe/Jupe,1.0,803.0,803.0,441.65,361.35,45.0
TXN_004275,2021-04-10,Oct-21,VINI’S AUTHENTIC INDIAN ETHNIC WEAR,MEN5023,MEN5023-KR-M,M,Homme,1.0,649.0,649.0,356.95,292.05,45.0
TXN_004274,2021-04-10,Oct-21,VINI’S AUTHENTIC INDIAN ETHNIC WEAR,MEN5007,MEN5007-KR-M,M,Homme,1.0,499.0,499.0,274.45,224.55,45.0
TXN_004273,2021-04-10,Oct-21,VINI’S AUTHENTIC INDIAN ETHNIC WEAR,MEN5006,MEN5006-KR-M,M,Homme,1.0,536.0,536.0,294.8,241.2,45.0
TXN_004272,2021-04-10,Oct-21,VINI’S AUTHENTIC INDIAN ETHNIC WEAR,MEN5004,MEN5004-KR-M,M,Homme,1.0,586.0,586.0,322.3,263.7,45.0
TXN_004271,2021-04-10,Oct-21,VINI’S AUTHENTIC INDIAN ETHNIC WEAR,MEN5009,MEN5009-KR-L,L,Homme,1.0,549.0,549.0,301.95,247.05,45.0
TXN_004270,2021-04-10,Oct-21,VINI’S AUTHENTIC INDIAN ETHNIC WEAR,MEN5009,MEN5009-KR-S,S,Homme,1.0,549.0,549.0,301.95,247.05,45.0
TXN_004269,2021-04-10,Oct-21,VINI’S AUTHENTIC INDIAN ETHNIC WEAR,J0139,J0139-KR-XXXL,XXXL,Robe/Jupe,1.0,585.0,585.0,321.75,263.25,45.0
TXN_004267,2021-04-10,Oct-21,VINI’S AUTHENTIC INDIAN ETHNIC WEAR,JNE3556,JNE3556-KR-XXXL,XXXL,Robe/Jupe,1.0,450.0,450.0,247.5,202.5,45.0
TXN_001665,2021-04-10,Oct-21,GALAXY GROUP OF COMPANIES PVT. LTD,SET044,SET044-KR-NP-XL,XL,Ensemble,1.0,646.0,627.0,355.3,271.7,43.33
TXN_001675,2021-04-10,Oct-21,GALAXY GROUP OF COMPANIES PVT. LTD,SET058,SET058-KR-NP-XL,XL,Ensemble,1.0,944.0,916.0,519.2,396.8,43.32
TXN_001667,2021-04-10,Oct-21,GALAXY GROUP OF COMPANIES PVT. LTD,SET055,SET055-KR-NP-L,L,Ensemble,2.0,944.0,1831.0,1038.4,792.6,43.29
TXN_001756,2021-04-10,Oct-21,GALAXY GROUP OF COMPANIES PVT. LTD,SET238,SET238-KR-PP-S,S,Ensemble,1.0,706.0,685.0,388.3,296.7,43.31
TXN_001755,2021-04-10,Oct-21,GALAXY GROUP OF COMPANIES PVT. LTD,SET238,SET238-KR-PP-M,M,Ensemble,1.0,706.0,685.0,388.3,296.7,43.31
TXN_001754,2021-04-10,Oct-21,GALAXY GROUP OF COMPANIES PVT. LTD,SET238,SET238-KR-PP-L,L,Ensemble,1.0,706.0,685.0,388.3,296.7,43.31
TXN_001753,2021-04-10,Oct-21,GALAXY GROUP OF COMPANIES PVT. LTD,SET236,SET236-KR-PP-XXL,XXL,Ensemble,2.0,850.0,1649.0,935.0,714.0,43.3
TXN_001752,2021-04-10,Oct-21,GALAXY GROUP OF COMPANIES PVT. LTD,SET236,SET236-KR-PP-XL,XL,Ensemble,2.0,850.0,1649.0,935.0,714.0,43.3
TXN_001751,2021-04-10,Oct-21,GALAXY GROUP OF COMPANIES PVT. LTD,SET236,SET236-KR-PP-S,S,Ensemble,2.0,850.0,1649.0,935.0,714.0,43.3
TXN_001750,2021-04-10,Oct-21,GALAXY GROUP OF COMPANIES PVT. LTD,SET236,SET236-KR-PP-M,M,Ensemble,2.0,850.0,1649.0,935.0,714.0,43.3
TXN_001749,2021-04-10,Oct-21,GALAXY GROUP OF COMPANIES PVT. LTD,SET233,SET233-KR-PP-XXL,XXL,Ensemble,2.0,850.0,1649.0,935.0,714.0,43.3
TXN_001748,2021-04-10,Oct-21,GALAXY GROUP OF COMPANIES PVT. LTD,SET233,SET233-KR-PP-XL,XL,Ensemble,2.0,850.0,1649.0,935.0,714.0,43.3
TXN_001747,2021-04-10,Oct-21,GALAXY GROUP OF COMPANIES PVT. LTD,SET233,SET233-KR-PP-S,S,Ensemble,2.0,850.0,1649.0,935.0,714.0,43.3
TXN_001746,2021-04-10,Oct-21,GALAXY GROUP OF COMPANIES PVT. LTD,SET233,SET233-KR-PP-M,M,Ensemble,2.0,850.0,1649.0,935.0,714.0,43.3
TXN_001745,2021-04-10,Oct-21,GALAXY GROUP OF COMPANIES PVT. LTD,SET233,SET233-KR-PP-L,L,Ensemble,2.0,850.0,1649.0,935.0,714.0,43.3
TXN_001757,2021-04-10,Oct-21,GALAXY GROUP OF COMPANIES PVT. LTD,SET238,SET238-KR-PP-XL,XL,Ensemble,1.0,706.0,685.0,388.3,296.7,43.31
TXN_001744,2021-04-10,Oct-21,GALAXY GROUP OF COMPANIES PVT. LTD,SET232,SET232-KR-PP-XXL,XXL,Ensemble,2.0,850.0,1649.0,935.0,714.0,43.3
TXN_001742,2021-04-10,Oct-21,GALAXY GROUP OF COMPANIES PVT. LTD,SET232,SET232-KR-PP-S,S,Ensemble,2.0,850.0,1649.0,935.0,714.0,43.3
TXN_001741,2021-04-10,Oct-21,GALAXY GROUP OF COMPANIES PVT. LTD,SET232,SET232-KR-PP-M,M,Ensemble,2.0,850.0,1649.0,935.0,714.0,43.3
TXN_001740,2021-04-10,Oct-21,GALAXY GROUP OF COMPANIES PVT. LTD,SET232,SET232-KR-PP-L,L,Ensemble,2.0,850.0,1649.0,935.0,714.0,43.3
TXN_001739,2021-04-10,Oct-21,GALAXY GROUP OF COMPANIES PVT. LTD,SET218,SET218-KR-NP-XXL,XXL,Ensemble,1.0,994.0,964.0,546.7,417.3,43.29
TXN_001738,2021-04-10,Oct-21,GALAXY GROUP OF COMPANIES PVT. LTD,SET218,SET218-KR-NP-XL,XL,Ensemble,1.0,994.0,964.0,546.7,417.3,43.29
TXN_001737,2021-04-10,Oct-21,GALAXY GROUP OF COMPANIES PVT. LTD,SET218,SET218-KR-NP-S,S,Ensemble,1.0,994.0,964.0,546.7,417.3,43.29
TXN_001736,2021-04-10,Oct-21,GALAXY GROUP OF COMPANIES PVT. LTD,SET218,SET218-KR-NP-M,M,Ensemble,1.0,994.0,964.0,546.7,417.3,43.29
TXN_001735,2021-04-10,Oct-21,GALAXY GROUP OF COMPANIES PVT. LTD,SET218,SET218-KR-NP-L,L,Ensemble,1.0,994.0,964.0,546.7,417.3,43.29
TXN_001734,2021-04-10,Oct-21,GALAXY GROUP OF COMPANIES PVT. LTD,SET210,SET210-KR-PP-XXL,XXL,Ensemble,1.0,765.0,742.0,420.75,321.25,43.3
TXN_001733,2021-04-10,Oct-21,GALAXY GROUP OF COMPANIES PVT. LTD,SET210,SET210-KR-PP-XL,XL,Ensemble,1.0,765.0,742.0,420.75,321.25,43.3
TXN_001732,2021-04-10,Oct-21,GALAXY GROUP OF COMPANIES PVT. LTD,SET210,SET210-KR-PP-S,S,Ensemble,1.0,765.0,742.0,420.75,321.25,43.3
TXN_001731,2021-04-10,Oct-21,GALAXY GROUP OF COMPANIES PVT. LTD,SET210,SET210-KR-PP-M,M,Ensemble,1.0,765.0,742.0,420.75,321.25,43.3
TXN_001743,2021-04-10,Oct-21,GALAXY GROUP OF COMPANIES PVT. LTD,SET232,SET232-KR-PP-XL,XL,Ensemble,2.0,850.0,1649.0,935.0,714.0,43.3
TXN_001758,2021-04-10,Oct-21,GALAXY GROUP OF COMPANIES PVT. LTD,SET238,SET238-KR-PP-XXL,XXL,Ensemble,1.0,706.0,685.0,388.3,296.7,43.31
TXN_001759,2021-04-10,Oct-21,GALAXY GROUP OF COMPANIES PVT. LTD,SET245,SET245-KR-NP-L,L,Ensemble,1.0,1181.0,1146.0,649.55,496.45,43.32
TXN_004237,2021-04-10,Oct-21,GALAXY GROUP OF COMPANIES PVT. LTD,SET263,SET263-KR-NP-XXL,XXL,Ensemble,1.0,806.0,782.0,443.3,338.7,43.31
TXN_001786,2021-04-10,Oct-21,GALAXY GROUP OF COMPANIES PVT. LTD,SET266,SET266-KR-NP-S,S,Ensemble,1.0,931.0,903.0,512.05,390.95,43.29
TXN_001785,2021-04-10,Oct-21,GALAXY GROUP OF COMPANIES PVT. LTD,SET266,SET266-KR-NP-M,M,Ensemble,1.0,931.0,903.0,512.05,390.95,43.29
TXN_001784,2021-04-10,Oct-21,GALAXY GROUP OF COMPANIES PVT. LTD,SET266,SET266-KR-NP-L,L,Ensemble,1.0,931.0,903.0,512.05,390.95,43.29
TXN_001783,2021-04-10,Oct-21,GALAXY GROUP OF COMPANIES PVT. LTD,SET263,SET263-KR-NP-XXL,XXL,Ensemble,1.0,806.0,782.0,443.3,338.7,43.31
TXN_001782,2021-04-10,Oct-21,GALAXY GROUP OF COMPANIES PVT. LTD,SET263,SET263-KR-NP-XL,XL,Ensemble,1.0,806.0,782.0,443.3,338.7,43.31
TXN_001781,2021-04-10,Oct-21,GALAXY GROUP OF COMPANIES PVT. LTD,SET263,SET263-KR-NP-S,S,Ensemble,1.0,806.0,782.0,443.3,338.7,43.31
TXN_001780,2021-04-10,Oct-21,GALAXY GROUP OF COMPANIES PVT. LTD,SET263,SET263-KR-NP-M,M,Ensemble,1.0,806.0,782.0,443.3,338.7,43.31
TXN_001779,2021-04-10,Oct-21,GALAXY GROUP OF COMPANIES PVT. LTD,SET263,SET263-KR-NP-L,L,Ensemble,1.0,806.0,782.0,443.3,338.7,43.31
TXN_001778,2021-04-10,Oct-21,GALAXY GROUP OF COMPANIES PVT. LTD,SET250,SET250-KR-SHA-XXL,XXL,Ensemble,1.0,920.0,892.0,506.0,386.0,43.27
TXN_001777,2021-04-10,Oct-21,GALAXY GROUP OF COMPANIES PVT. LTD,SET250,SET250-KR-SHA-XL,XL,Ensemble,1.0,920.0,892.0,506.0,386.0,43.27
TXN_001776,2021-04-10,Oct-21,GALAXY GROUP OF COMPANIES PVT. LTD,SET250,SET250-KR-SHA-S,S,Ensemble,1.0,920.0,892.0,506.0,386.0,43.27
TXN_001775,2021-04-10,Oct-21,GALAXY GROUP OF COMPANIES PVT. LTD,SET250,SET250-KR-SHA-M,M,Ensemble,1.0,920.0,892.0,506.0,386.0,43.27
TXN_001774,2021-04-10,Oct-21,GALAXY GROUP OF COMPANIES PVT. LTD,SET250,SET250-KR-SHA-L,L,Ensemble,1.0,920.0,892.0,506.0,386.0,43.27
TXN_001773,2021-04-10,Oct-21,GALAXY GROUP OF COMPANIES PVT. LTD,SET248,SET248-KR-NP-XXL,XXL,Ensemble,1.0,646.0,627.0,355.3,271.7,43.33
TXN_001772,2021-04-10,Oct-21,GALAXY GROUP OF COMPANIES PVT. LTD,SET248,SET248-KR-NP-XL,XL,Ensemble,1.0,646.0,627.0,355.3,271.7,43.33
TXN_001771,2021-04-10,Oct-21,GALAXY GROUP OF COMPANIES PVT. LTD,SET248,SET248-KR-NP-S,S,Ensemble,1.0,646.0,627.0,355.3,271.7,43.33
TXN_001770,2021-04-10,Oct-21,GALAXY GROUP OF COMPANIES PVT. LTD,SET248,SET248-KR-NP-M,M,Ensemble,1.0,646.0,627.0,355.3,271.7,43.33
TXN_001769,2021-04-10,Oct-21,GALAXY GROUP OF COMPANIES PVT. LTD,SET248,SET248-KR-NP-L,L,Ensemble,1.0,646.0,627.0,355.3,271.7,43.33
TXN_001768,2021-04-10,Oct-21,GALAXY GROUP OF COMPANIES PVT. LTD,SET246,SET246-KR-PP-XXL,XXL,Ensemble,2.0,681.0,1321.0,749.1,571.9,43.29
TXN_001767,2021-04-10,Oct-21,GALAXY GROUP OF COMPANIES PVT. LTD,SET246,SET246-KR-PP-XL,XL,Ensemble,2.0,681.0,1321.0,749.1,571.9,43.29
TXN_001766,2021-04-10,Oct-21,GALAXY GROUP OF COMPANIES PVT. LTD,SET246,SET246-KR-PP-S,S,Ensemble,2.0,681.0,1321.0,749.1,571.9,43.29
TXN_001765,2021-04-10,Oct-21,GALAXY GROUP OF COMPANIES PVT. LTD,SET246,SET246-KR-PP-M,M,Ensemble,2.0,681.0,1321.0,749.1,571.9,43.29
TXN_001764,2021-04-10,Oct-21,GALAXY GROUP OF COMPANIES PVT. LTD,SET246,SET246-KR-PP-L,L,Ensemble,2.0,681.0,1321.0,749.1,571.9,43.29
TXN_001763,2021-04-10,Oct-21,GALAXY GROUP OF COMPANIES PVT. LTD,SET245,SET245-KR-NP-XXL,XXL,Ensemble,1.0,1181.0,1146.0,649.55,496.45,43.32
TXN_001762,2021-04-10,Oct-21,GALAXY GROUP OF COMPANIES PVT. LTD,SET245,SET245-KR-NP-XL,XL,Ensemble,1.0,1181.0,1146.0,649.55,496.45,43.32
TXN_001761,2021-04-10,Oct-21,GALAXY GROUP OF COMPANIES PVT. LTD,SET245,SET245-KR-NP-S,S,Ensemble,1.0,1181.0,1146.0,649.55,496.45,43.32
TXN_001760,2021-04-10,Oct-21,GALAXY GROUP OF COMPANIES PVT. LTD,SET245,SET245-KR-NP-M,M,Ensemble,1.0,1181.0,1146.0,649.55,496.45,43.32
TXN_001730,2021-04-10,Oct-21,GALAXY GROUP OF COMPANIES PVT. LTD,SET203,SET203-KR-DPT-XXL,XXL,Ensemble,2.0,531.0,1030.0,584.1,445.9,43.29
TXN_001729,2021-04-10,Oct-21,GALAXY GROUP OF COMPANIES PVT. LTD,SET203,SET203-KR-DPT-XL,XL,Ensemble,2.0,531.0,1030.0,584.1,445.9,43.29
TXN_001728,2021-04-10,Oct-21,GALAXY GROUP OF COMPANIES PVT. LTD,SET203,SET203-KR-DPT-M,M,Ensemble,2.0,531.0,1030.0,584.1,445.9,43.29
TXN_001727,2021-04-10,Oct-21,GALAXY GROUP OF COMPANIES PVT. LTD,SET200,SET200-KR-NP-XXL,XXL,Ensemble,2.0,894.0,1734.0,983.4,750.6,43.29
TXN_001695,2021-04-10,Oct-21,GALAXY GROUP OF COMPANIES PVT. LTD,SET156,SET156-KR-NP-XXL,XXL,Ensemble,1.0,931.0,903.0,512.05,390.95,43.29
TXN_001694,2021-04-10,Oct-21,GALAXY GROUP OF COMPANIES PVT. LTD,SET156,SET156-KR-NP-XL,XL,Ensemble,1.0,931.0,903.0,512.05,390.95,43.29
TXN_001693,2021-04-10,Oct-21,GALAXY GROUP OF COMPANIES PVT. LTD,SET156,SET156-KR-NP-S,S,Ensemble,1.0,931.0,903.0,512.05,390.95,43.29
TXN_001692,2021-04-10,Oct-21,GALAXY GROUP OF COMPANIES PVT. LTD,SET156,SET156-KR-NP-M,M,Ensemble,1.0,931.0,903.0,512.05,390.95,43.29
TXN_001691,2021-04-10,Oct-21,GALAXY GROUP OF COMPANIES PVT. LTD,SET144,SET144-KR-NP-XXL,XXL,Ensemble,2.0,931.0,1806.0,1024.1,781.9,43.29
TXN_001690,2021-04-10,Oct-21,GALAXY GROUP OF COMPANIES PVT. LTD,SET144,SET144-KR-NP-XL,XL,Ensemble,2.0,931.0,1806.0,1024.1,781.9,43.29
TXN_001689,2021-04-10,Oct-21,GALAXY GROUP OF COMPANIES PVT. LTD,SET144,SET144-KR-NP-S,S,Ensemble,2.0,931.0,1806.0,1024.1,781.9,43.29
TXN_001688,2021-04-10,Oct-21,GALAXY GROUP OF COMPANIES PVT. LTD,SET144,SET144-KR-NP-M,M,Ensemble,2.0,931.0,1806.0,1024.1,781.9,43.29
TXN_001687,2021-04-10,Oct-21,GALAXY GROUP OF COMPANIES PVT. LTD,SET144,SET144-KR-NP-L,L,Ensemble,2.0,931.0,1806.0,1024.1,781.9,43.29
TXN_001686,2021-04-10,Oct-21,GALAXY GROUP OF COMPANIES PVT. LTD,SET130,SET130-KR-NP-XXL,XXL,Ensemble,2.0,646.0,1253.0,710.6,542.4,43.29
TXN_001685,2021-04-10,Oct-21,GALAXY GROUP OF COMPANIES PVT. LTD,SET130,SET130-KR-NP-XL,XL,Ensemble,2.0,646.0,1253.0,710.6,542.4,43.29
TXN_001684,2021-04-10,Oct-21,GALAXY GROUP OF COMPANIES PVT. LTD,SET130,SET130-KR-NP-S,S,Ensemble,2.0,646.0,1253.0,710.6,542.4,43.29
TXN_001683,2021-04-10,Oct-21,GALAXY GROUP OF COMPANIES PVT. LTD,SET130,SET130-KR-NP-M,M,Ensemble,2.0,646.0,1253.0,710.6,542.4,43.29
TXN_001682,2021-04-10,Oct-21,GALAXY GROUP OF COMPANIES PVT. LTD,SET130,SET130-KR-NP-L,L,Ensemble,2.0,646.0,1253.0,710.6,542.4,43.29
TXN_001681,2021-04-10,Oct-21,GALAXY GROUP OF COMPANIES PVT. LTD,SET073,SET073-KR-SHA-XXL,XXL,Ensemble,1.0,920.0,892.0,506.0,386.0,43.27
TXN_001680,2021-04-10,Oct-21,GALAXY GROUP OF COMPANIES PVT. LTD,SET073,SET073-KR-SHA-XL,XL,Ensemble,1.0,920.0,892.0,506.0,386.0,43.27
TXN_001679,2021-04-10,Oct-21,GALAXY GROUP OF COMPANIES PVT. LTD,SET073,SET073-KR-SHA-S,S,Ensemble,1.0,920.0,892.0,506.0,386.0,43.27
TXN_001678,2021-04-10,Oct-21,GALAXY GROUP OF COMPANIES PVT. LTD,SET073,SET073-KR-SHA-M,M,Ensemble,1.0,920.0,892.0,506.0,386.0,43.27
TXN_001677,2021-04-10,Oct-21,GALAXY GROUP OF COMPANIES PVT. LTD,SET073,SET073-KR-SHA-L,L,Ensemble,1.0,920.0,892.0,506.0,386.0,43.27
TXN_001676,2021-04-10,Oct-21,GALAXY GROUP OF COMPANIES PVT. LTD,SET058,SET058-KR-NP-XXL,XXL,Ensemble,1.0,944.0,916.0,519.2,396.8,43.32
TXN_001674,2021-04-10,Oct-21,GALAXY GROUP OF COMPANIES PVT. LTD,SET058,SET058-KR-NP-S,S,Ensemble,1.0,944.0,916.0,519.2,396.8,43.32
TXN_001673,2021-04-10,Oct-21,GALAXY GROUP OF COMPANIES PVT. LTD,SET058,SET058-KR-NP-M,M,Ensemble,1.0,944.0,916.0,519.2,396.8,43.32
TXN_001672,2021-04-10,Oct-21,GALAXY GROUP OF COMPANIES PVT. LTD,SET058,SET058-KR-NP-L,L,Ensemble,1.0,944.0,916.0,519.2,396.8,43.32
TXN_001671,2021-04-10,Oct-21,GALAXY GROUP OF COMPANIES PVT. LTD,SET055,SET055-KR-NP-XXL,XXL,Ensemble,2.0,944.0,1831.0,1038.4,792.6,43.29
TXN_001670,2021-04-10,Oct-21,GALAXY GROUP OF COMPANIES PVT. LTD,SET055,SET055-KR-NP-XL,XL,Ensemble,2.0,944.0,1831.0,1038.4,792.6,43.29
TXN_001669,2021-04-10,Oct-21,GALAXY GROUP OF COMPANIES PVT. LTD,SET055,SET055-KR-NP-S,S,Ensemble,2.0,944.0,1831.0,1038.4,792.6,43.29
TXN_001668,2021-04-10,Oct-21,GALAXY GROUP OF COMPANIES PVT. LTD,SET055,SET055-KR-NP-M,M,Ensemble,2.0,944.0,1831.0,1038.4,792.6,43.29
TXN_001696,2021-04-10,Oct-21,GALAXY GROUP OF COMPANIES PVT. LTD,SET184,SET184-KR-PP-S,S,Ensemble,1.0,619.0,600.0,340.45,259.55,43.26
TXN_001666,2021-04-10,Oct-21,GALAXY GROUP OF COMPANIES PVT. LTD,SET044,SET044-KR-NP-XXL,XXL,Ensemble,1.0,646.0,627.0,355.3,271.7,43.33
TXN_001697,2021-04-10,Oct-21,GALAXY GROUP OF COMPANIES PVT. LTD,SET184,SET184-KR-PP-XXL,XXL,Ensemble,1.0,619.0,600.0,340.45,259.55,43.26
TXN_001699,2021-04-10,Oct-21,GALAXY GROUP OF COMPANIES PVT. LTD,SET186,SET186-KR-DH-M,M,Ensemble,1.0,931.0,903.0,512.05,390.95,43.29
TXN_001726,2021-04-10,Oct-21,GALAXY GROUP OF COMPANIES PVT. LTD,SET200,SET200-KR-NP-XL,XL,Ensemble,2.0,894.0,1734.0,983.4,750.6,43.29
TXN_001725,2021-04-10,Oct-21,GALAXY GROUP OF COMPANIES PVT. LTD,SET200,SET200-KR-NP-S,S,Ensemble,2.0,894.0,1734.0,983.4,750.6,43.29
TXN_001724,2021-04-10,Oct-21,GALAXY GROUP OF COMPANIES PVT. LTD,SET200,SET200-KR-NP-M,M,Ensemble,2.0,894.0,1734.0,983.4,750.6,43.29
TXN_001723,2021-04-10,Oct-21,GALAXY GROUP OF COMPANIES PVT. LTD,SET200,SET200-KR-NP-L,L,Ensemble,2.0,894.0,1734.0,983.4,750.6,43.29
TXN_001722,2021-04-10,Oct-21,GALAXY GROUP OF COMPANIES PVT. LTD,SET198,SET198-KR-NP-XXL,XXL,Ensemble,2.0,806.0,1564.0,886.6,677.4,43.31
TXN_001721,2021-04-10,Oct-21,GALAXY GROUP OF COMPANIES PVT. LTD,SET198,SET198-KR-NP-XL,XL,Ensemble,2.0,806.0,1564.0,886.6,677.4,43.31
TXN_001720,2021-04-10,Oct-21,GALAXY GROUP OF COMPANIES PVT. LTD,SET198,SET198-KR-NP-S,S,Ensemble,2.0,806.0,1564.0,886.6,677.4,43.31
TXN_001719,2021-04-10,Oct-21,GALAXY GROUP OF COMPANIES PVT. LTD,SET198,SET198-KR-NP-M,M,Ensemble,2.0,806.0,1564.0,886.6,677.4,43.31
TXN_001718,2021-04-10,Oct-21,GALAXY GROUP OF COMPANIES PVT. LTD,SET196,SET196-KR-NP-XXL,XXL,Ensemble,2.0,844.0,1637.0,928.4,708.6,43.29
TXN_001717,2021-04-10,Oct-21,GALAXY GROUP OF COMPANIES PVT. LTD,SET196,SET196-KR-NP-S,S,Ensemble,2.0,844.0,1637.0,928.4,708.6,43.29
TXN_001716,2021-04-10,Oct-21,GALAXY GROUP OF COMPANIES PVT. LTD,SET196,SET196-KR-NP-M.,M,Ensemble,2.0,844.0,1637.0,928.4,708.6,43.29
TXN_001715,2021-04-10,Oct-21,GALAXY GROUP OF COMPANIES PVT. LTD,SET196,SET196-KR-NP-L,L,Ensemble,2.0,844.0,1637.0,928.4,708.6,43.29
TXN_001714,2021-04-10,Oct-21,GALAXY GROUP OF COMPANIES PVT. LTD,SET193,SET193-KR-NP-XXL,XXL,Ensemble,2.0,806.0,1564.0,886.6,677.4,43.31
TXN_001713,2021-04-10,Oct-21,GALAXY GROUP OF COMPANIES PVT. LTD,SET193,SET193-KR-NP-XL,XL,Ensemble,2.0,806.0,1564.0,886.6,677.4,43.31
TXN_001712,2021-04-10,Oct-21,GALAXY GROUP OF COMPANIES PVT. LTD,SET193,SET193-KR-NP-S,S,Ensemble,2.0,806.0,1564.0,886.6,677.4,43.31
TXN_001711,2021-04-10,Oct-21,GALAXY GROUP OF COMPANIES PVT. LTD,SET193,SET193-KR-NP-M,M,Ensemble,2.0,806.0,1564.0,886.6,677.4,43.31
TXN_001710,2021-04-10,Oct-21,GALAXY GROUP OF COMPANIES PVT. LTD,SET188,SET188-KR-NP-XXL,XXL,Ensemble,2.0,944.0,1831.0,1038.4,792.6,43.29
TXN_001709,2021-04-10,Oct-21,GALAXY GROUP OF COMPANIES PVT. LTD,SET188,SET188-KR-NP-XL,XL,Ensemble,2.0,944.0,1831.0,1038.4,792.6,43.29
TXN_001708,2021-04-10,Oct-21,GALAXY GROUP OF COMPANIES PVT. LTD,SET188,SET188-KR-NP-S,S,Ensemble,2.0,944.0,1831.0,1038.4,792.6,43.29
TXN_001707,2021-04-10,Oct-21,GALAXY GROUP OF COMPANIES PVT. LTD,SET188,SET188-KR-NP-M,M,Ensemble,2.0,944.0,1831.0,1038.4,792.6,43.29
TXN_001706,2021-04-10,Oct-21,GALAXY GROUP OF COMPANIES PVT. LTD,SET188,SET188-KR-NP-L,L,Ensemble,2.0,944.0,1831.0,1038.4,792.6,43.29
TXN_001705,2021-04-10,Oct-21,GALAXY GROUP OF COMPANIES PVT. LTD,SET187,SET187-KR-DH-XXL,XXL,Ensemble,1.0,769.0,746.0,422.95,323.05,43.3
TXN_001704,2021-04-10,Oct-21,GALAXY GROUP OF COMPANIES PVT. LTD,SET187,SET187-KR-DH-XL,XL,Ensemble,1.0,769.0,746.0,422.95,323.05,43.3
TXN_001703,2021-04-10,Oct-21,GALAXY GROUP OF COMPANIES PVT. LTD,SET187,SET187-KR-DH-M,M,Ensemble,1.0,769.0,746.0,422.95,323.05,43.3
TXN_001702,2021-04-10,Oct-21,GALAXY GROUP OF COMPANIES PVT. LTD,SET186,SET186-KR-DH-XXL,XXL,Ensemble,1.0,931.0,903.0,512.05,390.95,43.29
TXN_001701,2021-04-10,Oct-21,GALAXY GROUP OF COMPANIES PVT. LTD,SET186,SET186-KR-DH-XL,XL,Ensemble,1.0,931.0,903.0,512.05,390.95,43.29
TXN_001700,2021-04-10,Oct-21,GALAXY GROUP OF COMPANIES PVT. LTD,SET186,SET186-KR-DH-S,S,Ensemble,1.0,931.0,903.0,512.05,390.95,43.29
TXN_001698,2021-04-10,Oct-21,GALAXY GROUP OF COMPANIES PVT. LTD,SET186,SET186-KR-DH-L,L,Ensemble,1.0,931.0,903.0,512.05,390.95,43.29
TXN_004236,2021-04-10,Oct-21,GALAXY GROUP OF COMPANIES PVT. LTD,SET263,SET263-KR-NP-XL,XL,Ensemble,1.0,806.0,782.0,443.3,338.7,43.31
TXN_004183,2021-04-10,Oct-21,GALAXY GROUP OF COMPANIES PVT. LTD,SET203,SET203-KR-DPT-XL,XL,Ensemble,2.0,531.0,1030.0,584.1,445.9,43.29
TXN_004234,2021-04-10,Oct-21,GALAXY GROUP OF COMPANIES PVT. LTD,SET263,SET263-KR-NP-M,M,Ensemble,1.0,806.0,782.0,443.3,338.7,43.31
TXN_004103,2021-04-10,Oct-21,GALAXY GROUP OF COMPANIES PVT. LTD,JNE3758,JNE3758-KR-M,M,Robe/Jupe,1.0,494.0,479.0,271.7,207.3,43.28
TXN_004102,2021-04-10,Oct-21,GALAXY GROUP OF COMPANIES PVT. LTD,JNE3758,JNE3758-KR-L,L,Robe/Jupe,1.0,494.0,479.0,271.7,207.3,43.28
TXN_004101,2021-04-10,Oct-21,GALAXY GROUP OF COMPANIES PVT. LTD,JNE3716,JNE3716-KR-XXL,XXL,Robe/Jupe,1.0,431.0,418.0,237.05,180.95,43.29
TXN_004100,2021-04-10,Oct-21,GALAXY GROUP OF COMPANIES PVT. LTD,JNE3716,JNE3716-KR-S,S,Robe/Jupe,1.0,431.0,418.0,237.05,180.95,43.29
TXN_004099,2021-04-10,Oct-21,GALAXY GROUP OF COMPANIES PVT. LTD,JNE3716,JNE3716-KR-M,M,Robe/Jupe,1.0,431.0,418.0,237.05,180.95,43.29
TXN_004098,2021-04-10,Oct-21,GALAXY GROUP OF COMPANIES PVT. LTD,JNE3716,JNE3716-KR-L,L,Robe/Jupe,1.0,431.0,418.0,237.05,180.95,43.29
TXN_004097,2021-04-10,Oct-21,GALAXY GROUP OF COMPANIES PVT. LTD,JNE3636,JNE3636-KR-XXL,XXL,Robe/Jupe,2.0,538.0,1044.0,591.8,452.2,43.31
TXN_004096,2021-04-10,Oct-21,GALAXY GROUP OF COMPANIES PVT. LTD,JNE3636,JNE3636-KR-XL,XL,Robe/Jupe,2.0,538.0,1044.0,591.8,452.2,43.31
TXN_004095,2021-04-10,Oct-21,GALAXY GROUP OF COMPANIES PVT. LTD,JNE3636,JNE3636-KR-S,S,Robe/Jupe,2.0,538.0,1044.0,591.8,452.2,43.31
TXN_004094,2021-04-10,Oct-21,GALAXY GROUP OF COMPANIES PVT. LTD,JNE3636,JNE3636-KR-M,M,Robe/Jupe,2.0,538.0,1044.0,591.8,452.2,43.31
TXN_004093,2021-04-10,Oct-21,GALAXY GROUP OF COMPANIES PVT. LTD,JNE3636,JNE3636-KR-L,L,Robe/Jupe,2.0,538.0,1044.0,591.8,452.2,43.31
TXN_004092,2021-04-10,Oct-21,GALAXY GROUP OF COMPANIES PVT. LTD,JNE3616,JNE3616-KR-XXL,XXL,Robe/Jupe,1.0,538.0,522.0,295.9,226.1,43.31
TXN_004104,2021-04-10,Oct-21,GALAXY GROUP OF COMPANIES PVT. LTD,JNE3758,JNE3758-KR-S,S,Robe/Jupe,1.0,494.0,479.0,271.7,207.3,43.28
TXN_004091,2021-04-10,Oct-21,GALAXY GROUP OF COMPANIES PVT. LTD,JNE3616,JNE3616-KR-XL,XL,Robe/Jupe,1.0,538.0,522.0,295.9,226.1,43.31
TXN_004089,2021-04-10,Oct-21,GALAXY GROUP OF COMPANIES PVT. LTD,JNE3616,JNE3616-KR-M,M,Robe/Jupe,1.0,538.0,522.0,295.9,226.1,43.31
TXN_004088,2021-04-10,Oct-21,GALAXY GROUP OF COMPANIES PVT. LTD,JNE3616,JNE3616-KR-L,L,Robe/Jupe,1.0,538.0,522.0,295.9,226.1,43.31
TXN_004087,2021-04-10,Oct-21,GALAXY GROUP OF COMPANIES PVT. LTD,JNE3555,JNE3555-KR-XXL,XXL,Robe/Jupe,2.0,450.0,873.0,495.0,378.0,43.3
TXN_004086,2021-04-10,Oct-21,GALAXY GROUP OF COMPANIES PVT. LTD,JNE3555,JNE3555-KR-XL,XL,Robe/Jupe,2.0,450.0,873.0,495.0,378.0,43.3
TXN_004085,2021-04-10,Oct-21,GALAXY GROUP OF COMPANIES PVT. LTD,JNE3555,JNE3555-KR-S.,S,Robe/Jupe,2.0,450.0,873.0,495.0,378.0,43.3
TXN_004084,2021-04-10,Oct-21,GALAXY GROUP OF COMPANIES PVT. LTD,JNE3555,JNE3555-KR-M,M,Robe/Jupe,2.0,450.0,873.0,495.0,378.0,43.3
TXN_004083,2021-04-10,Oct-21,GALAXY GROUP OF COMPANIES PVT. LTD,JNE3555,JNE3555-KR-L,L,Robe/Jupe,2.0,450.0,873.0,495.0,378.0,43.3
TXN_004082,2021-04-10,Oct-21,GALAXY GROUP OF COMPANIES PVT. LTD,JNE3500,JNE3500-KR-XXL,XXL,Robe/Jupe,1.0,650.0,630.0,357.5,272.5,43.25
TXN_004081,2021-04-10,Oct-21,GALAXY GROUP OF COMPANIES PVT. LTD,JNE3500,JNE3500-KR-XL,XL,Robe/Jupe,1.0,650.0,630.0,357.5,272.5,43.25
TXN_004080,2021-04-10,Oct-21,GALAXY GROUP OF COMPANIES PVT. LTD,JNE3500,JNE3500-KR-S,S,Robe/Jupe,1.0,650.0,630.0,357.5,272.5,43.25
TXN_004079,2021-04-10,Oct-21,GALAXY GROUP OF COMPANIES PVT. LTD,JNE3500,JNE3500-KR-M,M,Robe/Jupe,1.0,650.0,630.0,357.5,272.5,43.25
TXN_004078,2021-04-10,Oct-21,GALAXY GROUP OF COMPANIES PVT. LTD,JNE3500,JNE3500-KR-L,L,Robe/Jupe,1.0,650.0,630.0,357.5,272.5,43.25
TXN_004090,2021-04-10,Oct-21,GALAXY GROUP OF COMPANIES PVT. LTD,JNE3616,JNE3616-KR-S,S,Robe/Jupe,1.0,538.0,522.0,295.9,226.1,43.31
TXN_004105,2021-04-10,Oct-21,GALAXY GROUP OF COMPANIES PVT. LTD,JNE3758,JNE3758-KR-XL,XL,Robe/Jupe,1.0,494.0,479.0,271.7,207.3,43.28
TXN_004106,2021-04-10,Oct-21,GALAXY GROUP OF COMPANIES PVT. LTD,JNE3758,JNE3758-KR-XXL,XXL,Robe/Jupe,1.0,494.0,479.0,271.7,207.3,43.28
TXN_004107,2021-04-10,Oct-21,GALAXY GROUP OF COMPANIES PVT. LTD,SET037,SET037-KR-NP-L,L,Ensemble,1.0,681.0,661.0,374.55,286.45,43.34
TXN_004134,2021-04-10,Oct-21,GALAXY GROUP OF COMPANIES PVT. LTD,SET073,SET073-KR-SHA-XL,XL,Ensemble,1.0,920.0,892.0,506.0,386.0,43.27
TXN_004133,2021-04-10,Oct-21,GALAXY GROUP OF COMPANIES PVT. LTD,SET073,SET073-KR-SHA-S,S,Ensemble,1.0,920.0,892.0,506.0,386.0,43.27
TXN_004132,2021-04-10,Oct-21,GALAXY GROUP OF COMPANIES PVT. LTD,SET073,SET073-KR-SHA-M,M,Ensemble,1.0,920.0,892.0,506.0,386.0,43.27
TXN_004131,2021-04-10,Oct-21,GALAXY GROUP OF COMPANIES PVT. LTD,SET073,SET073-KR-SHA-L,L,Ensemble,1.0,920.0,892.0,506.0,386.0,43.27
TXN_004130,2021-04-10,Oct-21,GALAXY GROUP OF COMPANIES PVT. LTD,SET058,SET058-KR-NP-XXL,XXL,Ensemble,1.0,944.0,916.0,519.2,396.8,43.32
TXN_004129,2021-04-10,Oct-21,GALAXY GROUP OF COMPANIES PVT. LTD,SET058,SET058-KR-NP-XL,XL,Ensemble,1.0,944.0,916.0,519.2,396.8,43.32
TXN_004128,2021-04-10,Oct-21,GALAXY GROUP OF COMPANIES PVT. LTD,SET058,SET058-KR-NP-S,S,Ensemble,1.0,944.0,916.0,519.2,396.8,43.32
TXN_004127,2021-04-10,Oct-21,GALAXY GROUP OF COMPANIES PVT. LTD,SET058,SET058-KR-NP-M,M,Ensemble,1.0,944.0,916.0,519.2,396.8,43.32
TXN_004126,2021-04-10,Oct-21,GALAXY GROUP OF COMPANIES PVT. LTD,SET058,SET058-KR-NP-L,L,Ensemble,1.0,944.0,916.0,519.2,396.8,43.32
TXN_004125,2021-04-10,Oct-21,GALAXY GROUP OF COMPANIES PVT. LTD,SET055,SET055-KR-NP-XXL,XXL,Ensemble,2.0,944.0,1831.0,1038.4,792.6,43.29
TXN_004124,2021-04-10,Oct-21,GALAXY GROUP OF COMPANIES PVT. LTD,SET055,SET055-KR-NP-XL,XL,Ensemble,2.0,944.0,1831.0,1038.4,792.6,43.29
TXN_004123,2021-04-10,Oct-21,GALAXY GROUP OF COMPANIES PVT. LTD,SET055,SET055-KR-NP-S,S,Ensemble,2.0,944.0,1831.0,1038.4,792.6,43.29
TXN_004122,2021-04-10,Oct-21,GALAXY GROUP OF COMPANIES PVT. LTD,SET055,SET055-KR-NP-M,M,Ensemble,2.0,944.0,1831.0,1038.4,792.6,43.29
TXN_004121,2021-04-10,Oct-21,GALAXY GROUP OF COMPANIES PVT. LTD,SET055,SET055-KR-NP-L,L,Ensemble,2.0,944.0,1831.0,1038.4,792.6,43.29
TXN_004120,2021-04-10,Oct-21,GALAXY GROUP OF COMPANIES PVT. LTD,SET044,SET044-KR-NP-XXL,XXL,Ensemble,1.0,646.0,627.0,355.3,271.7,43.33
TXN_004119,2021-04-10,Oct-21,GALAXY GROUP OF COMPANIES PVT. LTD,SET044,SET044-KR-NP-XL,XL,Ensemble,1.0,646.0,627.0,355.3,271.7,43.33
TXN_004118,2021-04-10,Oct-21,GALAXY GROUP OF COMPANIES PVT. LTD,SET044,SET044-KR-NP-S,S,Ensemble,1.0,646.0,627.0,355.3,271.7,43.33
TXN_004117,2021-04-10,Oct-21,GALAXY GROUP OF COMPANIES PVT. LTD,SET044,SET044-KR-NP-M,M,Ensemble,1.0,646.0,627.0,355.3,271.7,43.33
TXN_004116,2021-04-10,Oct-21,GALAXY GROUP OF COMPANIES PVT. LTD,SET044,SET044-KR-NP-L,L,Ensemble,1.0,646.0,627.0,355.3,271.7,43.33
TXN_004115,2021-04-10,Oct-21,GALAXY GROUP OF COMPANIES PVT. LTD,SET038,SET038-KR-PP-XXL,XXL,Ensemble,2.0,769.0,1492.0,845.9,646.1,43.3
TXN_004114,2021-04-10,Oct-21,GALAXY GROUP OF COMPANIES PVT. LTD,SET038,SET038-KR-PP-S,S,Ensemble,2.0,769.0,1492.0,845.9,646.1,43.3
TXN_004113,2021-04-10,Oct-21,GALAXY GROUP OF COMPANIES PVT. LTD,SET038,SET038-KR-PP-M,M,Ensemble,2.0,769.0,1492.0,845.9,646.1,43.3
TXN_004112,2021-04-10,Oct-21,GALAXY GROUP OF COMPANIES PVT. LTD,SET038,SET038-KR-PP-L,L,Ensemble,2.0,769.0,1492.0,845.9,646.1,43.3
TXN_004111,2021-04-10,Oct-21,GALAXY GROUP OF COMPANIES PVT. LTD,SET037,SET037-KR-NP-XXL,XXL,Ensemble,1.0,681.0,661.0,374.55,286.45,43.34
TXN_004110,2021-04-10,Oct-21,GALAXY GROUP OF COMPANIES PVT. LTD,SET037,SET037-KR-NP-XL,XL,Ensemble,1.0,681.0,661.0,374.55,286.45,43.34
TXN_004109,2021-04-10,Oct-21,GALAXY GROUP OF COMPANIES PVT. LTD,SET037,SET037-KR-NP-S,S,Ensemble,1.0,681.0,661.0,374.55,286.45,43.34
TXN_004108,2021-04-10,Oct-21,GALAXY GROUP OF COMPANIES PVT. LTD,SET037,SET037-KR-NP-M,M,Ensemble,1.0,681.0,661.0,374.55,286.45,43.34
TXN_004077,2021-04-10,Oct-21,GALAXY GROUP OF COMPANIES PVT. LTD,JNE3497,JNE3497-KR-XXL,XXL,Robe/Jupe,1.0,291.0,282.0,160.05,121.95,43.24
TXN_004135,2021-04-10,Oct-21,GALAXY GROUP OF COMPANIES PVT. LTD,SET073,SET073-KR-SHA-XXL,XXL,Ensemble,1.0,920.0,892.0,506.0,386.0,43.27
TXN_004076,2021-04-10,Oct-21,GALAXY GROUP OF COMPANIES PVT. LTD,JNE3497,JNE3497-KR-S,S,Robe/Jupe,1.0,291.0,282.0,160.05,121.95,43.24
TXN_004074,2021-04-10,Oct-21,GALAXY GROUP OF COMPANIES PVT. LTD,JNE3489,JNE3489-KR-XXL,XXL,Robe/Jupe,2.0,431.0,836.0,474.1,361.9,43.29
TXN_004042,2021-04-10,Oct-21,GALAXY GROUP OF COMPANIES PVT. LTD,J0211,J0211-DR-S,S,Robe/Jupe,1.0,820.0,795.0,451.0,344.0,43.27
TXN_004041,2021-04-10,Oct-21,GALAXY GROUP OF COMPANIES PVT. LTD,J0211,J0211-DR-M,M,Robe/Jupe,1.0,820.0,795.0,451.0,344.0,43.27
TXN_004040,2021-04-10,Oct-21,GALAXY GROUP OF COMPANIES PVT. LTD,J0211,J0211-DR-L,L,Robe/Jupe,1.0,820.0,795.0,451.0,344.0,43.27
TXN_004039,2021-04-10,Oct-21,GALAXY GROUP OF COMPANIES PVT. LTD,J0145,J0145-SET-XXL,XXL,Robe/Jupe,1.0,670.0,650.0,368.5,281.5,43.31
TXN_004038,2021-04-10,Oct-21,GALAXY GROUP OF COMPANIES PVT. LTD,J0145,J0145-SET-XL,XL,Robe/Jupe,1.0,670.0,650.0,368.5,281.5,43.31
TXN_004037,2021-04-10,Oct-21,GALAXY GROUP OF COMPANIES PVT. LTD,J0145,J0145-SET-S,S,Robe/Jupe,1.0,670.0,650.0,368.5,281.5,43.31
TXN_004036,2021-04-10,Oct-21,GALAXY GROUP OF COMPANIES PVT. LTD,J0145,J0145-SET-L,L,Robe/Jupe,1.0,670.0,650.0,368.5,281.5,43.31
TXN_001600,2021-04-10,Oct-21,GALAXY GROUP OF COMPANIES PVT. LTD,JNE3273,JNE3273-KR-XXL,XXL,Robe/Jupe,1.0,623.0,604.0,342.65,261.35,43.27
TXN_001599,2021-04-10,Oct-21,GALAXY GROUP OF COMPANIES PVT. LTD,JNE3273,JNE3273-KR-XL,XL,Robe/Jupe,1.0,623.0,604.0,342.65,261.35,43.27
TXN_001598,2021-04-10,Oct-21,GALAXY GROUP OF COMPANIES PVT. LTD,JNE3273,JNE3273-KR-S,S,Robe/Jupe,1.0,623.0,604.0,342.65,261.35,43.27
TXN_001597,2021-04-10,Oct-21,GALAXY GROUP OF COMPANIES PVT. LTD,JNE3273,JNE3273-KR-M,M,Robe/Jupe,1.0,623.0,604.0,342.65,261.35,43.27
TXN_001596,2021-04-10,Oct-21,GALAXY GROUP OF COMPANIES PVT. LTD,JNE3273,JNE3273-KR-L,L,Robe/Jupe,1.0,623.0,604.0,342.65,261.35,43.27
TXN_004043,2021-04-10,Oct-21,GALAXY GROUP OF COMPANIES PVT. LTD,J0211,J0211-DR-XL,XL,Robe/Jupe,1.0,820.0,795.0,451.0,344.0,43.27
TXN_001595,2021-04-10,Oct-21,GALAXY GROUP OF COMPANIES PVT. LTD,JNE2032,JNE2032-KR-205-XXL,XXL,Robe/Jupe,2.0,469.0,910.0,515.9,394.1,43.31
TXN_001593,2021-04-10,Oct-21,GALAXY GROUP OF COMPANIES PVT. LTD,JNE2032,JNE2032-KR-205-S,S,Robe/Jupe,2.0,469.0,910.0,515.9,394.1,43.31
TXN_001592,2021-04-10,Oct-21,GALAXY GROUP OF COMPANIES PVT. LTD,JNE2032,JNE2032-KR-205-M,M,Robe/Jupe,2.0,469.0,910.0,515.9,394.1,43.31
TXN_001591,2021-04-10,Oct-21,GALAXY GROUP OF COMPANIES PVT. LTD,JNE2032,JNE2032-KR-205-L,L,Robe/Jupe,2.0,469.0,910.0,515.9,394.1,43.31
TXN_001590,2021-04-10,Oct-21,GALAXY GROUP OF COMPANIES PVT. LTD,J0211,J0211-DR-XXL,XXL,Robe/Jupe,1.0,820.0,795.0,451.0,344.0,43.27
TXN_001589,2021-04-10,Oct-21,GALAXY GROUP OF COMPANIES PVT. LTD,J0211,J0211-DR-XL,XL,Robe/Jupe,1.0,820.0,795.0,451.0,344.0,43.27
TXN_001588,2021-04-10,Oct-21,GALAXY GROUP OF COMPANIES PVT. LTD,J0211,J0211-DR-S,S,Robe/Jupe,1.0,820.0,795.0,451.0,344.0,43.27
TXN_001587,2021-04-10,Oct-21,GALAXY GROUP OF COMPANIES PVT. LTD,J0211,J0211-DR-M,M,Robe/Jupe,1.0,820.0,795.0,451.0,344.0,43.27
TXN_001586,2021-04-10,Oct-21,GALAXY GROUP OF COMPANIES PVT. LTD,J0211,J0211-DR-L,L,Robe/Jupe,1.0,820.0,795.0,451.0,344.0,43.27
TXN_001585,2021-04-10,Oct-21,GALAXY GROUP OF COMPANIES PVT. LTD,J0145,J0145-SET-XXL,XXL,Robe/Jupe,1.0,670.0,650.0,368.5,281.5,43.31
TXN_001584,2021-04-10,Oct-21,GALAXY GROUP OF COMPANIES PVT. LTD,J0145,J0145-SET-XL,XL,Robe/Jupe,1.0,670.0,650.0,368.5,281.5,43.31
TXN_001583,2021-04-10,Oct-21,GALAXY GROUP OF COMPANIES PVT. LTD,J0145,J0145-SET-S,S,Robe/Jupe,1.0,670.0,650.0,368.5,281.5,43.31
TXN_001582,2021-04-10,Oct-21,GALAXY GROUP OF COMPANIES PVT. LTD,J0145,J0145-SET-L,L,Robe/Jupe,1.0,670.0,650.0,368.5,281.5,43.31
TXN_001594,2021-04-10,Oct-21,GALAXY GROUP OF COMPANIES PVT. LTD,JNE2032,JNE2032-KR-205-XL,XL,Robe/Jupe,2.0,469.0,910.0,515.9,394.1,43.31
TXN_004044,2021-04-10,Oct-21,GALAXY GROUP OF COMPANIES PVT. LTD,J0211,J0211-DR-XXL,XXL,Robe/Jupe,1.0,820.0,795.0,451.0,344.0,43.27
TXN_004045,2021-04-10,Oct-21,GALAXY GROUP OF COMPANIES PVT. LTD,JNE2032,JNE2032-KR-205-L,L,Robe/Jupe,2.0,469.0,910.0,515.9,394.1,43.31
TXN_004046,2021-04-10,Oct-21,GALAXY GROUP OF COMPANIES PVT. LTD,JNE2032,JNE2032-KR-205-M,M,Robe/Jupe,2.0,469.0,910.0,515.9,394.1,43.31
TXN_004073,2021-04-10,Oct-21,GALAXY GROUP OF COMPANIES PVT. LTD,JNE3489,JNE3489-KR-XL,XL,Robe/Jupe,2.0,431.0,836.0,474.1,361.9,43.29
TXN_004072,2021-04-10,Oct-21,GALAXY GROUP OF COMPANIES PVT. LTD,JNE3489,JNE3489-KR-S,S,Robe/Jupe,2.0,431.0,836.0,474.1,361.9,43.29
TXN_004071,2021-04-10,Oct-21,GALAXY GROUP OF COMPANIES PVT. LTD,JNE3489,JNE3489-KR-M,M,Robe/Jupe,2.0,431.0,836.0,474.1,361.9,43.29
TXN_004070,2021-04-10,Oct-21,GALAXY GROUP OF COMPANIES PVT. LTD,JNE3489,JNE3489-KR-L,L,Robe/Jupe,2.0,431.0,836.0,474.1,361.9,43.29
TXN_004069,2021-04-10,Oct-21,GALAXY GROUP OF COMPANIES PVT. LTD,JNE3435,JNE3435-KR-XXL,XXL,Robe/Jupe,1.0,431.0,418.0,237.05,180.95,43.29
TXN_004068,2021-04-10,Oct-21,GALAXY GROUP OF COMPANIES PVT. LTD,JNE3435,JNE3435-KR-XL,XL,Robe/Jupe,1.0,431.0,418.0,237.05,180.95,43.29
TXN_004067,2021-04-10,Oct-21,GALAXY GROUP OF COMPANIES PVT. LTD,JNE3435,JNE3435-KR-S,S,Robe/Jupe,1.0,431.0,418.0,237.05,180.95,43.29
TXN_004066,2021-04-10,Oct-21,GALAXY GROUP OF COMPANIES PVT. LTD,JNE3435,JNE3435-KR-M,M,Robe/Jupe,1.0,431.0,418.0,237.05,180.95,43.29
TXN_004065,2021-04-10,Oct-21,GALAXY GROUP OF COMPANIES PVT. LTD,JNE3435,JNE3435-KR-L,L,Robe/Jupe,1.0,431.0,418.0,237.05,180.95,43.29
TXN_004064,2021-04-10,Oct-21,GALAXY GROUP OF COMPANIES PVT. LTD,JNE3434,JNE3434-KR-XXL,XXL,Robe/Jupe,1.0,431.0,418.0,237.05,180.95,43.29
TXN_004063,2021-04-10,Oct-21,GALAXY GROUP OF COMPANIES PVT. LTD,JNE3434,JNE3434-KR-XL,XL,Robe/Jupe,1.0,431.0,418.0,237.05,180.95,43.29
TXN_004062,2021-04-10,Oct-21,GALAXY GROUP OF COMPANIES PVT. LTD,JNE3434,JNE3434-KR-S,S,Robe/Jupe,1.0,431.0,418.0,237.05,180.95,43.29
TXN_004061,2021-04-10,Oct-21,GALAXY GROUP OF COMPANIES PVT. LTD,JNE3434,JNE3434-KR-M,M,Robe/Jupe,1.0,431.0,418.0,237.05,180.95,43.29
TXN_004060,2021-04-10,Oct-21,GALAXY GROUP OF COMPANIES PVT. LTD,JNE3434,JNE3434-KR-L,L,Robe/Jupe,1.0,431.0,418.0,237.05,180.95,43.29
TXN_004059,2021-04-10,Oct-21,GALAXY GROUP OF COMPANIES PVT. LTD,JNE3432,JNE3432-KR-XXL,XXL,Robe/Jupe,2.0,494.0,958.0,543.4,414.6,43.28
TXN_004058,2021-04-10,Oct-21,GALAXY GROUP OF COMPANIES PVT. LTD,JNE3432,JNE3432-KR-XL,XL,Robe/Jupe,2.0,494.0,958.0,543.4,414.6,43.28
TXN_004057,2021-04-10,Oct-21,GALAXY GROUP OF COMPANIES PVT. LTD,JNE3432,JNE3432-KR-S,S,Robe/Jupe,2.0,494.0,958.0,543.4,414.6,43.28
TXN_004056,2021-04-10,Oct-21,GALAXY GROUP OF COMPANIES PVT. LTD,JNE3432,JNE3432-KR-M,M,Robe/Jupe,2.0,494.0,958.0,543.4,414.6,43.28
TXN_004055,2021-04-10,Oct-21,GALAXY GROUP OF COMPANIES PVT. LTD,JNE3432,JNE3432-KR-L,L,Robe/Jupe,2.0,494.0,958.0,543.4,414.6,43.28
TXN_004054,2021-04-10,Oct-21,GALAXY GROUP OF COMPANIES PVT. LTD,JNE3273,JNE3273-KR-XXL,XXL,Robe/Jupe,1.0,623.0,604.0,342.65,261.35,43.27
TXN_004053,2021-04-10,Oct-21,GALAXY GROUP OF COMPANIES PVT. LTD,JNE3273,JNE3273-KR-XL,XL,Robe/Jupe,1.0,623.0,604.0,342.65,261.35,43.27
TXN_004052,2021-04-10,Oct-21,GALAXY GROUP OF COMPANIES PVT. LTD,JNE3273,JNE3273-KR-S,S,Robe/Jupe,1.0,623.0,604.0,342.65,261.35,43.27
TXN_004051,2021-04-10,Oct-21,GALAXY GROUP OF COMPANIES PVT. LTD,JNE3273,JNE3273-KR-M,M,Robe/Jupe,1.0,623.0,604.0,342.65,261.35,43.27
TXN_004050,2021-04-10,Oct-21,GALAXY GROUP OF COMPANIES PVT. LTD,JNE3273,JNE3273-KR-L,L,Robe/Jupe,1.0,623.0,604.0,342.65,261.35,43.27
TXN_004049,2021-04-10,Oct-21,GALAXY GROUP OF COMPANIES PVT. LTD,JNE2032,JNE2032-KR-205-XXL,XXL,Robe/Jupe,2.0,469.0,910.0,515.9,394.1,43.31
TXN_004048,2021-04-10,Oct-21,GALAXY GROUP OF COMPANIES PVT. LTD,JNE2032,JNE2032-KR-205-XL,XL,Robe/Jupe,2.0,469.0,910.0,515.9,394.1,43.31
TXN_004047,2021-04-10,Oct-21,GALAXY GROUP OF COMPANIES PVT. LTD,JNE2032,JNE2032-KR-205-S,S,Robe/Jupe,2.0,469.0,910.0,515.9,394.1,43.31
TXN_004075,2021-04-10,Oct-21,GALAXY GROUP OF COMPANIES PVT. LTD,JNE3497,JNE3497-KR-M,M,Robe/Jupe,1.0,291.0,282.0,160.05,121.95,43.24
TXN_004136,2021-04-10,Oct-21,GALAXY GROUP OF COMPANIES PVT. LTD,SET130,SET130-KR-NP-L,L,Ensemble,2.0,646.0,1253.0,710.6,542.4,43.29
TXN_004137,2021-04-10,Oct-21,GALAXY GROUP OF COMPANIES PVT. LTD,SET130,SET130-KR-NP-M,M,Ensemble,2.0,646.0,1253.0,710.6,542.4,43.29
TXN_004138,2021-04-10,Oct-21,GALAXY GROUP OF COMPANIES PVT. LTD,SET130,SET130-KR-NP-S,S,Ensemble,2.0,646.0,1253.0,710.6,542.4,43.29
TXN_004202,2021-04-10,Oct-21,GALAXY GROUP OF COMPANIES PVT. LTD,SET233,SET233-KR-PP-XL,XL,Ensemble,2.0,850.0,1649.0,935.0,714.0,43.3
TXN_004201,2021-04-10,Oct-21,GALAXY GROUP OF COMPANIES PVT. LTD,SET233,SET233-KR-PP-S,S,Ensemble,2.0,850.0,1649.0,935.0,714.0,43.3
TXN_004200,2021-04-10,Oct-21,GALAXY GROUP OF COMPANIES PVT. LTD,SET233,SET233-KR-PP-M,M,Ensemble,2.0,850.0,1649.0,935.0,714.0,43.3
TXN_004199,2021-04-10,Oct-21,GALAXY GROUP OF COMPANIES PVT. LTD,SET233,SET233-KR-PP-L,L,Ensemble,2.0,850.0,1649.0,935.0,714.0,43.3
TXN_004198,2021-04-10,Oct-21,GALAXY GROUP OF COMPANIES PVT. LTD,SET232,SET232-KR-PP-XXL,XXL,Ensemble,2.0,850.0,1649.0,935.0,714.0,43.3
TXN_004197,2021-04-10,Oct-21,GALAXY GROUP OF COMPANIES PVT. LTD,SET232,SET232-KR-PP-XL,XL,Ensemble,2.0,850.0,1649.0,935.0,714.0,43.3
TXN_004196,2021-04-10,Oct-21,GALAXY GROUP OF COMPANIES PVT. LTD,SET232,SET232-KR-PP-S,S,Ensemble,2.0,850.0,1649.0,935.0,714.0,43.3
TXN_004195,2021-04-10,Oct-21,GALAXY GROUP OF COMPANIES PVT. LTD,SET232,SET232-KR-PP-M,M,Ensemble,2.0,850.0,1649.0,935.0,714.0,43.3
TXN_004194,2021-04-10,Oct-21,GALAXY GROUP OF COMPANIES PVT. LTD,SET232,SET232-KR-PP-L,L,Ensemble,2.0,850.0,1649.0,935.0,714.0,43.3
TXN_004193,2021-04-10,Oct-21,GALAXY GROUP OF COMPANIES PVT. LTD,SET218,SET218-KR-NP-XXL,XXL,Ensemble,1.0,994.0,964.0,546.7,417.3,43.29
TXN_004192,2021-04-10,Oct-21,GALAXY GROUP OF COMPANIES PVT. LTD,SET218,SET218-KR-NP-XL,XL,Ensemble,1.0,994.0,964.0,546.7,417.3,43.29
TXN_004191,2021-04-10,Oct-21,GALAXY GROUP OF COMPANIES PVT. LTD,SET218,SET218-KR-NP-S,S,Ensemble,1.0,994.0,964.0,546.7,417.3,43.29
TXN_004203,2021-04-10,Oct-21,GALAXY GROUP OF COMPANIES PVT. LTD,SET233,SET233-KR-PP-XXL,XXL,Ensemble,2.0,850.0,1649.0,935.0,714.0,43.3
TXN_004190,2021-04-10,Oct-21,GALAXY GROUP OF COMPANIES PVT. LTD,SET218,SET218-KR-NP-M,M,Ensemble,1.0,994.0,964.0,546.7,417.3,43.29
TXN_004188,2021-04-10,Oct-21,GALAXY GROUP OF COMPANIES PVT. LTD,SET210,SET210-KR-PP-XXL,XXL,Ensemble,1.0,765.0,742.0,420.75,321.25,43.3
TXN_004187,2021-04-10,Oct-21,GALAXY GROUP OF COMPANIES PVT. LTD,SET210,SET210-KR-PP-XL,XL,Ensemble,1.0,765.0,742.0,420.75,321.25,43.3
TXN_004186,2021-04-10,Oct-21,GALAXY GROUP OF COMPANIES PVT. LTD,SET210,SET210-KR-PP-S,S,Ensemble,1.0,765.0,742.0,420.75,321.25,43.3
TXN_004185,2021-04-10,Oct-21,GALAXY GROUP OF COMPANIES PVT. LTD,SET210,SET210-KR-PP-M,M,Ensemble,1.0,765.0,742.0,420.75,321.25,43.3
TXN_004184,2021-04-10,Oct-21,GALAXY GROUP OF COMPANIES PVT. LTD,SET203,SET203-KR-DPT-XXL,XXL,Ensemble,2.0,531.0,1030.0,584.1,445.9,43.29
TXN_001624,2021-04-10,Oct-21,GALAXY GROUP OF COMPANIES PVT. LTD,JNE3500,JNE3500-KR-L,L,Robe/Jupe,1.0,650.0,630.0,357.5,272.5,43.25
TXN_004182,2021-04-10,Oct-21,GALAXY GROUP OF COMPANIES PVT. LTD,SET203,SET203-KR-DPT-M,M,Ensemble,2.0,531.0,1030.0,584.1,445.9,43.29
TXN_004181,2021-04-10,Oct-21,GALAXY GROUP OF COMPANIES PVT. LTD,SET200,SET200-KR-NP-XXL,XXL,Ensemble,2.0,894.0,1734.0,983.4,750.6,43.29
TXN_004180,2021-04-10,Oct-21,GALAXY GROUP OF COMPANIES PVT. LTD,SET200,SET200-KR-NP-XL,XL,Ensemble,2.0,894.0,1734.0,983.4,750.6,43.29
TXN_004179,2021-04-10,Oct-21,GALAXY GROUP OF COMPANIES PVT. LTD,SET200,SET200-KR-NP-S,S,Ensemble,2.0,894.0,1734.0,983.4,750.6,43.29
TXN_004178,2021-04-10,Oct-21,GALAXY GROUP OF COMPANIES PVT. LTD,SET200,SET200-KR-NP-M,M,Ensemble,2.0,894.0,1734.0,983.4,750.6,43.29
TXN_004177,2021-04-10,Oct-21,GALAXY GROUP OF COMPANIES PVT. LTD,SET200,SET200-KR-NP-L,L,Ensemble,2.0,894.0,1734.0,983.4,750.6,43.29
TXN_004189,2021-04-10,Oct-21,GALAXY GROUP OF COMPANIES PVT. LTD,SET218,SET218-KR-NP-L,L,Ensemble,1.0,994.0,964.0,546.7,417.3,43.29
TXN_004204,2021-04-10,Oct-21,GALAXY GROUP OF COMPANIES PVT. LTD,SET236,SET236-KR-PP-M,M,Ensemble,2.0,850.0,1649.0,935.0,714.0,43.3
TXN_004205,2021-04-10,Oct-21,GALAXY GROUP OF COMPANIES PVT. LTD,SET236,SET236-KR-PP-S,S,Ensemble,2.0,850.0,1649.0,935.0,714.0,43.3
TXN_004206,2021-04-10,Oct-21,GALAXY GROUP OF COMPANIES PVT. LTD,SET236,SET236-KR-PP-XL,XL,Ensemble,2.0,850.0,1649.0,935.0,714.0,43.3
TXN_004233,2021-04-10,Oct-21,GALAXY GROUP OF COMPANIES PVT. LTD,SET263,SET263-KR-NP-L,L,Ensemble,1.0,806.0,782.0,443.3,338.7,43.31
TXN_004232,2021-04-10,Oct-21,GALAXY GROUP OF COMPANIES PVT. LTD,SET250,SET250-KR-SHA-XXL,XXL,Ensemble,1.0,920.0,892.0,506.0,386.0,43.27
TXN_004231,2021-04-10,Oct-21,GALAXY GROUP OF COMPANIES PVT. LTD,SET250,SET250-KR-SHA-XL,XL,Ensemble,1.0,920.0,892.0,506.0,386.0,43.27
TXN_004230,2021-04-10,Oct-21,GALAXY GROUP OF COMPANIES PVT. LTD,SET250,SET250-KR-SHA-S,S,Ensemble,1.0,920.0,892.0,506.0,386.0,43.27
TXN_004229,2021-04-10,Oct-21,GALAXY GROUP OF COMPANIES PVT. LTD,SET250,SET250-KR-SHA-M,M,Ensemble,1.0,920.0,892.0,506.0,386.0,43.27
TXN_004228,2021-04-10,Oct-21,GALAXY GROUP OF COMPANIES PVT. LTD,SET250,SET250-KR-SHA-L,L,Ensemble,1.0,920.0,892.0,506.0,386.0,43.27
TXN_004227,2021-04-10,Oct-21,GALAXY GROUP OF COMPANIES PVT. LTD,SET248,SET248-KR-NP-XXL,XXL,Ensemble,1.0,646.0,627.0,355.3,271.7,43.33
TXN_004226,2021-04-10,Oct-21,GALAXY GROUP OF COMPANIES PVT. LTD,SET248,SET248-KR-NP-XL,XL,Ensemble,1.0,646.0,627.0,355.3,271.7,43.33
TXN_004225,2021-04-10,Oct-21,GALAXY GROUP OF COMPANIES PVT. LTD,SET248,SET248-KR-NP-S,S,Ensemble,1.0,646.0,627.0,355.3,271.7,43.33
TXN_004224,2021-04-10,Oct-21,GALAXY GROUP OF COMPANIES PVT. LTD,SET248,SET248-KR-NP-M,M,Ensemble,1.0,646.0,627.0,355.3,271.7,43.33
TXN_004223,2021-04-10,Oct-21,GALAXY GROUP OF COMPANIES PVT. LTD,SET248,SET248-KR-NP-L,L,Ensemble,1.0,646.0,627.0,355.3,271.7,43.33
TXN_004222,2021-04-10,Oct-21,GALAXY GROUP OF COMPANIES PVT. LTD,SET246,SET246-KR-PP-XXL,XXL,Ensemble,2.0,681.0,1321.0,749.1,571.9,43.29
TXN_004221,2021-04-10,Oct-21,GALAXY GROUP OF COMPANIES PVT. LTD,SET246,SET246-KR-PP-XL,XL,Ensemble,2.0,681.0,1321.0,749.1,571.9,43.29
TXN_004220,2021-04-10,Oct-21,GALAXY GROUP OF COMPANIES PVT. LTD,SET246,SET246-KR-PP-S,S,Ensemble,2.0,681.0,1321.0,749.1,571.9,43.29
TXN_004219,2021-04-10,Oct-21,GALAXY GROUP OF COMPANIES PVT. LTD,SET246,SET246-KR-PP-M,M,Ensemble,2.0,681.0,1321.0,749.1,571.9,43.29
TXN_004218,2021-04-10,Oct-21,GALAXY GROUP OF COMPANIES PVT. LTD,SET246,SET246-KR-PP-L,L,Ensemble,2.0,681.0,1321.0,749.1,571.9,43.29
TXN_004217,2021-04-10,Oct-21,GALAXY GROUP OF COMPANIES PVT. LTD,SET245,SET245-KR-NP-XXL,XXL,Ensemble,1.0,1181.0,1146.0,649.55,496.45,43.32
TXN_004216,2021-04-10,Oct-21,GALAXY GROUP OF COMPANIES PVT. LTD,SET245,SET245-KR-NP-XL,XL,Ensemble,1.0,1181.0,1146.0,649.55,496.45,43.32
TXN_004215,2021-04-10,Oct-21,GALAXY GROUP OF COMPANIES PVT. LTD,SET245,SET245-KR-NP-S,S,Ensemble,1.0,1181.0,1146.0,649.55,496.45,43.32
TXN_004214,2021-04-10,Oct-21,GALAXY GROUP OF COMPANIES PVT. LTD,SET245,SET245-KR-NP-M,M,Ensemble,1.0,1181.0,1146.0,649.55,496.45,43.32
TXN_004213,2021-04-10,Oct-21,GALAXY GROUP OF COMPANIES PVT. LTD,SET245,SET245-KR-NP-L,L,Ensemble,1.0,1181.0,1146.0,649.55,496.45,43.32
TXN_004212,2021-04-10,Oct-21,GALAXY GROUP OF COMPANIES PVT. LTD,SET238,SET238-KR-PP-XXL,XXL,Ensemble,1.0,706.0,685.0,388.3,296.7,43.31
TXN_004211,2021-04-10,Oct-21,GALAXY GROUP OF COMPANIES PVT. LTD,SET238,SET238-KR-PP-XL,XL,Ensemble,1.0,706.0,685.0,388.3,296.7,43.31
TXN_004210,2021-04-10,Oct-21,GALAXY GROUP OF COMPANIES PVT. LTD,SET238,SET238-KR-PP-S,S,Ensemble,1.0,706.0,685.0,388.3,296.7,43.31
TXN_004209,2021-04-10,Oct-21,GALAXY GROUP OF COMPANIES PVT. LTD,SET238,SET238-KR-PP-M,M,Ensemble,1.0,706.0,685.0,388.3,296.7,43.31
TXN_004208,2021-04-10,Oct-21,GALAXY GROUP OF COMPANIES PVT. LTD,SET238,SET238-KR-PP-L,L,Ensemble,1.0,706.0,685.0,388.3,296.7,43.31
TXN_004207,2021-04-10,Oct-21,GALAXY GROUP OF COMPANIES PVT. LTD,SET236,SET236-KR-PP-XXL,XXL,Ensemble,2.0,850.0,1649.0,935.0,714.0,43.3
TXN_004176,2021-04-10,Oct-21,GALAXY GROUP OF COMPANIES PVT. LTD,SET198,SET198-KR-NP-XXL,XXL,Ensemble,2.0,806.0,1564.0,886.6,677.4,43.31
TXN_004175,2021-04-10,Oct-21,GALAXY GROUP OF COMPANIES PVT. LTD,SET198,SET198-KR-NP-XL,XL,Ensemble,2.0,806.0,1564.0,886.6,677.4,43.31
TXN_004174,2021-04-10,Oct-21,GALAXY GROUP OF COMPANIES PVT. LTD,SET198,SET198-KR-NP-S,S,Ensemble,2.0,806.0,1564.0,886.6,677.4,43.31
TXN_004173,2021-04-10,Oct-21,GALAXY GROUP OF COMPANIES PVT. LTD,SET198,SET198-KR-NP-M,M,Ensemble,2.0,806.0,1564.0,886.6,677.4,43.31
TXN_001638,2021-04-10,Oct-21,GALAXY GROUP OF COMPANIES PVT. LTD,JNE3616,JNE3616-KR-XXL,XXL,Robe/Jupe,1.0,538.0,522.0,295.9,226.1,43.31
TXN_004164,2021-04-10,Oct-21,GALAXY GROUP OF COMPANIES PVT. LTD,SET188,SET188-KR-NP-XXL,XXL,Ensemble,2.0,944.0,1831.0,1038.4,792.6,43.29
TXN_004163,2021-04-10,Oct-21,GALAXY GROUP OF COMPANIES PVT. LTD,SET188,SET188-KR-NP-XL,XL,Ensemble,2.0,944.0,1831.0,1038.4,792.6,43.29
TXN_004162,2021-04-10,Oct-21,GALAXY GROUP OF COMPANIES PVT. LTD,SET188,SET188-KR-NP-S,S,Ensemble,2.0,944.0,1831.0,1038.4,792.6,43.29
TXN_004161,2021-04-10,Oct-21,GALAXY GROUP OF COMPANIES PVT. LTD,SET188,SET188-KR-NP-M,M,Ensemble,2.0,944.0,1831.0,1038.4,792.6,43.29
TXN_004160,2021-04-10,Oct-21,GALAXY GROUP OF COMPANIES PVT. LTD,SET188,SET188-KR-NP-L,L,Ensemble,2.0,944.0,1831.0,1038.4,792.6,43.29
TXN_004159,2021-04-10,Oct-21,GALAXY GROUP OF COMPANIES PVT. LTD,SET187,SET187-KR-DH-XXL,XXL,Ensemble,1.0,769.0,746.0,422.95,323.05,43.3
TXN_004158,2021-04-10,Oct-21,GALAXY GROUP OF COMPANIES PVT. LTD,SET187,SET187-KR-DH-XL,XL,Ensemble,1.0,769.0,746.0,422.95,323.05,43.3
TXN_004157,2021-04-10,Oct-21,GALAXY GROUP OF COMPANIES PVT. LTD,SET187,SET187-KR-DH-M,M,Ensemble,1.0,769.0,746.0,422.95,323.05,43.3
TXN_004156,2021-04-10,Oct-21,GALAXY GROUP OF COMPANIES PVT. LTD,SET186,SET186-KR-DH-XXL,XXL,Ensemble,1.0,931.0,903.0,512.05,390.95,43.29
TXN_004155,2021-04-10,Oct-21,GALAXY GROUP OF COMPANIES PVT. LTD,SET186,SET186-KR-DH-XL,XL,Ensemble,1.0,931.0,903.0,512.05,390.95,43.29
TXN_004154,2021-04-10,Oct-21,GALAXY GROUP OF COMPANIES PVT. LTD,SET186,SET186-KR-DH-S,S,Ensemble,1.0,931.0,903.0,512.05,390.95,43.29
TXN_004153,2021-04-10,Oct-21,GALAXY GROUP OF COMPANIES PVT. LTD,SET186,SET186-KR-DH-M,M,Ensemble,1.0,931.0,903.0,512.05,390.95,43.29
TXN_004152,2021-04-10,Oct-21,GALAXY GROUP OF COMPANIES PVT. LTD,SET186,SET186-KR-DH-L,L,Ensemble,1.0,931.0,903.0,512.05,390.95,43.29
TXN_004151,2021-04-10,Oct-21,GALAXY GROUP OF COMPANIES PVT. LTD,SET184,SET184-KR-PP-XXL,XXL,Ensemble,1.0,619.0,600.0,340.45,259.55,43.26
TXN_004150,2021-04-10,Oct-21,GALAXY GROUP OF COMPANIES PVT. LTD,SET184,SET184-KR-PP-S,S,Ensemble,1.0,619.0,600.0,340.45,259.55,43.26
TXN_004149,2021-04-10,Oct-21,GALAXY GROUP OF COMPANIES PVT. LTD,SET156,SET156-KR-NP-XXL,XXL,Ensemble,1.0,931.0,903.0,512.05,390.95,43.29
TXN_004148,2021-04-10,Oct-21,GALAXY GROUP OF COMPANIES PVT. LTD,SET156,SET156-KR-NP-XL,XL,Ensemble,1.0,931.0,903.0,512.05,390.95,43.29
TXN_004147,2021-04-10,Oct-21,GALAXY GROUP OF COMPANIES PVT. LTD,SET156,SET156-KR-NP-S,S,Ensemble,1.0,931.0,903.0,512.05,390.95,43.29
TXN_004146,2021-04-10,Oct-21,GALAXY GROUP OF COMPANIES PVT. LTD,SET156,SET156-KR-NP-M,M,Ensemble,1.0,931.0,903.0,512.05,390.95,43.29
TXN_004145,2021-04-10,Oct-21,GALAXY GROUP OF COMPANIES PVT. LTD,SET144,SET144-KR-NP-XXL,XXL,Ensemble,2.0,931.0,1806.0,1024.1,781.9,43.29
TXN_004144,2021-04-10,Oct-21,GALAXY GROUP OF COMPANIES PVT. LTD,SET144,SET144-KR-NP-XL,XL,Ensemble,2.0,931.0,1806.0,1024.1,781.9,43.29
TXN_004143,2021-04-10,Oct-21,GALAXY GROUP OF COMPANIES PVT. LTD,SET144,SET144-KR-NP-S,S,Ensemble,2.0,931.0,1806.0,1024.1,781.9,43.29
TXN_004142,2021-04-10,Oct-21,GALAXY GROUP OF COMPANIES PVT. LTD,SET144,SET144-KR-NP-M,M,Ensemble,2.0,931.0,1806.0,1024.1,781.9,43.29
TXN_004141,2021-04-10,Oct-21,GALAXY GROUP OF COMPANIES PVT. LTD,SET144,SET144-KR-NP-L,L,Ensemble,2.0,931.0,1806.0,1024.1,781.9,43.29
TXN_004140,2021-04-10,Oct-21,GALAXY GROUP OF COMPANIES PVT. LTD,SET130,SET130-KR-NP-XXL,XXL,Ensemble,2.0,646.0,1253.0,710.6,542.4,43.29
TXN_004139,2021-04-10,Oct-21,GALAXY GROUP OF COMPANIES PVT. LTD,SET130,SET130-KR-NP-XL,XL,Ensemble,2.0,646.0,1253.0,710.6,542.4,43.29
TXN_001601,2021-04-10,Oct-21,GALAXY GROUP OF COMPANIES PVT. LTD,JNE3432,JNE3432-KR-L,L,Robe/Jupe,2.0,494.0,958.0,543.4,414.6,43.28
TXN_004235,2021-04-10,Oct-21,GALAXY GROUP OF COMPANIES PVT. LTD,SET263,SET263-KR-NP-S,S,Ensemble,1.0,806.0,782.0,443.3,338.7,43.31
TXN_001602,2021-04-10,Oct-21,GALAXY GROUP OF COMPANIES PVT. LTD,JNE3432,JNE3432-KR-M,M,Robe/Jupe,2.0,494.0,958.0,543.4,414.6,43.28
TXN_001604,2021-04-10,Oct-21,GALAXY GROUP OF COMPANIES PVT. LTD,JNE3432,JNE3432-KR-XL,XL,Robe/Jupe,2.0,494.0,958.0,543.4,414.6,43.28
TXN_004172,2021-04-10,Oct-21,GALAXY GROUP OF COMPANIES PVT. LTD,SET196,SET196-KR-NP-XXL,XXL,Ensemble,2.0,844.0,1637.0,928.4,708.6,43.29
TXN_004171,2021-04-10,Oct-21,GALAXY GROUP OF COMPANIES PVT. LTD,SET196,SET196-KR-NP-S,S,Ensemble,2.0,844.0,1637.0,928.4,708.6,43.29
TXN_004170,2021-04-10,Oct-21,GALAXY GROUP OF COMPANIES PVT. LTD,SET196,SET196-KR-NP-M.,M,Ensemble,2.0,844.0,1637.0,928.4,708.6,43.29
TXN_004169,2021-04-10,Oct-21,GALAXY GROUP OF COMPANIES PVT. LTD,SET196,SET196-KR-NP-L,L,Ensemble,2.0,844.0,1637.0,928.4,708.6,43.29
TXN_004168,2021-04-10,Oct-21,GALAXY GROUP OF COMPANIES PVT. LTD,SET193,SET193-KR-NP-XXL,XXL,Ensemble,2.0,806.0,1564.0,886.6,677.4,43.31
TXN_004167,2021-04-10,Oct-21,GALAXY GROUP OF COMPANIES PVT. LTD,SET193,SET193-KR-NP-XL,XL,Ensemble,2.0,806.0,1564.0,886.6,677.4,43.31
TXN_004166,2021-04-10,Oct-21,GALAXY GROUP OF COMPANIES PVT. LTD,SET193,SET193-KR-NP-S,S,Ensemble,2.0,806.0,1564.0,886.6,677.4,43.31
TXN_004165,2021-04-10,Oct-21,GALAXY GROUP OF COMPANIES PVT. LTD,SET193,SET193-KR-NP-M,M,Ensemble,2.0,806.0,1564.0,886.6,677.4,43.31
TXN_001623,2021-04-10,Oct-21,GALAXY GROUP OF COMPANIES PVT. LTD,JNE3497,JNE3497-KR-XXL,XXL,Robe/Jupe,1.0,291.0,282.0,160.05,121.95,43.24
TXN_001622,2021-04-10,Oct-21,GALAXY GROUP OF COMPANIES PVT. LTD,JNE3497,JNE3497-KR-S,S,Robe/Jupe,1.0,291.0,282.0,160.05,121.95,43.24
TXN_001621,2021-04-10,Oct-21,GALAXY GROUP OF COMPANIES PVT. LTD,JNE3497,JNE3497-KR-M,M,Robe/Jupe,1.0,291.0,282.0,160.05,121.95,43.24
TXN_001620,2021-04-10,Oct-21,GALAXY GROUP OF COMPANIES PVT. LTD,JNE3489,JNE3489-KR-XXL,XXL,Robe/Jupe,2.0,431.0,836.0,474.1,361.9,43.29
TXN_001619,2021-04-10,Oct-21,GALAXY GROUP OF COMPANIES PVT. LTD,JNE3489,JNE3489-KR-XL,XL,Robe/Jupe,2.0,431.0,836.0,474.1,361.9,43.29
TXN_001618,2021-04-10,Oct-21,GALAXY GROUP OF COMPANIES PVT. LTD,JNE3489,JNE3489-KR-S,S,Robe/Jupe,2.0,431.0,836.0,474.1,361.9,43.29
TXN_001617,2021-04-10,Oct-21,GALAXY GROUP OF COMPANIES PVT. LTD,JNE3489,JNE3489-KR-M,M,Robe/Jupe,2.0,431.0,836.0,474.1,361.9,43.29
TXN_001616,2021-04-10,Oct-21,GALAXY GROUP OF COMPANIES PVT. LTD,JNE3489,JNE3489-KR-L,L,Robe/Jupe,2.0,431.0,836.0,474.1,361.9,43.29
TXN_001615,2021-04-10,Oct-21,GALAXY GROUP OF COMPANIES PVT. LTD,JNE3435,JNE3435-KR-XXL,XXL,Robe/Jupe,1.0,431.0,418.0,237.05,180.95,43.29
TXN_001614,2021-04-10,Oct-21,GALAXY GROUP OF COMPANIES PVT. LTD,JNE3435,JNE3435-KR-XL,XL,Robe/Jupe,1.0,431.0,418.0,237.05,180.95,43.29
TXN_001613,2021-04-10,Oct-21,GALAXY GROUP OF COMPANIES PVT. LTD,JNE3435,JNE3435-KR-S,S,Robe/Jupe,1.0,431.0,418.0,237.05,180.95,43.29
TXN_001612,2021-04-10,Oct-21,GALAXY GROUP OF COMPANIES PVT. LTD,JNE3435,JNE3435-KR-M,M,Robe/Jupe,1.0,431.0,418.0,237.05,180.95,43.29
TXN_001611,2021-04-10,Oct-21,GALAXY GROUP OF COMPANIES PVT. LTD,JNE3435,JNE3435-KR-L,L,Robe/Jupe,1.0,431.0,418.0,237.05,180.95,43.29
TXN_001610,2021-04-10,Oct-21,GALAXY GROUP OF COMPANIES PVT. LTD,JNE3434,JNE3434-KR-XXL,XXL,Robe/Jupe,1.0,431.0,418.0,237.05,180.95,43.29
TXN_001609,2021-04-10,Oct-21,GALAXY GROUP OF COMPANIES PVT. LTD,JNE3434,JNE3434-KR-XL,XL,Robe/Jupe,1.0,431.0,418.0,237.05,180.95,43.29
TXN_001608,2021-04-10,Oct-21,GALAXY GROUP OF COMPANIES PVT. LTD,JNE3434,JNE3434-KR-S,S,Robe/Jupe,1.0,431.0,418.0,237.05,180.95,43.29
TXN_001607,2021-04-10,Oct-21,GALAXY GROUP OF COMPANIES PVT. LTD,JNE3434,JNE3434-KR-M,M,Robe/Jupe,1.0,431.0,418.0,237.05,180.95,43.29
TXN_001606,2021-04-10,Oct-21,GALAXY GROUP OF COMPANIES PVT. LTD,JNE3434,JNE3434-KR-L,L,Robe/Jupe,1.0,431.0,418.0,237.05,180.95,43.29
TXN_001605,2021-04-10,Oct-21,GALAXY GROUP OF COMPANIES PVT. LTD,JNE3432,JNE3432-KR-XXL,XXL,Robe/Jupe,2.0,494.0,958.0,543.4,414.6,43.28
TXN_001603,2021-04-10,Oct-21,GALAXY GROUP OF COMPANIES PVT. LTD,JNE3432,JNE3432-KR-S,S,Robe/Jupe,2.0,494.0,958.0,543.4,414.6,43.28
TXN_001637,2021-04-10,Oct-21,GALAXY GROUP OF COMPANIES PVT. LTD,JNE3616,JNE3616-KR-XL,XL,Robe/Jupe,1.0,538.0,522.0,295.9,226.1,43.31
TXN_000000,2021-05-06,Jun-21,REVATHY LOGANATHAN,MEN5004,MEN5004-KR-L,L,Homme,1.0,616.56,617.0,339.11,277.89,45.04
TXN_000014,2021-05-06,Jun-21,REVATHY LOGANATHAN,MEN5028,MEN5028-KR-XXL,XXL,Homme,1.0,649.03,649.0,356.97,292.03,45.0
TXN_000019,2021-05-06,Jun-21,REVATHY LOGANATHAN,BL103,BL103-S,S,Blouse,1.0,389.35,389.0,214.14,174.86,44.95
TXN_000018,2021-05-06,Jun-21,REVATHY LOGANATHAN,BL104,BL104-XL,XL,Blouse,1.0,421.85,422.0,232.02,189.98,45.02
TXN_000017,2021-05-06,Jun-21,REVATHY LOGANATHAN,BL104,BL104-M,M,Blouse,1.0,421.85,422.0,232.02,189.98,45.02
TXN_000016,2021-05-06,Jun-21,REVATHY LOGANATHAN,BL097,BL097-M,M,Blouse,1.0,324.35,324.0,178.39,145.61,44.94
TXN_000015,2021-05-06,Jun-21,REVATHY LOGANATHAN,MEN5006,MEN5006-KR-XL,XL,Homme,1.0,649.03,649.0,356.97,292.03,45.0
TXN_000013,2021-05-06,Jun-21,REVATHY LOGANATHAN,MEN5028,MEN5028-KR-L,L,Homme,1.0,649.03,649.0,356.97,292.03,45.0
TXN_000011,2021-05-06,Jun-21,REVATHY LOGANATHAN,MEN5003,MEN5003-KR-L,L,Homme,1.0,616.56,617.0,339.11,277.89,45.04
TXN_000010,2021-05-06,Jun-21,REVATHY LOGANATHAN,MEN5013,MEN5013-KR-XXL,XXL,Homme,1.0,649.03,649.0,356.97,292.03,45.0
TXN_000012,2021-05-06,Jun-21,REVATHY LOGANATHAN,MEN5003,MEN5003-KR-XXL,XXL,Homme,1.0,616.56,617.0,339.11,277.89,45.04
TXN_000008,2021-05-06,Jun-21,REVATHY LOGANATHAN,MEN5014,MEN5014-KR-S,S,Homme,1.0,649.03,649.0,356.97,292.03,45.0
TXN_000007,2021-05-06,Jun-21,REVATHY LOGANATHAN,MEN5022,MEN5022-KR-XXL,XXL,Homme,1.0,649.03,649.0,356.97,292.03,45.0
TXN_000006,2021-05-06,Jun-21,REVATHY LOGANATHAN,MEN5015,MEN5015-KR-XL,XL,Homme,1.0,616.56,617.0,339.11,277.89,45.04
TXN_000005,2021-05-06,Jun-21,REVATHY LOGANATHAN,MEN5025,MEN5025-KR-L,L,Homme,1.0,649.03,649.0,356.97,292.03,45.0
TXN_000004,2021-05-06,Jun-21,REVATHY LOGANATHAN,MEN5011,MEN5011-KR-L,L,Homme,1.0,616.56,617.0,339.11,277.89,45.04
TXN_000003,2021-05-06,Jun-21,REVATHY LOGANATHAN,MEN5009,MEN5009-KR-L,L,Homme,1.0,616.56,617.0,339.11,277.89,45.04
TXN_000002,2021-05-06,Jun-21,REVATHY LOGANATHAN,MEN5004,MEN5004-KR-XXL,XXL,Homme,1.0,616.56,617.0,339.11,277.89,45.04
TXN_000001,2021-05-06,Jun-21,REVATHY LOGANATHAN,MEN5004,MEN5004-KR-XL,XL,Homme,1.0,616.56,617.0,339.11,277.89,45.04
TXN_000009,2021-05-06,Jun-21,REVATHY LOGANATHAN,MEN5013,MEN5013-KR-S,S,Homme,1.0,649.03,649.0,356.97,292.03,45.0
TXN_001137,2021-05-08,Aug-21,THANA MARIMUTHU,J0202,J0202-TP-XXL,XXL,Robe/Jupe,1.0,703.0,703.0,386.65,316.35,45.0
TXN_001131,2021-05-08,Aug-21,THANA MARIMUTHU,JNE3725,JNE3725-KR-XXL,XXL,Robe/Jupe,1.0,513.0,513.0,282.15,230.85,45.0
TXN_001132,2021-05-08,Aug-21,THANA MARIMUTHU,JNE3616,JNE3616-KR-XXL,XXL,Robe/Jupe,1.0,538.0,538.0,295.9,242.1,45.0
TXN_001133,2021-05-08,Aug-21,THANA MARIMUTHU,SET275,SET275-KR-NP-XXXL,XXXL,Ensemble,1.0,1056.0,1056.0,580.8,475.2,45.0
TXN_001134,2021-05-08,Aug-21,THANA MARIMUTHU,JNE3634,JNE3634-KR-XXL,XXL,Robe/Jupe,1.0,650.0,650.0,357.5,292.5,45.0
TXN_001136,2021-05-08,Aug-21,THANA MARIMUTHU,J0108,J0108-SKD-XXL,XXL,Robe/Jupe,1.0,1244.0,1244.0,684.2,559.8,45.0
TXN_001138,2021-05-08,Aug-21,THANA MARIMUTHU,JNE3616,JNE3616-KR-XXL,XXL,Robe/Jupe,1.0,538.0,538.0,295.9,242.1,45.0
TXN_001135,2021-05-08,Aug-21,THANA MARIMUTHU,JNE3614,JNE3614-KR-XL,XL,Robe/Jupe,1.0,538.0,538.0,295.9,242.1,45.0
TXN_001140,2021-05-08,Aug-21,THANA MARIMUTHU,J0209,J0209-DR-XXL,XXL,Robe/Jupe,1.0,703.0,703.0,386.65,316.35,45.0
TXN_001139,2021-05-08,Aug-21,THANA MARIMUTHU,J0138,J0138-KR-XXL,XXL,Robe/Jupe,1.0,781.0,781.0,429.55,351.45,45.0
TXN_001153,2021-05-08,Aug-21,THANA MARIMUTHU,JNE3634,JNE3634-KR-XL,XL,Robe/Jupe,1.0,650.0,650.0,357.5,292.5,45.0
TXN_001152,2021-05-08,Aug-21,THANA MARIMUTHU,SET248,SET248-KR-NP-XL,XL,Ensemble,1.0,681.0,681.0,374.55,306.45,45.0
TXN_001151,2021-05-08,Aug-21,THANA MARIMUTHU,JNE3634,JNE3634-KR-XXL,XXL,Robe/Jupe,1.0,650.0,650.0,357.5,292.5,45.0
TXN_001149,2021-05-08,Aug-21,THANA MARIMUTHU,JNE3548,JNE3548-KR-XXXL,XXXL,Robe/Jupe,1.0,450.0,450.0,247.5,202.5,45.0
TXN_001148,2021-05-08,Aug-21,THANA MARIMUTHU,JNE3548,JNE3548-KR-XXL,XXL,Robe/Jupe,1.0,450.0,450.0,247.5,202.5,45.0
TXN_001147,2021-05-08,Aug-21,THANA MARIMUTHU,JNE3548,JNE3548-KR-XL,XL,Robe/Jupe,1.0,450.0,450.0,247.5,202.5,45.0
TXN_001150,2021-05-08,Aug-21,THANA MARIMUTHU,JNE3634,JNE3634-KR-XL,XL,Robe/Jupe,1.0,650.0,650.0,357.5,292.5,45.0
TXN_001145,2021-05-08,Aug-21,THANA MARIMUTHU,JNE3548,JNE3548-KR-M,M,Robe/Jupe,1.0,450.0,450.0,247.5,202.5,45.0
TXN_001144,2021-05-08,Aug-21,THANA MARIMUTHU,JNE3548,JNE3548-KR-S,S,Robe/Jupe,1.0,450.0,450.0,247.5,202.5,45.0
TXN_001143,2021-05-08,Aug-21,THANA MARIMUTHU,JNE3548,JNE3548-KR-XS,XS,Robe/Jupe,1.0,450.0,450.0,247.5,202.5,45.0
TXN_001142,2021-05-08,Aug-21,THANA MARIMUTHU,MEN5015,MEN5015-KR-XL,XL,Homme,1.0,561.0,561.0,308.55,252.45,45.0
TXN_001141,2021-05-08,Aug-21,THANA MARIMUTHU,J0242,J0242-SKD-L,L,Robe/Jupe,1.0,1366.0,1366.0,751.3,614.7,45.0
TXN_001146,2021-05-08,Aug-21,THANA MARIMUTHU,JNE3548,JNE3548-KR-L,L,Robe/Jupe,1.0,450.0,450.0,247.5,202.5,45.0
TXN_001880,2021-05-10,Oct-21,NIRUSAH TAILORING,J0202,J0202-TP-L,L,Robe/Jupe,1.0,703.0,682.0,386.65,295.35,43.31
TXN_001866,2021-05-10,Oct-21,NIRUSAH TAILORING,SET227,SET227-KR-PP-M,M,Ensemble,1.0,850.0,824.0,467.5,356.5,43.26
TXN_001865,2021-05-10,Oct-21,NIRUSAH TAILORING,JNE3561,JNE3561-KR-XL,XL,Robe/Jupe,1.0,450.0,436.0,247.5,188.5,43.23
TXN_001867,2021-05-10,Oct-21,NIRUSAH TAILORING,SET227,SET227-KR-PP-XL,XL,Ensemble,1.0,850.0,824.0,467.5,356.5,43.26
TXN_001868,2021-05-10,Oct-21,NIRUSAH TAILORING,J0178,J0178-TP-M,M,Robe/Jupe,1.0,350.0,340.0,192.5,147.5,43.38
TXN_001869,2021-05-10,Oct-21,NIRUSAH TAILORING,J0178,J0178-TP-L,L,Robe/Jupe,1.0,350.0,340.0,192.5,147.5,43.38
TXN_001881,2021-05-10,Oct-21,NIRUSAH TAILORING,SET199,SET199-KR-NP-M,M,Ensemble,1.0,744.0,722.0,409.2,312.8,43.32
TXN_001879,2021-05-10,Oct-21,NIRUSAH TAILORING,J0153,J0153-DR-XXXL,XXXL,Robe/Jupe,1.0,585.0,567.0,321.75,245.25,43.25
TXN_001871,2021-05-10,Oct-21,NIRUSAH TAILORING,J0178,J0178-TP-XXL,XXL,Robe/Jupe,1.0,350.0,340.0,192.5,147.5,43.38
TXN_001877,2021-05-10,Oct-21,NIRUSAH TAILORING,J0176,J0176-TP-XXXL,XXXL,Robe/Jupe,1.0,486.0,471.0,267.3,203.7,43.25
TXN_001876,2021-05-10,Oct-21,NIRUSAH TAILORING,J0176,J0176-TP-XXL,XXL,Robe/Jupe,1.0,486.0,471.0,267.3,203.7,43.25
TXN_001875,2021-05-10,Oct-21,NIRUSAH TAILORING,J0176,J0176-TP-XL,XL,Robe/Jupe,1.0,486.0,471.0,267.3,203.7,43.25
TXN_001874,2021-05-10,Oct-21,NIRUSAH TAILORING,J0176,J0176-TP-L,L,Robe/Jupe,1.0,486.0,471.0,267.3,203.7,43.25
TXN_001873,2021-05-10,Oct-21,NIRUSAH TAILORING,J0176,J0176-TP-M,M,Robe/Jupe,1.0,486.0,471.0,267.3,203.7,43.25
TXN_001872,2021-05-10,Oct-21,NIRUSAH TAILORING,J0178,J0178-TP-XXXL,XXXL,Robe/Jupe,1.0,350.0,340.0,192.5,147.5,43.38
TXN_001870,2021-05-10,Oct-21,NIRUSAH TAILORING,J0178,J0178-TP-XL,XL,Robe/Jupe,1.0,350.0,340.0,192.5,147.5,43.38
TXN_001864,2021-05-10,Oct-21,NIRUSAH TAILORING,JNE3561,JNE3561-KR-M,M,Robe/Jupe,1.0,450.0,436.0,247.5,188.5,43.23
TXN_001878,2021-05-10,Oct-21,NIRUSAH TAILORING,J0153,J0153-DR-XL,XL,Robe/Jupe,1.0,585.0,567.0,321.75,245.25,43.25
TXN_001863,2021-05-10,Oct-21,NIRUSAH TAILORING,SET223,SET223-KR-NP-XXXL,XXXL,Ensemble,1.0,969.0,940.0,532.95,407.05,43.3
TXN_001853,2021-05-10,Oct-21,NIRUSAH TAILORING,BTM029,BTM029-NP-XXL,XXL,Autre,1.0,315.0,306.0,173.25,132.75,43.38
TXN_001860,2021-05-10,Oct-21,NIRUSAH TAILORING,JNE3556,JNE3556-KR-M,M,Robe/Jupe,2.0,450.0,873.0,495.0,378.0,43.3
TXN_001852,2021-05-10,Oct-21,NIRUSAH TAILORING,JNE3400,JNE3400-KR-XXXL,XXXL,Robe/Jupe,1.0,538.0,522.0,295.9,226.1,43.31
TXN_001851,2021-05-10,Oct-21,NIRUSAH TAILORING,JNE3400,JNE3400-KR-XL,XL,Robe/Jupe,1.0,538.0,522.0,295.9,226.1,43.31
TXN_001850,2021-05-10,Oct-21,NIRUSAH TAILORING,JNE3400,JNE3400-KR-M,M,Robe/Jupe,1.0,538.0,522.0,295.9,226.1,43.31
TXN_001849,2021-05-10,Oct-21,NIRUSAH TAILORING,SET158,SET158-KR-PP-XXXL,XXXL,Ensemble,2.0,994.0,1928.0,1093.4,834.6,43.29
TXN_001848,2021-05-10,Oct-21,NIRUSAH TAILORING,SET158,SET158-KR-PP-XL,XL,Ensemble,2.0,994.0,1928.0,1093.4,834.6,43.29
TXN_001847,2021-05-10,Oct-21,NIRUSAH TAILORING,SET158,SET158-KR-PP-M,M,Ensemble,2.0,994.0,1928.0,1093.4,834.6,43.29
TXN_001846,2021-05-10,Oct-21,NIRUSAH TAILORING,SET172,SET172-KR-PP-XXXL,XXXL,Ensemble,2.0,1306.0,2534.0,1436.6,1097.4,43.31
TXN_001845,2021-05-10,Oct-21,NIRUSAH TAILORING,SET172,SET172-KR-PP-XL,XL,Ensemble,1.0,1306.0,1267.0,718.3,548.7,43.31
TXN_001844,2021-05-10,Oct-21,NIRUSAH TAILORING,SET172,SET172-KR-PP-M,M,Ensemble,1.0,1306.0,1267.0,718.3,548.7,43.31
TXN_001843,2021-05-10,Oct-21,NIRUSAH TAILORING,SET043,SET043-KR-NP-XXXL,XXXL,Ensemble,2.0,1181.0,2291.0,1299.1,991.9,43.3
TXN_001882,2021-05-10,Oct-21,NIRUSAH TAILORING,SET199,SET199-KR-NP-XL,XL,Ensemble,1.0,744.0,722.0,409.2,312.8,43.32
TXN_001854,2021-05-10,Oct-21,NIRUSAH TAILORING,BTM029,BTM029-NP-XXXL,XXXL,Autre,2.0,315.0,611.0,346.5,264.5,43.29
TXN_001855,2021-05-10,Oct-21,NIRUSAH TAILORING,SET197,SET197-KR-NP-M,M,Ensemble,1.0,869.0,843.0,477.95,365.05,43.3
TXN_001856,2021-05-10,Oct-21,NIRUSAH TAILORING,SET197,SET197-KR-NP-XL,XL,Ensemble,1.0,869.0,843.0,477.95,365.05,43.3
TXN_001857,2021-05-10,Oct-21,NIRUSAH TAILORING,SET197,SET197-KR-NP-XXXL,XXXL,Ensemble,1.0,869.0,843.0,477.95,365.05,43.3
TXN_001858,2021-05-10,Oct-21,NIRUSAH TAILORING,JNE3535,JNE3535-KR-M,M,Robe/Jupe,2.0,431.0,836.0,474.1,361.9,43.29
TXN_001859,2021-05-10,Oct-21,NIRUSAH TAILORING,JNE3549,JNE3549-KR-M,M,Robe/Jupe,1.0,409.0,397.0,224.95,172.05,43.34
TXN_001861,2021-05-10,Oct-21,NIRUSAH TAILORING,SET223,SET223-KR-NP-S,S,Ensemble,1.0,969.0,940.0,532.95,407.05,43.3
TXN_001883,2021-05-10,Oct-21,NIRUSAH TAILORING,SET199,SET199-KR-NP-XXXL,XXXL,Ensemble,2.0,744.0,1443.0,818.4,624.6,43.28
TXN_004326,2021-05-10,Oct-21,NIRUSAH TAILORING,J0178,J0178-TP-XXXL,XXXL,Robe/Jupe,1.0,350.0,340.0,192.5,147.5,43.38
TXN_001885,2021-05-10,Oct-21,NIRUSAH TAILORING,JNE3672,JNE3672-TU-XXL,XXL,Robe/Jupe,2.0,513.0,995.0,564.3,430.7,43.29
TXN_004382,2021-05-10,Oct-21,NIRUSAH TAILORING,JNE3612,JNE3612-KR-XL,XL,Robe/Jupe,1.0,588.0,570.0,323.4,246.6,43.26
TXN_004381,2021-05-10,Oct-21,NIRUSAH TAILORING,MEN5009,MEN5009-KR-XXXL,XXXL,Homme,1.0,549.0,533.0,301.95,231.05,43.35
TXN_004380,2021-05-10,Oct-21,NIRUSAH TAILORING,MEN5009,MEN5009-KR-XXL,XXL,Homme,1.0,549.0,533.0,301.95,231.05,43.35
TXN_004379,2021-05-10,Oct-21,NIRUSAH TAILORING,MEN5009,MEN5009-KR-XL,XL,Homme,1.0,549.0,533.0,301.95,231.05,43.35
TXN_004378,2021-05-10,Oct-21,NIRUSAH TAILORING,MEN5009,MEN5009-KR-L,L,Homme,1.0,549.0,533.0,301.95,231.05,43.35
TXN_004377,2021-05-10,Oct-21,NIRUSAH TAILORING,MEN5009,MEN5009-KR-M,M,Homme,1.0,549.0,533.0,301.95,231.05,43.35
TXN_004376,2021-05-10,Oct-21,NIRUSAH TAILORING,SET264,SET264-KR-NP-XXXL,XXXL,Ensemble,3.0,969.0,2820.0,1598.85,1221.15,43.3
TXN_004375,2021-05-10,Oct-21,NIRUSAH TAILORING,SET264,SET264-KR-NP-L,L,Ensemble,3.0,969.0,2820.0,1598.85,1221.15,43.3
TXN_004374,2021-05-10,Oct-21,NIRUSAH TAILORING,SET264,SET264-KR-NP-S,S,Ensemble,3.0,969.0,2820.0,1598.85,1221.15,43.3
TXN_004373,2021-05-10,Oct-21,NIRUSAH TAILORING,JNE3633,JNE3633-KR-M,M,Robe/Jupe,2.0,538.0,1044.0,591.8,452.2,43.31
TXN_004372,2021-05-10,Oct-21,NIRUSAH TAILORING,JNE3701,JNE3701-KR-XXXL,XXXL,Robe/Jupe,3.0,431.0,1254.0,711.15,542.85,43.29
TXN_004371,2021-05-10,Oct-21,NIRUSAH TAILORING,JNE3701,JNE3701-KR-S,S,Robe/Jupe,1.0,431.0,418.0,237.05,180.95,43.29
TXN_004370,2021-05-10,Oct-21,NIRUSAH TAILORING,SET245,SET245-KR-NP-XXXL,XXXL,Ensemble,1.0,1181.0,1146.0,649.55,496.45,43.32
TXN_004369,2021-05-10,Oct-21,NIRUSAH TAILORING,SET245,SET245-KR-NP-XL,XL,Ensemble,1.0,1181.0,1146.0,649.55,496.45,43.32
TXN_004368,2021-05-10,Oct-21,NIRUSAH TAILORING,J0294,J0294-TP-XXXL,XXXL,Robe/Jupe,1.0,469.0,455.0,257.95,197.05,43.31
TXN_004367,2021-05-10,Oct-21,NIRUSAH TAILORING,J0294,J0294-TP-XL,XL,Robe/Jupe,1.0,469.0,455.0,257.95,197.05,43.31
TXN_004366,2021-05-10,Oct-21,NIRUSAH TAILORING,J0294,J0294-TP-M,M,Robe/Jupe,1.0,469.0,455.0,257.95,197.05,43.31
TXN_004352,2021-05-10,Oct-21,NIRUSAH TAILORING,JNE3651,JNE3651-TP-S,S,Robe/Jupe,3.0,431.0,1254.0,711.15,542.85,43.29
TXN_004353,2021-05-10,Oct-21,NIRUSAH TAILORING,JNE3651,JNE3651-TP-L,L,Robe/Jupe,3.0,431.0,1254.0,711.15,542.85,43.29
TXN_004354,2021-05-10,Oct-21,NIRUSAH TAILORING,JNE3651,JNE3651-TP-XXL,XXL,Robe/Jupe,3.0,431.0,1254.0,711.15,542.85,43.29
TXN_004355,2021-05-10,Oct-21,NIRUSAH TAILORING,J0205,J0205-TP-L,L,Robe/Jupe,1.0,508.0,493.0,279.4,213.6,43.33
TXN_004356,2021-05-10,Oct-21,NIRUSAH TAILORING,J0205,J0205-TP-M,M,Robe/Jupe,1.0,508.0,493.0,279.4,213.6,43.33
TXN_004357,2021-05-10,Oct-21,NIRUSAH TAILORING,J0205,J0205-TP-XL,XL,Robe/Jupe,1.0,508.0,493.0,279.4,213.6,43.33
TXN_004383,2021-05-10,Oct-21,NIRUSAH TAILORING,JNE3612,JNE3612-KR-XXL,XXL,Robe/Jupe,1.0,588.0,570.0,323.4,246.6,43.26
TXN_004358,2021-05-10,Oct-21,NIRUSAH TAILORING,J0205,J0205-TP-XXL,XXL,Robe/Jupe,1.0,508.0,493.0,279.4,213.6,43.33
TXN_004360,2021-05-10,Oct-21,NIRUSAH TAILORING,JNE3668,JNE3668-TP-L,L,Robe/Jupe,3.0,431.0,1254.0,711.15,542.85,43.29
TXN_004361,2021-05-10,Oct-21,NIRUSAH TAILORING,JNE3668,JNE3668-TP-XXL,XXL,Robe/Jupe,3.0,431.0,1254.0,711.15,542.85,43.29
TXN_004362,2021-05-10,Oct-21,NIRUSAH TAILORING,JNE3659,JNE3659-TP-M,M,Robe/Jupe,1.0,350.0,340.0,192.5,147.5,43.38
TXN_004363,2021-05-10,Oct-21,NIRUSAH TAILORING,JNE3659,JNE3659-TP-L,L,Robe/Jupe,1.0,350.0,340.0,192.5,147.5,43.38
TXN_004364,2021-05-10,Oct-21,NIRUSAH TAILORING,JNE3659,JNE3659-TP-XL,XL,Robe/Jupe,1.0,350.0,340.0,192.5,147.5,43.38
TXN_004365,2021-05-10,Oct-21,NIRUSAH TAILORING,JNE3659,JNE3659-TP-XXL,XXL,Robe/Jupe,1.0,350.0,340.0,192.5,147.5,43.38
TXN_004359,2021-05-10,Oct-21,NIRUSAH TAILORING,J0205,J0205-TP-XXXL,XXXL,Robe/Jupe,1.0,508.0,493.0,279.4,213.6,43.33
TXN_004384,2021-05-10,Oct-21,NIRUSAH TAILORING,JNE3612,JNE3612-KR-XXXL,XXXL,Robe/Jupe,1.0,588.0,570.0,323.4,246.6,43.26
TXN_004385,2021-05-10,Oct-21,NIRUSAH TAILORING,J0302,J0302-DR-XL,XL,Robe/Jupe,1.0,664.0,644.0,365.2,278.8,43.29
TXN_004386,2021-05-10,Oct-21,NIRUSAH TAILORING,J0302,J0302-DR-XXXL,XXXL,Robe/Jupe,2.0,664.0,1288.0,730.4,557.6,43.29
TXN_004405,2021-05-10,Oct-21,NIRUSAH TAILORING,JNE3561,JNE3561-KR-XXXL,XXXL,Robe/Jupe,1.0,450.0,436.0,247.5,188.5,43.23
TXN_004406,2021-05-10,Oct-21,NIRUSAH TAILORING,JNE3616,JNE3616-KR-XXL,XXL,Robe/Jupe,2.0,538.0,1044.0,591.8,452.2,43.31
TXN_004407,2021-05-10,Oct-21,NIRUSAH TAILORING,JNE3617,JNE3617-KR-M,M,Robe/Jupe,2.0,556.0,1079.0,611.6,467.4,43.32
TXN_004408,2021-05-10,Oct-21,NIRUSAH TAILORING,JNE3617,JNE3617-KR-XL,XL,Robe/Jupe,2.0,556.0,1079.0,611.6,467.4,43.32
TXN_004409,2021-05-10,Oct-21,NIRUSAH TAILORING,JNE3615,JNE3615-KR-XXXL,XXXL,Robe/Jupe,2.0,538.0,1044.0,591.8,452.2,43.31
TXN_004410,2021-05-10,Oct-21,NIRUSAH TAILORING,JNE3620,JNE3620-KR-XL,XL,Robe/Jupe,2.0,538.0,1044.0,591.8,452.2,43.31
TXN_004404,2021-05-10,Oct-21,NIRUSAH TAILORING,JNE3549,JNE3549-KR-XXXL,XXXL,Robe/Jupe,1.0,409.0,397.0,224.95,172.05,43.34
TXN_004411,2021-05-10,Oct-21,NIRUSAH TAILORING,JNE3620,JNE3620-KR-XXXL,XXXL,Robe/Jupe,2.0,538.0,1044.0,591.8,452.2,43.31
TXN_004413,2021-05-10,Oct-21,NIRUSAH TAILORING,JNE3627,JNE3627-KR-XXXL,XXXL,Robe/Jupe,2.0,450.0,873.0,495.0,378.0,43.3
TXN_004414,2021-05-10,Oct-21,NIRUSAH TAILORING,JNE3648,JNE3648-TP-L,L,Robe/Jupe,2.0,431.0,836.0,474.1,361.9,43.29
TXN_004415,2021-05-10,Oct-21,NIRUSAH TAILORING,SET227,SET227-KR-PP-XXXL,XXXL,Ensemble,1.0,850.0,824.0,467.5,356.5,43.26
TXN_004416,2021-05-10,Oct-21,NIRUSAH TAILORING,JNE3556,JNE3556-KR-XXXL,XXXL,Robe/Jupe,2.0,450.0,873.0,495.0,378.0,43.3
TXN_004417,2021-05-10,Oct-21,NIRUSAH TAILORING,JNE3648,JNE3648-TP-S,S,Robe/Jupe,2.0,431.0,836.0,474.1,361.9,43.29
TXN_004418,2021-05-10,Oct-21,NIRUSAH TAILORING,JNE3648,JNE3648-TP-XXL,XXL,Robe/Jupe,2.0,431.0,836.0,474.1,361.9,43.29
TXN_004412,2021-05-10,Oct-21,NIRUSAH TAILORING,JNE3617,JNE3617-KR-XXXL,XXXL,Robe/Jupe,2.0,556.0,1079.0,611.6,467.4,43.32
TXN_004351,2021-05-10,Oct-21,NIRUSAH TAILORING,JNE3660,JNE3660-TP-XXL,XXL,Robe/Jupe,3.0,368.0,1071.0,607.2,463.8,43.31
TXN_004403,2021-05-10,Oct-21,NIRUSAH TAILORING,JNE3535,JNE3535-KR-XXXL,XXXL,Robe/Jupe,2.0,431.0,836.0,474.1,361.9,43.29
TXN_004401,2021-05-10,Oct-21,NIRUSAH TAILORING,JNE3504,JNE3504-KR-XXXL,XXXL,Robe/Jupe,2.0,556.0,1079.0,611.6,467.4,43.32
TXN_004387,2021-05-10,Oct-21,NIRUSAH TAILORING,JNE3703,JNE3703-KR-L,L,Robe/Jupe,2.0,494.0,958.0,543.4,414.6,43.28
TXN_004388,2021-05-10,Oct-21,NIRUSAH TAILORING,JNE3703,JNE3703-KR-XL,XL,Robe/Jupe,2.0,494.0,958.0,543.4,414.6,43.28
TXN_004389,2021-05-10,Oct-21,NIRUSAH TAILORING,JNE3703,JNE3703-KR-XXXL,XXXL,Robe/Jupe,2.0,494.0,958.0,543.4,414.6,43.28
TXN_004390,2021-05-10,Oct-21,NIRUSAH TAILORING,J0304,J0304-TP-L,L,Robe/Jupe,1.0,359.0,348.0,197.45,150.55,43.26
TXN_004391,2021-05-10,Oct-21,NIRUSAH TAILORING,J0304,J0304-TP-M,M,Robe/Jupe,1.0,359.0,348.0,197.45,150.55,43.26
TXN_004392,2021-05-10,Oct-21,NIRUSAH TAILORING,J0304,J0304-TP-XL,XL,Robe/Jupe,1.0,359.0,348.0,197.45,150.55,43.26
TXN_004402,2021-05-10,Oct-21,NIRUSAH TAILORING,JNE3506,JNE3506-KR-XXXL,XXXL,Robe/Jupe,1.0,788.0,764.0,433.4,330.6,43.27
TXN_004393,2021-05-10,Oct-21,NIRUSAH TAILORING,J0304,J0304-TP-XXL,XXL,Robe/Jupe,1.0,359.0,348.0,197.45,150.55,43.26
TXN_004395,2021-05-10,Oct-21,NIRUSAH TAILORING,J0336,J0336-TP-M,M,Robe/Jupe,1.0,546.0,530.0,300.3,229.7,43.34
TXN_004396,2021-05-10,Oct-21,NIRUSAH TAILORING,J0336,J0336-TP-XL,XL,Robe/Jupe,1.0,546.0,530.0,300.3,229.7,43.34
TXN_004397,2021-05-10,Oct-21,NIRUSAH TAILORING,J0336,J0336-TP-XXL,XXL,Robe/Jupe,1.0,546.0,530.0,300.3,229.7,43.34
TXN_004398,2021-05-10,Oct-21,NIRUSAH TAILORING,J0336,J0336-TP-XXXL,XXXL,Robe/Jupe,1.0,546.0,530.0,300.3,229.7,43.34
TXN_004399,2021-05-10,Oct-21,NIRUSAH TAILORING,J0342,J0342-TP-XL,XL,Robe/Jupe,2.0,508.0,986.0,558.8,427.2,43.33
TXN_004400,2021-05-10,Oct-21,NIRUSAH TAILORING,J0342,J0342-TP-XXXL,XXXL,Robe/Jupe,2.0,508.0,986.0,558.8,427.2,43.33
TXN_004394,2021-05-10,Oct-21,NIRUSAH TAILORING,J0304,J0304-TP-XXXL,XXXL,Robe/Jupe,1.0,359.0,348.0,197.45,150.55,43.26
TXN_004350,2021-05-10,Oct-21,NIRUSAH TAILORING,JNE3660,JNE3660-TP-XL,XL,Robe/Jupe,2.0,368.0,714.0,404.8,309.2,43.31
TXN_004349,2021-05-10,Oct-21,NIRUSAH TAILORING,JNE3627,JNE3627-KR-XL,XL,Robe/Jupe,2.0,450.0,873.0,495.0,378.0,43.3
TXN_004348,2021-05-10,Oct-21,NIRUSAH TAILORING,JNE3627,JNE3627-KR-M,M,Robe/Jupe,2.0,450.0,873.0,495.0,378.0,43.3
TXN_004298,2021-05-10,Oct-21,NIRUSAH TAILORING,SET172,SET172-KR-PP-M,M,Ensemble,1.0,1306.0,1267.0,718.3,548.7,43.31
TXN_004299,2021-05-10,Oct-21,NIRUSAH TAILORING,SET172,SET172-KR-PP-XL,XL,Ensemble,1.0,1306.0,1267.0,718.3,548.7,43.31
TXN_004300,2021-05-10,Oct-21,NIRUSAH TAILORING,SET172,SET172-KR-PP-XXXL,XXXL,Ensemble,2.0,1306.0,2534.0,1436.6,1097.4,43.31
TXN_004301,2021-05-10,Oct-21,NIRUSAH TAILORING,SET158,SET158-KR-PP-M,M,Ensemble,2.0,994.0,1928.0,1093.4,834.6,43.29
TXN_004302,2021-05-10,Oct-21,NIRUSAH TAILORING,SET158,SET158-KR-PP-XL,XL,Ensemble,2.0,994.0,1928.0,1093.4,834.6,43.29
TXN_004303,2021-05-10,Oct-21,NIRUSAH TAILORING,SET158,SET158-KR-PP-XXXL,XXXL,Ensemble,2.0,994.0,1928.0,1093.4,834.6,43.29
TXN_004297,2021-05-10,Oct-21,NIRUSAH TAILORING,SET043,SET043-KR-NP-XXXL,XXXL,Ensemble,2.0,1181.0,2291.0,1299.1,991.9,43.3
TXN_004304,2021-05-10,Oct-21,NIRUSAH TAILORING,JNE3400,JNE3400-KR-M,M,Robe/Jupe,1.0,538.0,522.0,295.9,226.1,43.31
TXN_004306,2021-05-10,Oct-21,NIRUSAH TAILORING,JNE3400,JNE3400-KR-XXXL,XXXL,Robe/Jupe,1.0,538.0,522.0,295.9,226.1,43.31
TXN_004307,2021-05-10,Oct-21,NIRUSAH TAILORING,BTM029,BTM029-NP-XXL,XXL,Autre,1.0,315.0,306.0,173.25,132.75,43.38
TXN_004308,2021-05-10,Oct-21,NIRUSAH TAILORING,BTM029,BTM029-NP-XXXL,XXXL,Autre,2.0,315.0,611.0,346.5,264.5,43.29
TXN_004309,2021-05-10,Oct-21,NIRUSAH TAILORING,SET197,SET197-KR-NP-M,M,Ensemble,1.0,869.0,843.0,477.95,365.05,43.3
TXN_004310,2021-05-10,Oct-21,NIRUSAH TAILORING,SET197,SET197-KR-NP-XL,XL,Ensemble,1.0,869.0,843.0,477.95,365.05,43.3
TXN_004311,2021-05-10,Oct-21,NIRUSAH TAILORING,SET197,SET197-KR-NP-XXXL,XXXL,Ensemble,1.0,869.0,843.0,477.95,365.05,43.3
TXN_004305,2021-05-10,Oct-21,NIRUSAH TAILORING,JNE3400,JNE3400-KR-XL,XL,Robe/Jupe,1.0,538.0,522.0,295.9,226.1,43.31
TXN_004312,2021-05-10,Oct-21,NIRUSAH TAILORING,JNE3535,JNE3535-KR-M,M,Robe/Jupe,2.0,431.0,836.0,474.1,361.9,43.29
TXN_004296,2021-05-10,Oct-21,NIRUSAH TAILORING,SET043,SET043-KR-NP-XL,XL,Ensemble,2.0,1181.0,2291.0,1299.1,991.9,43.3
TXN_004294,2021-05-10,Oct-21,NIRUSAH TAILORING,BTM008,BTM008-XXXL,XXXL,Autre,1.0,315.0,306.0,173.25,132.75,43.38
TXN_004280,2021-05-10,Oct-21,NIRUSAH TAILORING,JNE1951,JNE1951-KR-155-XL,XL,Robe/Jupe,1.0,528.0,512.0,290.4,221.6,43.28
TXN_004281,2021-05-10,Oct-21,NIRUSAH TAILORING,JNE2009,JNE2009-KR-310-L,L,Robe/Jupe,2.0,409.0,793.0,449.9,343.1,43.27
TXN_004282,2021-05-10,Oct-21,NIRUSAH TAILORING,JNE2009,JNE2009-KR-310-XXL,XXL,Robe/Jupe,2.0,409.0,793.0,449.9,343.1,43.27
TXN_004283,2021-05-10,Oct-21,NIRUSAH TAILORING,JNE2100,JNE2100-KR-144-M,M,Robe/Jupe,2.0,469.0,910.0,515.9,394.1,43.31
TXN_004284,2021-05-10,Oct-21,NIRUSAH TAILORING,JNE2100,JNE2100-KR-144-XL,XL,Robe/Jupe,2.0,469.0,910.0,515.9,394.1,43.31
TXN_004285,2021-05-10,Oct-21,NIRUSAH TAILORING,JNE2265,JNE2265-KR-501-M,M,Robe/Jupe,1.0,528.0,512.0,290.4,221.6,43.28
TXN_004295,2021-05-10,Oct-21,NIRUSAH TAILORING,SET043,SET043-KR-NP-M,M,Ensemble,2.0,1181.0,2291.0,1299.1,991.9,43.3
TXN_004286,2021-05-10,Oct-21,NIRUSAH TAILORING,JNE2265,JNE2265-KR-501-L,L,Robe/Jupe,1.0,528.0,512.0,290.4,221.6,43.28
TXN_004288,2021-05-10,Oct-21,NIRUSAH TAILORING,JNE2100,JNE2100-KR-144-XXXL,XXXL,Robe/Jupe,2.0,469.0,910.0,515.9,394.1,43.31
TXN_004289,2021-05-10,Oct-21,NIRUSAH TAILORING,JNE1951,JNE1951-KR-155-XXXL,XXXL,Robe/Jupe,2.0,528.0,1024.0,580.8,443.2,43.28
TXN_004290,2021-05-10,Oct-21,NIRUSAH TAILORING,BTM002,BTM002-M,M,Autre,2.0,315.0,611.0,346.5,264.5,43.29
TXN_004291,2021-05-10,Oct-21,NIRUSAH TAILORING,BTM002,BTM002-L,L,Autre,3.0,315.0,917.0,519.75,397.25,43.32
TXN_004292,2021-05-10,Oct-21,NIRUSAH TAILORING,BTM002,BTM002-XXXL,XXXL,Autre,3.0,315.0,917.0,519.75,397.25,43.32
TXN_004293,2021-05-10,Oct-21,NIRUSAH TAILORING,BTM008,BTM008-M,M,Autre,1.0,315.0,306.0,173.25,132.75,43.38
TXN_004287,2021-05-10,Oct-21,NIRUSAH TAILORING,JNE2265,JNE2265-KR-501-XXL,XXL,Robe/Jupe,1.0,528.0,512.0,290.4,221.6,43.28
TXN_004419,2021-05-10,Oct-21,NIRUSAH TAILORING,JNE3654,JNE3654-TP-S,S,Robe/Jupe,1.0,513.0,498.0,282.15,215.85,43.34
TXN_004313,2021-05-10,Oct-21,NIRUSAH TAILORING,JNE3549,JNE3549-KR-M,M,Robe/Jupe,1.0,409.0,397.0,224.95,172.05,43.34
TXN_004315,2021-05-10,Oct-21,NIRUSAH TAILORING,SET223,SET223-KR-NP-S,S,Ensemble,1.0,969.0,940.0,532.95,407.05,43.3
TXN_004334,2021-05-10,Oct-21,NIRUSAH TAILORING,J0202,J0202-TP-L,L,Robe/Jupe,1.0,703.0,682.0,386.65,295.35,43.31
TXN_004335,2021-05-10,Oct-21,NIRUSAH TAILORING,SET199,SET199-KR-NP-M,M,Ensemble,1.0,744.0,722.0,409.2,312.8,43.32
TXN_004336,2021-05-10,Oct-21,NIRUSAH TAILORING,SET199,SET199-KR-NP-XL,XL,Ensemble,1.0,744.0,722.0,409.2,312.8,43.32
TXN_004337,2021-05-10,Oct-21,NIRUSAH TAILORING,SET199,SET199-KR-NP-XXXL,XXXL,Ensemble,2.0,744.0,1443.0,818.4,624.6,43.28
TXN_004338,2021-05-10,Oct-21,NIRUSAH TAILORING,JNE3672,JNE3672-TU-L,L,Robe/Jupe,2.0,513.0,995.0,564.3,430.7,43.29
TXN_004339,2021-05-10,Oct-21,NIRUSAH TAILORING,JNE3672,JNE3672-TU-XXL,XXL,Robe/Jupe,2.0,513.0,995.0,564.3,430.7,43.29
TXN_004333,2021-05-10,Oct-21,NIRUSAH TAILORING,J0153,J0153-DR-XXXL,XXXL,Robe/Jupe,1.0,585.0,567.0,321.75,245.25,43.25
TXN_004340,2021-05-10,Oct-21,NIRUSAH TAILORING,J0202,J0202-TP-M,M,Robe/Jupe,1.0,703.0,682.0,386.65,295.35,43.31
TXN_004342,2021-05-10,Oct-21,NIRUSAH TAILORING,J0202,J0202-TP-XXL,XXL,Robe/Jupe,1.0,703.0,682.0,386.65,295.35,43.31
TXN_004343,2021-05-10,Oct-21,NIRUSAH TAILORING,J0202,J0202-TP-XXXL,XXXL,Robe/Jupe,1.0,703.0,682.0,386.65,295.35,43.31
TXN_004344,2021-05-10,Oct-21,NIRUSAH TAILORING,JNE3607,JNE3607-KR-M,M,Robe/Jupe,2.0,619.0,1201.0,680.9,520.1,43.31
TXN_004345,2021-05-10,Oct-21,NIRUSAH TAILORING,JNE3607,JNE3607-KR-XL,XL,Robe/Jupe,2.0,619.0,1201.0,680.9,520.1,43.31
TXN_004346,2021-05-10,Oct-21,NIRUSAH TAILORING,JNE3607,JNE3607-KR-XXXL,XXXL,Robe/Jupe,2.0,619.0,1201.0,680.9,520.1,43.31
TXN_004347,2021-05-10,Oct-21,NIRUSAH TAILORING,J0090,J0090-TP-XXXL,XXXL,Robe/Jupe,2.0,741.0,1438.0,815.1,622.9,43.32
TXN_004341,2021-05-10,Oct-21,NIRUSAH TAILORING,J0202,J0202-TP-XL,XL,Robe/Jupe,1.0,703.0,682.0,386.65,295.35,43.31
TXN_004314,2021-05-10,Oct-21,NIRUSAH TAILORING,JNE3556,JNE3556-KR-M,M,Robe/Jupe,2.0,450.0,873.0,495.0,378.0,43.3
TXN_004332,2021-05-10,Oct-21,NIRUSAH TAILORING,J0153,J0153-DR-XL,XL,Robe/Jupe,1.0,585.0,567.0,321.75,245.25,43.25
TXN_004330,2021-05-10,Oct-21,NIRUSAH TAILORING,J0176,J0176-TP-XXL,XXL,Robe/Jupe,1.0,486.0,471.0,267.3,203.7,43.25
TXN_004316,2021-05-10,Oct-21,NIRUSAH TAILORING,SET223,SET223-KR-NP-L,L,Ensemble,1.0,969.0,940.0,532.95,407.05,43.3
TXN_004317,2021-05-10,Oct-21,NIRUSAH TAILORING,SET223,SET223-KR-NP-XXXL,XXXL,Ensemble,1.0,969.0,940.0,532.95,407.05,43.3
TXN_004318,2021-05-10,Oct-21,NIRUSAH TAILORING,JNE3561,JNE3561-KR-M,M,Robe/Jupe,1.0,450.0,436.0,247.5,188.5,43.23
TXN_004319,2021-05-10,Oct-21,NIRUSAH TAILORING,JNE3561,JNE3561-KR-XL,XL,Robe/Jupe,1.0,450.0,436.0,247.5,188.5,43.23
TXN_004320,2021-05-10,Oct-21,NIRUSAH TAILORING,SET227,SET227-KR-PP-M,M,Ensemble,1.0,850.0,824.0,467.5,356.5,43.26
TXN_004321,2021-05-10,Oct-21,NIRUSAH TAILORING,SET227,SET227-KR-PP-XL,XL,Ensemble,1.0,850.0,824.0,467.5,356.5,43.26
TXN_004331,2021-05-10,Oct-21,NIRUSAH TAILORING,J0176,J0176-TP-XXXL,XXXL,Robe/Jupe,1.0,486.0,471.0,267.3,203.7,43.25
TXN_004322,2021-05-10,Oct-21,NIRUSAH TAILORING,J0178,J0178-TP-M,M,Robe/Jupe,1.0,350.0,340.0,192.5,147.5,43.38
TXN_004324,2021-05-10,Oct-21,NIRUSAH TAILORING,J0178,J0178-TP-XL,XL,Robe/Jupe,1.0,350.0,340.0,192.5,147.5,43.38
TXN_004325,2021-05-10,Oct-21,NIRUSAH TAILORING,J0178,J0178-TP-XXL,XXL,Robe/Jupe,1.0,350.0,340.0,192.5,147.5,43.38
TXN_001842,2021-05-10,Oct-21,NIRUSAH TAILORING,SET043,SET043-KR-NP-XL,XL,Ensemble,2.0,1181.0,2291.0,1299.1,991.9,43.3
TXN_004327,2021-05-10,Oct-21,NIRUSAH TAILORING,J0176,J0176-TP-M,M,Robe/Jupe,1.0,486.0,471.0,267.3,203.7,43.25
TXN_004328,2021-05-10,Oct-21,NIRUSAH TAILORING,J0176,J0176-TP-L,L,Robe/Jupe,1.0,486.0,471.0,267.3,203.7,43.25
TXN_004329,2021-05-10,Oct-21,NIRUSAH TAILORING,J0176,J0176-TP-XL,XL,Robe/Jupe,1.0,486.0,471.0,267.3,203.7,43.25
TXN_004323,2021-05-10,Oct-21,NIRUSAH TAILORING,J0178,J0178-TP-L,L,Robe/Jupe,1.0,350.0,340.0,192.5,147.5,43.38
TXN_004420,2021-05-10,Oct-21,NIRUSAH TAILORING,JNE3654,JNE3654-TP-XXL,XXL,Robe/Jupe,2.0,513.0,995.0,564.3,430.7,43.29
TXN_004421,2021-05-10,Oct-21,NIRUSAH TAILORING,JNE3656,JNE3656-TP-L,L,Robe/Jupe,2.0,431.0,836.0,474.1,361.9,43.29
TXN_004422,2021-05-10,Oct-21,NIRUSAH TAILORING,JNE3656,JNE3656-TP-S,S,Robe/Jupe,2.0,431.0,836.0,474.1,361.9,43.29
TXN_001935,2021-05-10,Oct-21,NIRUSAH TAILORING,JNE3703,JNE3703-KR-XXXL,XXXL,Robe/Jupe,2.0,494.0,958.0,543.4,414.6,43.28
TXN_001934,2021-05-10,Oct-21,NIRUSAH TAILORING,JNE3703,JNE3703-KR-XL,XL,Robe/Jupe,2.0,494.0,958.0,543.4,414.6,43.28
TXN_001933,2021-05-10,Oct-21,NIRUSAH TAILORING,JNE3703,JNE3703-KR-L,L,Robe/Jupe,2.0,494.0,958.0,543.4,414.6,43.28
TXN_001932,2021-05-10,Oct-21,NIRUSAH TAILORING,J0302,J0302-DR-XXXL,XXXL,Robe/Jupe,2.0,664.0,1288.0,730.4,557.6,43.29
TXN_001931,2021-05-10,Oct-21,NIRUSAH TAILORING,J0302,J0302-DR-XL,XL,Robe/Jupe,1.0,664.0,644.0,365.2,278.8,43.29
TXN_001930,2021-05-10,Oct-21,NIRUSAH TAILORING,JNE3612,JNE3612-KR-XXXL,XXXL,Robe/Jupe,1.0,588.0,570.0,323.4,246.6,43.26
TXN_001936,2021-05-10,Oct-21,NIRUSAH TAILORING,J0304,J0304-TP-L,L,Robe/Jupe,1.0,359.0,348.0,197.45,150.55,43.26
TXN_001929,2021-05-10,Oct-21,NIRUSAH TAILORING,JNE3612,JNE3612-KR-XXL,XXL,Robe/Jupe,1.0,588.0,570.0,323.4,246.6,43.26
TXN_001927,2021-05-10,Oct-21,NIRUSAH TAILORING,MEN5009,MEN5009-KR-XXXL,XXXL,Homme,1.0,549.0,533.0,301.95,231.05,43.35
TXN_001926,2021-05-10,Oct-21,NIRUSAH TAILORING,MEN5009,MEN5009-KR-XXL,XXL,Homme,1.0,549.0,533.0,301.95,231.05,43.35
TXN_001925,2021-05-10,Oct-21,NIRUSAH TAILORING,MEN5009,MEN5009-KR-XL,XL,Homme,1.0,549.0,533.0,301.95,231.05,43.35
TXN_001924,2021-05-10,Oct-21,NIRUSAH TAILORING,MEN5009,MEN5009-KR-L,L,Homme,1.0,549.0,533.0,301.95,231.05,43.35
TXN_001923,2021-05-10,Oct-21,NIRUSAH TAILORING,MEN5009,MEN5009-KR-M,M,Homme,1.0,549.0,533.0,301.95,231.05,43.35
TXN_001922,2021-05-10,Oct-21,NIRUSAH TAILORING,SET264,SET264-KR-NP-XXXL,XXXL,Ensemble,3.0,969.0,2820.0,1598.85,1221.15,43.3
TXN_001928,2021-05-10,Oct-21,NIRUSAH TAILORING,JNE3612,JNE3612-KR-XL,XL,Robe/Jupe,1.0,588.0,570.0,323.4,246.6,43.26
TXN_001921,2021-05-10,Oct-21,NIRUSAH TAILORING,SET264,SET264-KR-NP-L,L,Ensemble,3.0,969.0,2820.0,1598.85,1221.15,43.3
TXN_001937,2021-05-10,Oct-21,NIRUSAH TAILORING,J0304,J0304-TP-M,M,Robe/Jupe,1.0,359.0,348.0,197.45,150.55,43.26
TXN_001939,2021-05-10,Oct-21,NIRUSAH TAILORING,J0304,J0304-TP-XXL,XXL,Robe/Jupe,1.0,359.0,348.0,197.45,150.55,43.26
TXN_001953,2021-05-10,Oct-21,NIRUSAH TAILORING,JNE3617,JNE3617-KR-M,M,Robe/Jupe,2.0,556.0,1079.0,611.6,467.4,43.32
TXN_001952,2021-05-10,Oct-21,NIRUSAH TAILORING,JNE3616,JNE3616-KR-XXL,XXL,Robe/Jupe,2.0,538.0,1044.0,591.8,452.2,43.31
TXN_001951,2021-05-10,Oct-21,NIRUSAH TAILORING,JNE3561,JNE3561-KR-XXXL,XXXL,Robe/Jupe,1.0,450.0,436.0,247.5,188.5,43.23
TXN_001950,2021-05-10,Oct-21,NIRUSAH TAILORING,JNE3549,JNE3549-KR-XXXL,XXXL,Robe/Jupe,1.0,409.0,397.0,224.95,172.05,43.34
TXN_001949,2021-05-10,Oct-21,NIRUSAH TAILORING,JNE3535,JNE3535-KR-XXXL,XXXL,Robe/Jupe,2.0,431.0,836.0,474.1,361.9,43.29
TXN_001948,2021-05-10,Oct-21,NIRUSAH TAILORING,JNE3506,JNE3506-KR-XXXL,XXXL,Robe/Jupe,1.0,788.0,764.0,433.4,330.6,43.27
TXN_001938,2021-05-10,Oct-21,NIRUSAH TAILORING,J0304,J0304-TP-XL,XL,Robe/Jupe,1.0,359.0,348.0,197.45,150.55,43.26
TXN_001947,2021-05-10,Oct-21,NIRUSAH TAILORING,JNE3504,JNE3504-KR-XXXL,XXXL,Robe/Jupe,2.0,556.0,1079.0,611.6,467.4,43.32
TXN_001945,2021-05-10,Oct-21,NIRUSAH TAILORING,J0342,J0342-TP-XL,XL,Robe/Jupe,2.0,508.0,986.0,558.8,427.2,43.33
TXN_001944,2021-05-10,Oct-21,NIRUSAH TAILORING,J0336,J0336-TP-XXXL,XXXL,Robe/Jupe,1.0,546.0,530.0,300.3,229.7,43.34
TXN_001943,2021-05-10,Oct-21,NIRUSAH TAILORING,J0336,J0336-TP-XXL,XXL,Robe/Jupe,1.0,546.0,530.0,300.3,229.7,43.34
TXN_001942,2021-05-10,Oct-21,NIRUSAH TAILORING,J0336,J0336-TP-XL,XL,Robe/Jupe,1.0,546.0,530.0,300.3,229.7,43.34
TXN_001941,2021-05-10,Oct-21,NIRUSAH TAILORING,J0336,J0336-TP-M,M,Robe/Jupe,1.0,546.0,530.0,300.3,229.7,43.34
TXN_001940,2021-05-10,Oct-21,NIRUSAH TAILORING,J0304,J0304-TP-XXXL,XXXL,Robe/Jupe,1.0,359.0,348.0,197.45,150.55,43.26
TXN_001946,2021-05-10,Oct-21,NIRUSAH TAILORING,J0342,J0342-TP-XXXL,XXXL,Robe/Jupe,2.0,508.0,986.0,558.8,427.2,43.33
TXN_001954,2021-05-10,Oct-21,NIRUSAH TAILORING,JNE3617,JNE3617-KR-XL,XL,Robe/Jupe,2.0,556.0,1079.0,611.6,467.4,43.32
TXN_001920,2021-05-10,Oct-21,NIRUSAH TAILORING,SET264,SET264-KR-NP-S,S,Ensemble,3.0,969.0,2820.0,1598.85,1221.15,43.3
TXN_001918,2021-05-10,Oct-21,NIRUSAH TAILORING,JNE3701,JNE3701-KR-XXXL,XXXL,Robe/Jupe,3.0,431.0,1254.0,711.15,542.85,43.29
TXN_001899,2021-05-10,Oct-21,NIRUSAH TAILORING,JNE3651,JNE3651-TP-L,L,Robe/Jupe,3.0,431.0,1254.0,711.15,542.85,43.29
TXN_001898,2021-05-10,Oct-21,NIRUSAH TAILORING,JNE3651,JNE3651-TP-S,S,Robe/Jupe,3.0,431.0,1254.0,711.15,542.85,43.29
TXN_001897,2021-05-10,Oct-21,NIRUSAH TAILORING,JNE3660,JNE3660-TP-XXL,XXL,Robe/Jupe,3.0,368.0,1071.0,607.2,463.8,43.31
TXN_001896,2021-05-10,Oct-21,NIRUSAH TAILORING,JNE3660,JNE3660-TP-XL,XL,Robe/Jupe,2.0,368.0,714.0,404.8,309.2,43.31
TXN_001895,2021-05-10,Oct-21,NIRUSAH TAILORING,JNE3627,JNE3627-KR-XL,XL,Robe/Jupe,2.0,450.0,873.0,495.0,378.0,43.3
TXN_001894,2021-05-10,Oct-21,NIRUSAH TAILORING,JNE3627,JNE3627-KR-M,M,Robe/Jupe,2.0,450.0,873.0,495.0,378.0,43.3
TXN_001900,2021-05-10,Oct-21,NIRUSAH TAILORING,JNE3651,JNE3651-TP-XXL,XXL,Robe/Jupe,3.0,431.0,1254.0,711.15,542.85,43.29
TXN_001893,2021-05-10,Oct-21,NIRUSAH TAILORING,J0090,J0090-TP-XXXL,XXXL,Robe/Jupe,2.0,741.0,1438.0,815.1,622.9,43.32
TXN_001891,2021-05-10,Oct-21,NIRUSAH TAILORING,JNE3607,JNE3607-KR-XL,XL,Robe/Jupe,2.0,619.0,1201.0,680.9,520.1,43.31
TXN_001890,2021-05-10,Oct-21,NIRUSAH TAILORING,JNE3607,JNE3607-KR-M,M,Robe/Jupe,2.0,619.0,1201.0,680.9,520.1,43.31
TXN_001889,2021-05-10,Oct-21,NIRUSAH TAILORING,J0202,J0202-TP-XXXL,XXXL,Robe/Jupe,1.0,703.0,682.0,386.65,295.35,43.31
TXN_001888,2021-05-10,Oct-21,NIRUSAH TAILORING,J0202,J0202-TP-XXL,XXL,Robe/Jupe,1.0,703.0,682.0,386.65,295.35,43.31
TXN_001887,2021-05-10,Oct-21,NIRUSAH TAILORING,J0202,J0202-TP-XL,XL,Robe/Jupe,1.0,703.0,682.0,386.65,295.35,43.31
TXN_001886,2021-05-10,Oct-21,NIRUSAH TAILORING,J0202,J0202-TP-M,M,Robe/Jupe,1.0,703.0,682.0,386.65,295.35,43.31
TXN_001892,2021-05-10,Oct-21,NIRUSAH TAILORING,JNE3607,JNE3607-KR-XXXL,XXXL,Robe/Jupe,2.0,619.0,1201.0,680.9,520.1,43.31
TXN_001919,2021-05-10,Oct-21,NIRUSAH TAILORING,JNE3633,JNE3633-KR-M,M,Robe/Jupe,2.0,538.0,1044.0,591.8,452.2,43.31
TXN_001901,2021-05-10,Oct-21,NIRUSAH TAILORING,J0205,J0205-TP-L,L,Robe/Jupe,1.0,508.0,493.0,279.4,213.6,43.33
TXN_001903,2021-05-10,Oct-21,NIRUSAH TAILORING,J0205,J0205-TP-XL,XL,Robe/Jupe,1.0,508.0,493.0,279.4,213.6,43.33
TXN_001917,2021-05-10,Oct-21,NIRUSAH TAILORING,JNE3701,JNE3701-KR-S,S,Robe/Jupe,1.0,431.0,418.0,237.05,180.95,43.29
TXN_001916,2021-05-10,Oct-21,NIRUSAH TAILORING,SET245,SET245-KR-NP-XXXL,XXXL,Ensemble,1.0,1181.0,1146.0,649.55,496.45,43.32
TXN_001915,2021-05-10,Oct-21,NIRUSAH TAILORING,SET245,SET245-KR-NP-XL,XL,Ensemble,1.0,1181.0,1146.0,649.55,496.45,43.32
TXN_001914,2021-05-10,Oct-21,NIRUSAH TAILORING,J0294,J0294-TP-XXXL,XXXL,Robe/Jupe,1.0,469.0,455.0,257.95,197.05,43.31
TXN_001913,2021-05-10,Oct-21,NIRUSAH TAILORING,J0294,J0294-TP-XL,XL,Robe/Jupe,1.0,469.0,455.0,257.95,197.05,43.31
TXN_001912,2021-05-10,Oct-21,NIRUSAH TAILORING,J0294,J0294-TP-M,M,Robe/Jupe,1.0,469.0,455.0,257.95,197.05,43.31
TXN_001902,2021-05-10,Oct-21,NIRUSAH TAILORING,J0205,J0205-TP-M,M,Robe/Jupe,1.0,508.0,493.0,279.4,213.6,43.33
TXN_001911,2021-05-10,Oct-21,NIRUSAH TAILORING,JNE3659,JNE3659-TP-XXL,XXL,Robe/Jupe,1.0,350.0,340.0,192.5,147.5,43.38
TXN_001909,2021-05-10,Oct-21,NIRUSAH TAILORING,JNE3659,JNE3659-TP-L,L,Robe/Jupe,1.0,350.0,340.0,192.5,147.5,43.38
TXN_001908,2021-05-10,Oct-21,NIRUSAH TAILORING,JNE3659,JNE3659-TP-M,M,Robe/Jupe,1.0,350.0,340.0,192.5,147.5,43.38
TXN_001907,2021-05-10,Oct-21,NIRUSAH TAILORING,JNE3668,JNE3668-TP-XXL,XXL,Robe/Jupe,3.0,431.0,1254.0,711.15,542.85,43.29
TXN_001906,2021-05-10,Oct-21,NIRUSAH TAILORING,JNE3668,JNE3668-TP-L,L,Robe/Jupe,3.0,431.0,1254.0,711.15,542.85,43.29
TXN_001905,2021-05-10,Oct-21,NIRUSAH TAILORING,J0205,J0205-TP-XXXL,XXXL,Robe/Jupe,1.0,508.0,493.0,279.4,213.6,43.33
TXN_001904,2021-05-10,Oct-21,NIRUSAH TAILORING,J0205,J0205-TP-XXL,XXL,Robe/Jupe,1.0,508.0,493.0,279.4,213.6,43.33
TXN_001910,2021-05-10,Oct-21,NIRUSAH TAILORING,JNE3659,JNE3659-TP-XL,XL,Robe/Jupe,1.0,350.0,340.0,192.5,147.5,43.38
TXN_001884,2021-05-10,Oct-21,NIRUSAH TAILORING,JNE3672,JNE3672-TU-L,L,Robe/Jupe,2.0,513.0,995.0,564.3,430.7,43.29
TXN_001955,2021-05-10,Oct-21,NIRUSAH TAILORING,JNE3615,JNE3615-KR-XXXL,XXXL,Robe/Jupe,2.0,538.0,1044.0,591.8,452.2,43.31
TXN_001957,2021-05-10,Oct-21,NIRUSAH TAILORING,JNE3620,JNE3620-KR-XXXL,XXXL,Robe/Jupe,2.0,538.0,1044.0,591.8,452.2,43.31
TXN_004441,2021-05-10,Oct-21,NIRUSAH TAILORING,JNE3721,JNE3721-KR-XXXL,XXXL,Robe/Jupe,2.0,538.0,1044.0,591.8,452.2,43.31
TXN_002006,2021-05-10,Oct-21,NIRUSAH TAILORING,SET291,SET291-KR-PP-XXXL,XXXL,Ensemble,2.0,619.0,1201.0,680.9,520.1,43.31
TXN_002005,2021-05-10,Oct-21,NIRUSAH TAILORING,SET291,SET291-KR-PP-XL,XL,Ensemble,2.0,619.0,1201.0,680.9,520.1,43.31
TXN_002004,2021-05-10,Oct-21,NIRUSAH TAILORING,SET291,SET291-KR-PP-M,M,Ensemble,2.0,619.0,1201.0,680.9,520.1,43.31
TXN_002003,2021-05-10,Oct-21,NIRUSAH TAILORING,SET289,SET289-KR-NP-XXXL,XXXL,Ensemble,3.0,681.0,1982.0,1123.65,858.35,43.31
TXN_002002,2021-05-10,Oct-21,NIRUSAH TAILORING,SET289,SET289-KR-NP-XL,XL,Ensemble,3.0,681.0,1982.0,1123.65,858.35,43.31
TXN_004440,2021-05-10,Oct-21,NIRUSAH TAILORING,JNE3721,JNE3721-KR-XL,XL,Robe/Jupe,2.0,538.0,1044.0,591.8,452.2,43.31
TXN_002001,2021-05-10,Oct-21,NIRUSAH TAILORING,SET289,SET289-KR-NP-M,M,Ensemble,3.0,681.0,1982.0,1123.65,858.35,43.31
TXN_001999,2021-05-10,Oct-21,NIRUSAH TAILORING,SET275,SET275-KR-NP-XL,XL,Ensemble,2.0,1056.0,2049.0,1161.6,887.4,43.31
TXN_001998,2021-05-10,Oct-21,NIRUSAH TAILORING,SET275,SET275-KR-NP-M,M,Ensemble,2.0,1056.0,2049.0,1161.6,887.4,43.31
TXN_001997,2021-05-10,Oct-21,NIRUSAH TAILORING,MEN5002,MEN5002-KR-XXXL,XXXL,Homme,1.0,586.0,568.0,322.3,245.7,43.26
TXN_001996,2021-05-10,Oct-21,NIRUSAH TAILORING,MEN5002,MEN5002-KR-XXL,XXL,Homme,1.0,586.0,568.0,322.3,245.7,43.26
TXN_001995,2021-05-10,Oct-21,NIRUSAH TAILORING,MEN5002,MEN5002-KR-XL.,XL,Homme,1.0,586.0,568.0,322.3,245.7,43.26
TXN_001994,2021-05-10,Oct-21,NIRUSAH TAILORING,MEN5002,MEN5002-KR-M,M,Homme,1.0,586.0,568.0,322.3,245.7,43.26
TXN_002000,2021-05-10,Oct-21,NIRUSAH TAILORING,SET275,SET275-KR-NP-XXXL,XXXL,Ensemble,2.0,1056.0,2049.0,1161.6,887.4,43.31
TXN_001993,2021-05-10,Oct-21,NIRUSAH TAILORING,JNE3762,JNE3762-KR-XXXL,XXXL,Robe/Jupe,2.0,556.0,1079.0,611.6,467.4,43.32
TXN_004439,2021-05-10,Oct-21,NIRUSAH TAILORING,JNE3721,JNE3721-KR-M,M,Robe/Jupe,2.0,538.0,1044.0,591.8,452.2,43.31
TXN_004437,2021-05-10,Oct-21,NIRUSAH TAILORING,JNE3712,JNE3712-TP-M,M,Robe/Jupe,2.0,431.0,836.0,474.1,361.9,43.29
TXN_004423,2021-05-10,Oct-21,NIRUSAH TAILORING,JNE3656,JNE3656-TP-XXL,XXL,Robe/Jupe,2.0,431.0,836.0,474.1,361.9,43.29
TXN_004424,2021-05-10,Oct-21,NIRUSAH TAILORING,JNE3666,JNE3666-TP-L,L,Robe/Jupe,1.0,431.0,418.0,237.05,180.95,43.29
TXN_004425,2021-05-10,Oct-21,NIRUSAH TAILORING,JNE3666,JNE3666-TP-M,M,Robe/Jupe,1.0,431.0,418.0,237.05,180.95,43.29
TXN_004426,2021-05-10,Oct-21,NIRUSAH TAILORING,JNE3666,JNE3666-TP-S,S,Robe/Jupe,1.0,431.0,418.0,237.05,180.95,43.29
TXN_004427,2021-05-10,Oct-21,NIRUSAH TAILORING,JNE3666,JNE3666-TP-XL,XL,Robe/Jupe,1.0,431.0,418.0,237.05,180.95,43.29
TXN_004428,2021-05-10,Oct-21,NIRUSAH TAILORING,JNE3666,JNE3666-TP-XXL,XXL,Robe/Jupe,1.0,431.0,418.0,237.05,180.95,43.29
TXN_004438,2021-05-10,Oct-21,NIRUSAH TAILORING,JNE3712,JNE3712-TP-XXL,XXL,Robe/Jupe,2.0,431.0,836.0,474.1,361.9,43.29
TXN_004429,2021-05-10,Oct-21,NIRUSAH TAILORING,JNE3667,JNE3667-TP-L,L,Robe/Jupe,1.0,431.0,418.0,237.05,180.95,43.29
TXN_004431,2021-05-10,Oct-21,NIRUSAH TAILORING,JNE3667,JNE3667-TP-XXL,XXL,Robe/Jupe,1.0,431.0,418.0,237.05,180.95,43.29
TXN_004432,2021-05-10,Oct-21,NIRUSAH TAILORING,JNE3684,JNE3684-TU-M,M,Robe/Jupe,2.0,388.0,753.0,426.8,326.2,43.32
TXN_004433,2021-05-10,Oct-21,NIRUSAH TAILORING,JNE3684,JNE3684-TU-XL,XL,Robe/Jupe,2.0,388.0,753.0,426.8,326.2,43.32
TXN_004434,2021-05-10,Oct-21,NIRUSAH TAILORING,JNE3684,JNE3684-TU-XXXL,XXXL,Robe/Jupe,2.0,388.0,753.0,426.8,326.2,43.32
TXN_004435,2021-05-10,Oct-21,NIRUSAH TAILORING,JNE3695,JNE3695-KR-L,L,Robe/Jupe,3.0,431.0,1254.0,711.15,542.85,43.29
TXN_004436,2021-05-10,Oct-21,NIRUSAH TAILORING,JNE3695,JNE3695-KR-XXL,XXL,Robe/Jupe,3.0,431.0,1254.0,711.15,542.85,43.29
TXN_004430,2021-05-10,Oct-21,NIRUSAH TAILORING,JNE3667,JNE3667-TP-S,S,Robe/Jupe,1.0,431.0,418.0,237.05,180.95,43.29
TXN_001956,2021-05-10,Oct-21,NIRUSAH TAILORING,JNE3620,JNE3620-KR-XL,XL,Robe/Jupe,2.0,538.0,1044.0,591.8,452.2,43.31
TXN_001992,2021-05-10,Oct-21,NIRUSAH TAILORING,JNE3762,JNE3762-KR-XL,XL,Robe/Jupe,2.0,556.0,1079.0,611.6,467.4,43.32
TXN_001990,2021-05-10,Oct-21,NIRUSAH TAILORING,JNE3728,JNE3728-KR-XXL,XXL,Robe/Jupe,1.0,513.0,498.0,282.15,215.85,43.34
TXN_001971,2021-05-10,Oct-21,NIRUSAH TAILORING,JNE3666,JNE3666-TP-M,M,Robe/Jupe,1.0,431.0,418.0,237.05,180.95,43.29
TXN_001970,2021-05-10,Oct-21,NIRUSAH TAILORING,JNE3666,JNE3666-TP-L,L,Robe/Jupe,1.0,431.0,418.0,237.05,180.95,43.29
TXN_001969,2021-05-10,Oct-21,NIRUSAH TAILORING,JNE3656,JNE3656-TP-XXL,XXL,Robe/Jupe,2.0,431.0,836.0,474.1,361.9,43.29
TXN_001968,2021-05-10,Oct-21,NIRUSAH TAILORING,JNE3656,JNE3656-TP-S,S,Robe/Jupe,2.0,431.0,836.0,474.1,361.9,43.29
TXN_001967,2021-05-10,Oct-21,NIRUSAH TAILORING,JNE3656,JNE3656-TP-L,L,Robe/Jupe,2.0,431.0,836.0,474.1,361.9,43.29
TXN_001966,2021-05-10,Oct-21,NIRUSAH TAILORING,JNE3654,JNE3654-TP-XXL,XXL,Robe/Jupe,2.0,513.0,995.0,564.3,430.7,43.29
TXN_001972,2021-05-10,Oct-21,NIRUSAH TAILORING,JNE3666,JNE3666-TP-S,S,Robe/Jupe,1.0,431.0,418.0,237.05,180.95,43.29
TXN_001965,2021-05-10,Oct-21,NIRUSAH TAILORING,JNE3654,JNE3654-TP-S,S,Robe/Jupe,1.0,513.0,498.0,282.15,215.85,43.34
TXN_001963,2021-05-10,Oct-21,NIRUSAH TAILORING,JNE3648,JNE3648-TP-S,S,Robe/Jupe,2.0,431.0,836.0,474.1,361.9,43.29
TXN_001962,2021-05-10,Oct-21,NIRUSAH TAILORING,JNE3556,JNE3556-KR-XXXL,XXXL,Robe/Jupe,2.0,450.0,873.0,495.0,378.0,43.3
TXN_001961,2021-05-10,Oct-21,NIRUSAH TAILORING,SET227,SET227-KR-PP-XXXL,XXXL,Ensemble,1.0,850.0,824.0,467.5,356.5,43.26
TXN_001960,2021-05-10,Oct-21,NIRUSAH TAILORING,JNE3648,JNE3648-TP-L,L,Robe/Jupe,2.0,431.0,836.0,474.1,361.9,43.29
TXN_001959,2021-05-10,Oct-21,NIRUSAH TAILORING,JNE3627,JNE3627-KR-XXXL,XXXL,Robe/Jupe,2.0,450.0,873.0,495.0,378.0,43.3
TXN_001958,2021-05-10,Oct-21,NIRUSAH TAILORING,JNE3617,JNE3617-KR-XXXL,XXXL,Robe/Jupe,2.0,556.0,1079.0,611.6,467.4,43.32
TXN_001964,2021-05-10,Oct-21,NIRUSAH TAILORING,JNE3648,JNE3648-TP-XXL,XXL,Robe/Jupe,2.0,431.0,836.0,474.1,361.9,43.29
TXN_001991,2021-05-10,Oct-21,NIRUSAH TAILORING,JNE3762,JNE3762-KR-M,M,Robe/Jupe,2.0,556.0,1079.0,611.6,467.4,43.32
TXN_001973,2021-05-10,Oct-21,NIRUSAH TAILORING,JNE3666,JNE3666-TP-XL,XL,Robe/Jupe,1.0,431.0,418.0,237.05,180.95,43.29
TXN_001975,2021-05-10,Oct-21,NIRUSAH TAILORING,JNE3667,JNE3667-TP-L,L,Robe/Jupe,1.0,431.0,418.0,237.05,180.95,43.29
TXN_001989,2021-05-10,Oct-21,NIRUSAH TAILORING,JNE3728,JNE3728-KR-M,M,Robe/Jupe,1.0,513.0,498.0,282.15,215.85,43.34
TXN_001988,2021-05-10,Oct-21,NIRUSAH TAILORING,JNE3728,JNE3728-KR-L,L,Robe/Jupe,1.0,513.0,498.0,282.15,215.85,43.34
TXN_001987,2021-05-10,Oct-21,NIRUSAH TAILORING,JNE3721,JNE3721-KR-XXXL,XXXL,Robe/Jupe,2.0,538.0,1044.0,591.8,452.2,43.31
TXN_001986,2021-05-10,Oct-21,NIRUSAH TAILORING,JNE3721,JNE3721-KR-XL,XL,Robe/Jupe,2.0,538.0,1044.0,591.8,452.2,43.31
TXN_001985,2021-05-10,Oct-21,NIRUSAH TAILORING,JNE3721,JNE3721-KR-M,M,Robe/Jupe,2.0,538.0,1044.0,591.8,452.2,43.31
TXN_001984,2021-05-10,Oct-21,NIRUSAH TAILORING,JNE3712,JNE3712-TP-XXL,XXL,Robe/Jupe,2.0,431.0,836.0,474.1,361.9,43.29
TXN_001974,2021-05-10,Oct-21,NIRUSAH TAILORING,JNE3666,JNE3666-TP-XXL,XXL,Robe/Jupe,1.0,431.0,418.0,237.05,180.95,43.29
TXN_001983,2021-05-10,Oct-21,NIRUSAH TAILORING,JNE3712,JNE3712-TP-M,M,Robe/Jupe,2.0,431.0,836.0,474.1,361.9,43.29
TXN_001981,2021-05-10,Oct-21,NIRUSAH TAILORING,JNE3695,JNE3695-KR-L,L,Robe/Jupe,3.0,431.0,1254.0,711.15,542.85,43.29
TXN_001980,2021-05-10,Oct-21,NIRUSAH TAILORING,JNE3684,JNE3684-TU-XXXL,XXXL,Robe/Jupe,2.0,388.0,753.0,426.8,326.2,43.32
TXN_001979,2021-05-10,Oct-21,NIRUSAH TAILORING,JNE3684,JNE3684-TU-XL,XL,Robe/Jupe,2.0,388.0,753.0,426.8,326.2,43.32
TXN_001978,2021-05-10,Oct-21,NIRUSAH TAILORING,JNE3684,JNE3684-TU-M,M,Robe/Jupe,2.0,388.0,753.0,426.8,326.2,43.32
TXN_001977,2021-05-10,Oct-21,NIRUSAH TAILORING,JNE3667,JNE3667-TP-XXL,XXL,Robe/Jupe,1.0,431.0,418.0,237.05,180.95,43.29
TXN_001976,2021-05-10,Oct-21,NIRUSAH TAILORING,JNE3667,JNE3667-TP-S,S,Robe/Jupe,1.0,431.0,418.0,237.05,180.95,43.29
TXN_001982,2021-05-10,Oct-21,NIRUSAH TAILORING,JNE3695,JNE3695-KR-XXL,XXL,Robe/Jupe,3.0,431.0,1254.0,711.15,542.85,43.29
TXN_001841,2021-05-10,Oct-21,NIRUSAH TAILORING,SET043,SET043-KR-NP-M,M,Ensemble,2.0,1181.0,2291.0,1299.1,991.9,43.3
TXN_001862,2021-05-10,Oct-21,NIRUSAH TAILORING,SET223,SET223-KR-NP-L,L,Ensemble,1.0,969.0,940.0,532.95,407.05,43.3
TXN_001839,2021-05-10,Oct-21,NIRUSAH TAILORING,BTM008,BTM008-M,M,Autre,1.0,315.0,306.0,173.25,132.75,43.38
TXN_004447,2021-05-10,Oct-21,NIRUSAH TAILORING,JNE3762,JNE3762-KR-XXXL,XXXL,Robe/Jupe,2.0,556.0,1079.0,611.6,467.4,43.32
TXN_004448,2021-05-10,Oct-21,NIRUSAH TAILORING,MEN5002,MEN5002-KR-M,M,Homme,1.0,586.0,568.0,322.3,245.7,43.26
TXN_004449,2021-05-10,Oct-21,NIRUSAH TAILORING,MEN5002,MEN5002-KR-XL.,XL,Homme,1.0,586.0,568.0,322.3,245.7,43.26
TXN_004450,2021-05-10,Oct-21,NIRUSAH TAILORING,MEN5002,MEN5002-KR-XXL,XXL,Homme,1.0,586.0,568.0,322.3,245.7,43.26
TXN_004451,2021-05-10,Oct-21,NIRUSAH TAILORING,MEN5002,MEN5002-KR-XXXL,XXXL,Homme,1.0,586.0,568.0,322.3,245.7,43.26
TXN_004452,2021-05-10,Oct-21,NIRUSAH TAILORING,SET275,SET275-KR-NP-M,M,Ensemble,2.0,1056.0,2049.0,1161.6,887.4,43.31
TXN_004446,2021-05-10,Oct-21,NIRUSAH TAILORING,JNE3762,JNE3762-KR-XL,XL,Robe/Jupe,2.0,556.0,1079.0,611.6,467.4,43.32
TXN_004453,2021-05-10,Oct-21,NIRUSAH TAILORING,SET275,SET275-KR-NP-XL,XL,Ensemble,2.0,1056.0,2049.0,1161.6,887.4,43.31
TXN_004455,2021-05-10,Oct-21,NIRUSAH TAILORING,SET289,SET289-KR-NP-M,M,Ensemble,3.0,681.0,1982.0,1123.65,858.35,43.31
TXN_004456,2021-05-10,Oct-21,NIRUSAH TAILORING,SET289,SET289-KR-NP-XL,XL,Ensemble,3.0,681.0,1982.0,1123.65,858.35,43.31
TXN_004457,2021-05-10,Oct-21,NIRUSAH TAILORING,SET289,SET289-KR-NP-XXXL,XXXL,Ensemble,3.0,681.0,1982.0,1123.65,858.35,43.31
TXN_004458,2021-05-10,Oct-21,NIRUSAH TAILORING,SET291,SET291-KR-PP-M,M,Ensemble,2.0,619.0,1201.0,680.9,520.1,43.31
TXN_004459,2021-05-10,Oct-21,NIRUSAH TAILORING,SET291,SET291-KR-PP-XL,XL,Ensemble,2.0,619.0,1201.0,680.9,520.1,43.31
TXN_004460,2021-05-10,Oct-21,NIRUSAH TAILORING,SET291,SET291-KR-PP-XXXL,XXXL,Ensemble,2.0,619.0,1201.0,680.9,520.1,43.31
TXN_004454,2021-05-10,Oct-21,NIRUSAH TAILORING,SET275,SET275-KR-NP-XXXL,XXXL,Ensemble,2.0,1056.0,2049.0,1161.6,887.4,43.31
TXN_004445,2021-05-10,Oct-21,NIRUSAH TAILORING,JNE3762,JNE3762-KR-M,M,Robe/Jupe,2.0,556.0,1079.0,611.6,467.4,43.32
TXN_001840,2021-05-10,Oct-21,NIRUSAH TAILORING,BTM008,BTM008-XXXL,XXXL,Autre,1.0,315.0,306.0,173.25,132.75,43.38
TXN_004443,2021-05-10,Oct-21,NIRUSAH TAILORING,JNE3728,JNE3728-KR-M,M,Robe/Jupe,1.0,513.0,498.0,282.15,215.85,43.34
TXN_001838,2021-05-10,Oct-21,NIRUSAH TAILORING,BTM002,BTM002-XXXL,XXXL,Autre,3.0,315.0,917.0,519.75,397.25,43.32
TXN_001836,2021-05-10,Oct-21,NIRUSAH TAILORING,BTM002,BTM002-M,M,Autre,2.0,315.0,611.0,346.5,264.5,43.29
TXN_001835,2021-05-10,Oct-21,NIRUSAH TAILORING,JNE1951,JNE1951-KR-155-XXXL,XXXL,Robe/Jupe,2.0,528.0,1024.0,580.8,443.2,43.28
TXN_001834,2021-05-10,Oct-21,NIRUSAH TAILORING,JNE2100,JNE2100-KR-144-XXXL,XXXL,Robe/Jupe,2.0,469.0,910.0,515.9,394.1,43.31
TXN_001833,2021-05-10,Oct-21,NIRUSAH TAILORING,JNE2265,JNE2265-KR-501-XXL,XXL,Robe/Jupe,1.0,528.0,512.0,290.4,221.6,43.28
TXN_001832,2021-05-10,Oct-21,NIRUSAH TAILORING,JNE2265,JNE2265-KR-501-L,L,Robe/Jupe,1.0,528.0,512.0,290.4,221.6,43.28
TXN_001831,2021-05-10,Oct-21,NIRUSAH TAILORING,JNE2265,JNE2265-KR-501-M,M,Robe/Jupe,1.0,528.0,512.0,290.4,221.6,43.28
TXN_001837,2021-05-10,Oct-21,NIRUSAH TAILORING,BTM002,BTM002-L,L,Autre,3.0,315.0,917.0,519.75,397.25,43.32
TXN_001829,2021-05-10,Oct-21,NIRUSAH TAILORING,JNE2100,JNE2100-KR-144-M,M,Robe/Jupe,2.0,469.0,910.0,515.9,394.1,43.31
TXN_001828,2021-05-10,Oct-21,NIRUSAH TAILORING,JNE2009,JNE2009-KR-310-XXL,XXL,Robe/Jupe,2.0,409.0,793.0,449.9,343.1,43.27
TXN_001827,2021-05-10,Oct-21,NIRUSAH TAILORING,JNE2009,JNE2009-KR-310-L,L,Robe/Jupe,2.0,409.0,793.0,449.9,343.1,43.27
TXN_004444,2021-05-10,Oct-21,NIRUSAH TAILORING,JNE3728,JNE3728-KR-XXL,XXL,Robe/Jupe,1.0,513.0,498.0,282.15,215.85,43.34
TXN_001826,2021-05-10,Oct-21,NIRUSAH TAILORING,JNE1951,JNE1951-KR-155-XL,XL,Robe/Jupe,1.0,528.0,512.0,290.4,221.6,43.28
TXN_004442,2021-05-10,Oct-21,NIRUSAH TAILORING,JNE3728,JNE3728-KR-L,L,Robe/Jupe,1.0,513.0,498.0,282.15,215.85,43.34
TXN_001830,2021-05-10,Oct-21,NIRUSAH TAILORING,JNE2100,JNE2100-KR-144-XL,XL,Robe/Jupe,2.0,469.0,910.0,515.9,394.1,43.31
TXN_001198,2021-06-08,Aug-21,MONISYAA,SET048,SET048-KR-NP-XXL,XXL,Ensemble,1.0,968.75,969.0,532.81,436.19,45.01
TXN_001197,2021-06-08,Aug-21,MONISYAA,J0278,J0278-SET-XL,XL,Robe/Jupe,1.0,1051.11,1051.0,578.11,472.89,44.99
TXN_001196,2021-06-08,Aug-21,MONISYAA,SET289,SET289-KR-NP-M,M,Ensemble,1.0,681.25,681.0,374.69,306.31,44.98
TXN_001195,2021-06-08,Aug-21,MONISYAA,SET232,SET232-KR-PP-XXL,XXL,Ensemble,1.0,850.0,850.0,467.5,382.5,45.0
TXN_001194,2021-06-08,Aug-21,MONISYAA,J0278,J0278-SET-XL,XL,Robe/Jupe,1.0,1051.11,1051.0,578.11,472.89,44.99
TXN_001193,2021-06-08,Aug-21,MONISYAA,J0279,J0279-SET-S,S,Robe/Jupe,1.0,1210.0,1210.0,665.5,544.5,45.0
TXN_001190,2021-06-08,Aug-21,MONISYAA,J0135,J0135-SET-S,S,Robe/Jupe,1.0,937.5,938.0,515.62,422.38,45.03
TXN_001191,2021-06-08,Aug-21,MONISYAA,J0277,J0277-SKD-S,S,Robe/Jupe,1.0,1757.5,1758.0,966.63,791.37,45.02
TXN_001189,2021-06-08,Aug-21,MONISYAA,J0246,J0246-SKD-XXXL,XXXL,Robe/Jupe,1.0,1327.5,1328.0,730.13,597.87,45.02
TXN_001188,2021-06-08,Aug-21,MONISYAA,JNE3704,JNE3704-KR-S,S,Robe/Jupe,1.0,556.25,556.0,305.94,250.06,44.97
TXN_001187,2021-06-08,Aug-21,MONISYAA,SET269,SET269-KR-NP-XXL,XXL,Ensemble,1.0,968.75,969.0,532.81,436.19,45.01
TXN_001199,2021-06-08,Aug-21,MONISYAA,J0279,J0279-SET-XXXL,XXXL,Robe/Jupe,1.0,1210.0,1210.0,665.5,544.5,45.0
TXN_001192,2021-06-08,Aug-21,MONISYAA,J0277,J0277-SKD-M,M,Robe/Jupe,1.0,1757.5,1758.0,966.63,791.37,45.02
TXN_001200,2021-06-08,Aug-21,MONISYAA,J0212,J0212-DR-M,M,Robe/Jupe,1.0,781.25,781.0,429.69,351.31,44.98
TXN_001208,2021-06-08,Aug-21,AMANI CONCEPT TRADING LLC (KAPDA),JNE3676,JNE3676-TU-M,M,Robe/Jupe,6.0,454.35,2535.0,1499.36,1035.64,40.85
TXN_001202,2021-06-08,Aug-21,MONISYAA,JNE3672,JNE3672-TU-XXXL,XXXL,Robe/Jupe,1.0,450.0,450.0,247.5,202.5,45.0
TXN_001203,2021-06-08,Aug-21,MONISYAA,J0134,J0134-SET-XXXL,XXXL,Robe/Jupe,1.0,881.25,881.0,484.69,396.31,44.98
TXN_001204,2021-06-08,Aug-21,MONISYAA,JNE3581,JNE3581-KR-S,S,Robe/Jupe,1.0,618.75,619.0,340.31,278.69,45.02
TXN_001205,2021-06-08,Aug-21,AMANI CONCEPT TRADING LLC (KAPDA),J0023,J0023-TP-M,M,Robe/Jupe,4.0,486.85,1811.0,1071.07,739.93,40.86
TXN_001206,2021-06-08,Aug-21,AMANI CONCEPT TRADING LLC (KAPDA),J0023,J0023-TP-L,L,Robe/Jupe,5.0,486.85,2264.0,1338.84,925.16,40.86
TXN_001207,2021-06-08,Aug-21,AMANI CONCEPT TRADING LLC (KAPDA),J0023,J0023-TP-XL,XL,Robe/Jupe,6.0,486.85,2717.0,1606.61,1110.39,40.87
TXN_001186,2021-06-08,Aug-21,MONISYAA,SET269,SET269-KR-NP-S,S,Ensemble,1.0,968.75,969.0,532.81,436.19,45.01
TXN_001209,2021-06-08,Aug-21,AMANI CONCEPT TRADING LLC (KAPDA),JNE3676,JNE3676-TU-L,L,Robe/Jupe,6.0,454.35,2535.0,1499.36,1035.64,40.85
TXN_001211,2021-06-08,Aug-21,AMANI CONCEPT TRADING LLC (KAPDA),J0196,J0196-TP-M,M,Robe/Jupe,6.0,519.35,2898.0,1713.86,1184.14,40.86
TXN_001212,2021-06-08,Aug-21,AMANI CONCEPT TRADING LLC (KAPDA),J0196,J0196-TP-L,L,Robe/Jupe,6.0,519.35,2898.0,1713.86,1184.14,40.86
TXN_001213,2021-06-08,Aug-21,AMANI CONCEPT TRADING LLC (KAPDA),J0196,J0196-TP-XL,XL,Robe/Jupe,6.0,519.35,2898.0,1713.86,1184.14,40.86
TXN_001214,2021-06-08,Aug-21,AMANI CONCEPT TRADING LLC (KAPDA),J0197,J0197-TP-M,M,Robe/Jupe,6.0,584.35,3261.0,1928.36,1332.64,40.87
TXN_001215,2021-06-08,Aug-21,AMANI CONCEPT TRADING LLC (KAPDA),J0197,J0197-TP-L,L,Robe/Jupe,6.0,584.35,3261.0,1928.36,1332.64,40.87
TXN_001216,2021-06-08,Aug-21,AMANI CONCEPT TRADING LLC (KAPDA),J0197,J0197-TP-XL,XL,Robe/Jupe,6.0,584.35,3261.0,1928.36,1332.64,40.87
TXN_001201,2021-06-08,Aug-21,MONISYAA,J0176,J0176-TP-XXXL,XXXL,Robe/Jupe,1.0,440.0,440.0,242.0,198.0,45.0
TXN_001185,2021-06-08,Aug-21,MONISYAA,JNE3581,JNE3581-KR-XXL,XXL,Robe/Jupe,1.0,618.75,619.0,340.31,278.69,45.02
TXN_001177,2021-06-08,Aug-21,KOGILA SELLAPPAN,J0147,J0147-SET-M,M,Robe/Jupe,1.0,1015.0,1015.0,558.25,456.75,45.0
TXN_001183,2021-06-08,Aug-21,MONISYAA,JNE3581,JNE3581-KR-L,L,Robe/Jupe,1.0,618.75,619.0,340.31,278.69,45.02
TXN_001160,2021-06-08,Aug-21,KOGILA SELLAPPAN,JNE3663,JNE3663-TP-S,S,Robe/Jupe,1.0,431.25,431.0,237.19,193.81,44.97
TXN_001286,2021-06-08,Aug-21,AMANI CONCEPT TRADING LLC (KAPDA),JNE3288,JNE3288-KR-XL,XL,Robe/Jupe,6.0,584.0,3259.0,1927.2,1331.8,40.87
TXN_001161,2021-06-08,Aug-21,KOGILA SELLAPPAN,J0176,J0176-TP-S,S,Robe/Jupe,1.0,440.0,440.0,242.0,198.0,45.0
TXN_001162,2021-06-08,Aug-21,KOGILA SELLAPPAN,J0121,J0121-TP-S,S,Robe/Jupe,1.0,246.67,247.0,135.67,111.33,45.07
TXN_001163,2021-06-08,Aug-21,KOGILA SELLAPPAN,JNE3651,JNE3651-TP-S,S,Robe/Jupe,1.0,431.25,431.0,237.19,193.81,44.97
TXN_001164,2021-06-08,Aug-21,KOGILA SELLAPPAN,SET098,SET098-KR-PP-L,L,Ensemble,1.0,868.75,869.0,477.81,391.19,45.02
TXN_001165,2021-06-08,Aug-21,KOGILA SELLAPPAN,SET252,SET252-KR-PP-XS.,XS,Ensemble,1.0,868.75,869.0,477.81,391.19,45.02
TXN_001166,2021-06-08,Aug-21,KOGILA SELLAPPAN,J0346,J0346-SET-XL,XL,Robe/Jupe,1.0,781.25,781.0,429.69,351.31,44.98
TXN_001167,2021-06-08,Aug-21,KOGILA SELLAPPAN,SET252,SET252-KR-PP-XS.,XS,Ensemble,1.0,868.75,869.0,477.81,391.19,45.02
TXN_001168,2021-06-08,Aug-21,KOGILA SELLAPPAN,BTM038,BTM038-PP-XS,XS,Autre,1.0,427.5,428.0,235.13,192.87,45.06
TXN_001159,2021-06-08,Aug-21,KOGILA SELLAPPAN,JNE3665,JNE3665-TP-S,S,Robe/Jupe,1.0,387.5,388.0,213.13,174.87,45.07
TXN_001158,2021-06-08,Aug-21,KOGILA SELLAPPAN,JNE3666,JNE3666-TP-S,S,Robe/Jupe,1.0,431.25,431.0,237.19,193.81,44.97
TXN_001157,2021-06-08,Aug-21,KOGILA SELLAPPAN,JNE3661,JNE3661-TP-S,S,Robe/Jupe,1.0,387.5,388.0,213.13,174.87,45.07
TXN_001156,2021-06-08,Aug-21,KOGILA SELLAPPAN,JNE3645,JNE3645-TP-S,S,Robe/Jupe,1.0,356.25,356.0,195.94,160.06,44.96
TXN_001184,2021-06-08,Aug-21,MONISYAA,JNE3581,JNE3581-KR-XL,XL,Robe/Jupe,1.0,618.75,619.0,340.31,278.69,45.02
TXN_001155,2021-06-08,Aug-21,KOGILA SELLAPPAN,JNE3642,JNE3642-TP-S,S,Robe/Jupe,1.0,387.5,388.0,213.13,174.87,45.07
TXN_001169,2021-06-08,Aug-21,KOGILA SELLAPPAN,JNE3645,JNE3645-TP-XS,XS,Robe/Jupe,1.0,356.25,356.0,195.94,160.06,44.96
TXN_001170,2021-06-08,Aug-21,KOGILA SELLAPPAN,JNE3642,JNE3642-TP-XXL,XXL,Robe/Jupe,1.0,387.5,388.0,213.13,174.87,45.07
TXN_001171,2021-06-08,Aug-21,KOGILA SELLAPPAN,SET270,SET270-KR-PP-XXL,XXL,Ensemble,1.0,893.75,894.0,491.56,402.44,45.02
TXN_001172,2021-06-08,Aug-21,KOGILA SELLAPPAN,SET243,SET243-KR-PP-XXXL,XXXL,Ensemble,1.0,768.75,769.0,422.81,346.19,45.02
TXN_001173,2021-06-08,Aug-21,KOGILA SELLAPPAN,SET110,SET110-KR-PP-M,M,Ensemble,1.0,931.25,931.0,512.19,418.81,44.98
TXN_001174,2021-06-08,Aug-21,KOGILA SELLAPPAN,BTM002,BTM002-S,S,Autre,1.0,337.5,338.0,185.63,152.37,45.08
TXN_001175,2021-06-08,Aug-21,KOGILA SELLAPPAN,SET110,SET110-KR-PP-M,M,Ensemble,1.0,931.25,931.0,512.19,418.81,44.98
TXN_001176,2021-06-08,Aug-21,KOGILA SELLAPPAN,SET110,SET110-KR-PP-XL,XL,Ensemble,1.0,931.25,931.0,512.19,418.81,44.98
TXN_001217,2021-06-08,Aug-21,AMANI CONCEPT TRADING LLC (KAPDA),J0201,J0201-TP-M,M,Robe/Jupe,3.0,584.35,1630.0,964.18,665.82,40.85
TXN_001178,2021-06-08,Aug-21,KOGILA SELLAPPAN,SET172,SET172-KR-PP-L,L,Ensemble,1.0,1306.25,1306.0,718.44,587.56,44.99
TXN_001179,2021-06-08,Aug-21,KOGILA SELLAPPAN,SET236,SET236-KR-PP-L,L,Ensemble,1.0,765.0,765.0,420.75,344.25,45.0
TXN_001180,2021-06-08,Aug-21,KOGILA SELLAPPAN,JNE3642,JNE3642-TP-L,L,Robe/Jupe,1.0,387.5,388.0,213.13,174.87,45.07
TXN_001181,2021-06-08,Aug-21,KOGILA SELLAPPAN,JNE3713,JNE3713-TP-S,S,Robe/Jupe,1.0,387.5,388.0,213.13,174.87,45.07
TXN_001182,2021-06-08,Aug-21,MONISYAA,JNE3581,JNE3581-KR-M,M,Robe/Jupe,1.0,618.75,619.0,340.31,278.69,45.02
TXN_001154,2021-06-08,Aug-21,KOGILA SELLAPPAN,JNE3642,JNE3642-TP-M,M,Robe/Jupe,1.0,387.5,388.0,213.13,174.87,45.07
TXN_001218,2021-06-08,Aug-21,AMANI CONCEPT TRADING LLC (KAPDA),J0201,J0201-TP-L,L,Robe/Jupe,2.0,584.35,1087.0,642.79,444.21,40.87
TXN_001210,2021-06-08,Aug-21,AMANI CONCEPT TRADING LLC (KAPDA),JNE3676,JNE3676-TU-XL,XL,Robe/Jupe,6.0,454.35,2535.0,1499.36,1035.64,40.85
TXN_001220,2021-06-08,Aug-21,AMANI CONCEPT TRADING LLC (KAPDA),J0213,J0213-TP-M,M,Robe/Jupe,6.0,584.35,3261.0,1928.36,1332.64,40.87
TXN_001254,2021-06-08,Aug-21,AMANI CONCEPT TRADING LLC (KAPDA),SET244,SET244-KR-NP-M,M,Ensemble,4.0,909.35,3383.0,2000.57,1382.43,40.86
TXN_001255,2021-06-08,Aug-21,AMANI CONCEPT TRADING LLC (KAPDA),SET244,SET244-KR-NP-L,L,Ensemble,4.0,909.35,3383.0,2000.57,1382.43,40.86
TXN_001256,2021-06-08,Aug-21,AMANI CONCEPT TRADING LLC (KAPDA),SET244,SET244-KR-NP-XL,XL,Ensemble,4.0,909.35,3383.0,2000.57,1382.43,40.86
TXN_001257,2021-06-08,Aug-21,AMANI CONCEPT TRADING LLC (KAPDA),SET210,SET210-KR-PP-M,M,Ensemble,4.0,779.35,2899.0,1714.57,1184.43,40.86
TXN_001258,2021-06-08,Aug-21,AMANI CONCEPT TRADING LLC (KAPDA),SET210,SET210-KR-PP-L,L,Ensemble,4.0,779.35,2899.0,1714.57,1184.43,40.86
TXN_001259,2021-06-08,Aug-21,AMANI CONCEPT TRADING LLC (KAPDA),SET210,SET210-KR-PP-XL,XL,Ensemble,4.0,779.35,2899.0,1714.57,1184.43,40.86
TXN_001260,2021-06-08,Aug-21,AMANI CONCEPT TRADING LLC (KAPDA),SET110,SET110-KR-PP-M,M,Ensemble,4.0,876.85,3262.0,1929.07,1332.93,40.86
TXN_001261,2021-06-08,Aug-21,AMANI CONCEPT TRADING LLC (KAPDA),SET110,SET110-KR-PP-L,L,Ensemble,4.0,876.85,3262.0,1929.07,1332.93,40.86
TXN_001262,2021-06-08,Aug-21,AMANI CONCEPT TRADING LLC (KAPDA),SET110,SET110-KR-PP-XL,XL,Ensemble,4.0,876.85,3262.0,1929.07,1332.93,40.86
TXN_001263,2021-06-08,Aug-21,AMANI CONCEPT TRADING LLC (KAPDA),SET186,SET186-KR-DH-M,M,Ensemble,4.0,876.85,3262.0,1929.07,1332.93,40.86
TXN_001264,2021-06-08,Aug-21,AMANI CONCEPT TRADING LLC (KAPDA),SET186,SET186-KR-DH-L,L,Ensemble,4.0,876.85,3262.0,1929.07,1332.93,40.86
TXN_001284,2021-06-08,Aug-21,AMANI CONCEPT TRADING LLC (KAPDA),JNE3288,JNE3288-KR-M,M,Robe/Jupe,6.0,584.0,3259.0,1927.2,1331.8,40.87
TXN_001283,2021-06-08,Aug-21,AMANI CONCEPT TRADING LLC (KAPDA),JNE3474,JNE3474-KR-XL,XL,Robe/Jupe,6.0,487.0,2717.0,1607.1,1109.9,40.85
TXN_001282,2021-06-08,Aug-21,AMANI CONCEPT TRADING LLC (KAPDA),JNE3474,JNE3474-KR-L,L,Robe/Jupe,6.0,487.0,2717.0,1607.1,1109.9,40.85
TXN_001253,2021-06-08,Aug-21,AMANI CONCEPT TRADING LLC (KAPDA),SET043,SET043-KR-NP-XL,XL,Ensemble,4.0,974.35,3625.0,2143.57,1481.43,40.87
TXN_001219,2021-06-08,Aug-21,AMANI CONCEPT TRADING LLC (KAPDA),J0201,J0201-TP-XL,XL,Robe/Jupe,6.0,584.35,3261.0,1928.36,1332.64,40.87
TXN_001280,2021-06-08,Aug-21,AMANI CONCEPT TRADING LLC (KAPDA),JNE3225,JNE3225-KR-XL,XL,Robe/Jupe,6.0,487.0,2717.0,1607.1,1109.9,40.85
TXN_001279,2021-06-08,Aug-21,AMANI CONCEPT TRADING LLC (KAPDA),JNE3225,JNE3225-KR-L,L,Robe/Jupe,6.0,486.85,2717.0,1606.61,1110.39,40.87
TXN_001278,2021-06-08,Aug-21,AMANI CONCEPT TRADING LLC (KAPDA),JNE3225,JNE3225-KR-M,M,Robe/Jupe,6.0,486.85,2717.0,1606.61,1110.39,40.87
TXN_001277,2021-06-08,Aug-21,AMANI CONCEPT TRADING LLC (KAPDA),JNE3576,JNE3576-KR-XL,XL,Robe/Jupe,6.0,454.35,2535.0,1499.36,1035.64,40.85
TXN_001276,2021-06-08,Aug-21,AMANI CONCEPT TRADING LLC (KAPDA),JNE3576,JNE3576-KR-L,L,Robe/Jupe,6.0,454.35,2535.0,1499.36,1035.64,40.85
TXN_001265,2021-06-08,Aug-21,AMANI CONCEPT TRADING LLC (KAPDA),SET186,SET186-KR-DH-XL,XL,Ensemble,4.0,876.85,3262.0,1929.07,1332.93,40.86
TXN_001266,2021-06-08,Aug-21,AMANI CONCEPT TRADING LLC (KAPDA),J0239,J0239-SKD-M,M,Robe/Jupe,3.0,1364.35,3807.0,2251.18,1555.82,40.87
TXN_001267,2021-06-08,Aug-21,AMANI CONCEPT TRADING LLC (KAPDA),J0239,J0239-SKD-L,L,Robe/Jupe,4.0,1364.35,5075.0,3001.57,2073.43,40.86
TXN_001268,2021-06-08,Aug-21,AMANI CONCEPT TRADING LLC (KAPDA),J0239,J0239-SKD-XL,XL,Robe/Jupe,4.0,1364.35,5075.0,3001.57,2073.43,40.86
TXN_001269,2021-06-08,Aug-21,AMANI CONCEPT TRADING LLC (KAPDA),J0245,J0245-SKD-M,M,Robe/Jupe,4.0,1169.35,4350.0,2572.57,1777.43,40.86
TXN_001270,2021-06-08,Aug-21,AMANI CONCEPT TRADING LLC (KAPDA),J0245,J0245-SKD-L,L,Robe/Jupe,4.0,1169.35,4350.0,2572.57,1777.43,40.86
TXN_001271,2021-06-08,Aug-21,AMANI CONCEPT TRADING LLC (KAPDA),J0245,J0245-SKD-XL,XL,Robe/Jupe,4.0,1169.35,4350.0,2572.57,1777.43,40.86
TXN_001272,2021-06-08,Aug-21,AMANI CONCEPT TRADING LLC (KAPDA),JNE3479,JNE3479-KR-M,M,Robe/Jupe,6.0,389.35,2173.0,1284.86,888.14,40.87
TXN_001273,2021-06-08,Aug-21,AMANI CONCEPT TRADING LLC (KAPDA),JNE3479,JNE3479-KR-L,L,Robe/Jupe,6.0,389.35,2173.0,1284.86,888.14,40.87
TXN_001281,2021-06-08,Aug-21,AMANI CONCEPT TRADING LLC (KAPDA),JNE3474,JNE3474-KR-M,M,Robe/Jupe,6.0,487.0,2717.0,1607.1,1109.9,40.85
TXN_001274,2021-06-08,Aug-21,AMANI CONCEPT TRADING LLC (KAPDA),JNE3479,JNE3479-KR-XL,XL,Robe/Jupe,6.0,389.35,2173.0,1284.86,888.14,40.87
TXN_001252,2021-06-08,Aug-21,AMANI CONCEPT TRADING LLC (KAPDA),SET043,SET043-KR-NP-L,L,Ensemble,4.0,974.35,3625.0,2143.57,1481.43,40.87
TXN_001250,2021-06-08,Aug-21,AMANI CONCEPT TRADING LLC (KAPDA),SET249,SET249-KR-NP-XL,XL,Ensemble,4.0,844.35,3141.0,1857.57,1283.43,40.86
TXN_001221,2021-06-08,Aug-21,AMANI CONCEPT TRADING LLC (KAPDA),J0213,J0213-TP-L,L,Robe/Jupe,6.0,584.35,3261.0,1928.36,1332.64,40.87
TXN_001222,2021-06-08,Aug-21,AMANI CONCEPT TRADING LLC (KAPDA),J0213,J0213-TP-XL,XL,Robe/Jupe,6.0,584.35,3261.0,1928.36,1332.64,40.87
TXN_001223,2021-06-08,Aug-21,AMANI CONCEPT TRADING LLC (KAPDA),J0129,J0129-SET-M,M,Robe/Jupe,4.0,1104.35,4108.0,2429.57,1678.43,40.86
TXN_001224,2021-06-08,Aug-21,AMANI CONCEPT TRADING LLC (KAPDA),J0129,J0129-SET-L,L,Robe/Jupe,4.0,1104.35,4108.0,2429.57,1678.43,40.86
TXN_001225,2021-06-08,Aug-21,AMANI CONCEPT TRADING LLC (KAPDA),J0129,J0129-SET-XL,XL,Robe/Jupe,4.0,1104.35,4108.0,2429.57,1678.43,40.86
TXN_001226,2021-06-08,Aug-21,AMANI CONCEPT TRADING LLC (KAPDA),J0130,J0130-SET-M,M,Robe/Jupe,4.0,974.35,3625.0,2143.57,1481.43,40.87
TXN_001227,2021-06-08,Aug-21,AMANI CONCEPT TRADING LLC (KAPDA),J0130,J0130-SET-L.,L,Robe/Jupe,4.0,974.35,3625.0,2143.57,1481.43,40.87
TXN_001285,2021-06-08,Aug-21,AMANI CONCEPT TRADING LLC (KAPDA),JNE3288,JNE3288-KR-L,L,Robe/Jupe,6.0,584.0,3259.0,1927.2,1331.8,40.87
TXN_001228,2021-06-08,Aug-21,AMANI CONCEPT TRADING LLC (KAPDA),J0130,J0130-SET-XL,XL,Robe/Jupe,4.0,974.35,3625.0,2143.57,1481.43,40.87
TXN_001229,2021-06-08,Aug-21,AMANI CONCEPT TRADING LLC (KAPDA),JNE3405,JNE3405-KR-M,M,Robe/Jupe,6.0,389.35,2173.0,1284.86,888.14,40.87
TXN_001230,2021-06-08,Aug-21,AMANI CONCEPT TRADING LLC (KAPDA),JNE3405,JNE3405-KR-L,L,Robe/Jupe,6.0,389.35,2173.0,1284.86,888.14,40.87
TXN_001231,2021-06-08,Aug-21,AMANI CONCEPT TRADING LLC (KAPDA),JNE3405,JNE3405-KR-XL,XL,Robe/Jupe,6.0,389.35,2173.0,1284.86,888.14,40.87
TXN_001232,2021-06-08,Aug-21,AMANI CONCEPT TRADING LLC (KAPDA),JNE2170,JNE2170-KR-436-L,L,Robe/Jupe,5.0,551.85,2566.0,1517.59,1048.41,40.86
TXN_001233,2021-06-08,Aug-21,AMANI CONCEPT TRADING LLC (KAPDA),JNE2170,JNE2170-KR-436-XL,XL,Robe/Jupe,5.0,551.85,2566.0,1517.59,1048.41,40.86
TXN_001251,2021-06-08,Aug-21,AMANI CONCEPT TRADING LLC (KAPDA),SET043,SET043-KR-NP-M,M,Ensemble,4.0,974.35,3625.0,2143.57,1481.43,40.87
TXN_001234,2021-06-08,Aug-21,AMANI CONCEPT TRADING LLC (KAPDA),JNE3609,JNE3609-KR-M,M,Robe/Jupe,4.0,551.85,2053.0,1214.07,838.93,40.86
TXN_001236,2021-06-08,Aug-21,AMANI CONCEPT TRADING LLC (KAPDA),SET251,SET251-KR-PP-M,M,Ensemble,2.0,779.35,1450.0,857.29,592.71,40.88
TXN_001237,2021-06-08,Aug-21,AMANI CONCEPT TRADING LLC (KAPDA),SET251,SET251-KR-PP-L,L,Ensemble,4.0,779.35,2899.0,1714.57,1184.43,40.86
TXN_001238,2021-06-08,Aug-21,AMANI CONCEPT TRADING LLC (KAPDA),SET251,SET251-KR-PP-XL,XL,Ensemble,4.0,779.35,2899.0,1714.57,1184.43,40.86
TXN_001239,2021-06-08,Aug-21,AMANI CONCEPT TRADING LLC (KAPDA),SET098,SET098-KR-PP-M,M,Ensemble,4.0,779.35,2899.0,1714.57,1184.43,40.86
TXN_001240,2021-06-08,Aug-21,AMANI CONCEPT TRADING LLC (KAPDA),SET098,SET098-KR-PP-L,L,Ensemble,4.0,779.35,2899.0,1714.57,1184.43,40.86
TXN_001241,2021-06-08,Aug-21,AMANI CONCEPT TRADING LLC (KAPDA),SET098,SET098-KR-PP-XL,XL,Ensemble,4.0,779.35,2899.0,1714.57,1184.43,40.86
TXN_001242,2021-06-08,Aug-21,AMANI CONCEPT TRADING LLC (KAPDA),SET058,SET058-KR-NP-M,M,Ensemble,4.0,844.35,3141.0,1857.57,1283.43,40.86
TXN_001243,2021-06-08,Aug-21,AMANI CONCEPT TRADING LLC (KAPDA),SET058,SET058-KR-NP-L,L,Ensemble,4.0,844.35,3141.0,1857.57,1283.43,40.86
TXN_001244,2021-06-08,Aug-21,AMANI CONCEPT TRADING LLC (KAPDA),SET058,SET058-KR-NP-XL,XL,Ensemble,4.0,844.35,3141.0,1857.57,1283.43,40.86
TXN_001245,2021-06-08,Aug-21,AMANI CONCEPT TRADING LLC (KAPDA),SET188,SET188-KR-NP-M,M,Ensemble,4.0,844.35,3141.0,1857.57,1283.43,40.86
TXN_001246,2021-06-08,Aug-21,AMANI CONCEPT TRADING LLC (KAPDA),SET188,SET188-KR-NP-L,L,Ensemble,4.0,844.35,3141.0,1857.57,1283.43,40.86
TXN_001247,2021-06-08,Aug-21,AMANI CONCEPT TRADING LLC (KAPDA),SET188,SET188-KR-NP-XL,XL,Ensemble,4.0,844.35,3141.0,1857.57,1283.43,40.86
TXN_001248,2021-06-08,Aug-21,AMANI CONCEPT TRADING LLC (KAPDA),SET249,SET249-KR-NP-M,M,Ensemble,4.0,844.35,3141.0,1857.57,1283.43,40.86
TXN_001249,2021-06-08,Aug-21,AMANI CONCEPT TRADING LLC (KAPDA),SET249,SET249-KR-NP-L,L,Ensemble,4.0,844.35,3141.0,1857.57,1283.43,40.86
TXN_001235,2021-06-08,Aug-21,AMANI CONCEPT TRADING LLC (KAPDA),JNE3609,JNE3609-KR-L,L,Robe/Jupe,6.0,551.85,3079.0,1821.11,1257.89,40.85
TXN_001275,2021-06-08,Aug-21,AMANI CONCEPT TRADING LLC (KAPDA),JNE3576,JNE3576-KR-M,M,Robe/Jupe,6.0,454.35,2535.0,1499.36,1035.64,40.85
TXN_001447,2021-06-09,Sep-21,VAHLAARMATHY,MEN5016,MEN5016-KR-L,L,Homme,1.0,536.0,536.0,294.8,241.2,45.0
TXN_001442,2021-06-09,Sep-21,VAHLAARMATHY,MEN5007,MEN5007-KR-L,L,Homme,1.0,499.0,499.0,274.45,224.55,45.0
TXN_001443,2021-06-09,Sep-21,VAHLAARMATHY,MEN5008,MEN5008-KR-L,L,Homme,1.0,524.0,524.0,288.2,235.8,45.0
TXN_001444,2021-06-09,Sep-21,VAHLAARMATHY,MEN5013,MEN5013-KR-XL,XL,Homme,1.0,561.0,561.0,308.55,252.45,45.0
TXN_001445,2021-06-09,Sep-21,VAHLAARMATHY,MEN5013,MEN5013-KR-XXL,XXL,Homme,1.0,561.0,561.0,308.55,252.45,45.0
TXN_001446,2021-06-09,Sep-21,VAHLAARMATHY,MEN5015,MEN5015-KR-L,L,Homme,1.0,524.0,524.0,288.2,235.8,45.0
TXN_001448,2021-06-09,Sep-21,VAHLAARMATHY,MEN5031,MEN5031-KR-L,L,Homme,1.0,599.0,599.0,329.45,269.55,45.0
TXN_001449,2021-06-09,Sep-21,VAHLAARMATHY,SET276,SET276-KR-PP-S,S,Ensemble,1.0,1344.0,1344.0,739.2,604.8,45.0
TXN_001450,2021-06-09,Sep-21,VAHLAARMATHY,SET282,SET282-KR-PP-XL,XL,Ensemble,1.0,1244.0,1244.0,684.2,559.8,45.0
TXN_001441,2021-06-09,Sep-21,VAHLAARMATHY,JNE3664,JNE3664-TP-S,S,Robe/Jupe,1.0,531.0,531.0,292.05,238.95,45.0
TXN_002049,2021-06-10,Oct-21,REVATHY LOGANATHAN,J0131,J0131-KR-M,M,Robe/Jupe,1.0,508.0,508.0,279.4,228.6,45.0
TXN_002048,2021-06-10,Oct-21,REVATHY LOGANATHAN,MEN5026,MEN5026-KR-XXL,XXL,Homme,1.0,561.0,561.0,308.55,252.45,45.0
TXN_002047,2021-06-10,Oct-21,REVATHY LOGANATHAN,MEN5032,MEN5032-KR-XL,XL,Homme,1.0,661.0,661.0,363.55,297.45,45.0
TXN_002043,2021-06-10,Oct-21,REVATHY LOGANATHAN,MEN5018,MEN5018-KR-XL,XL,Homme,1.0,574.0,574.0,315.7,258.3,45.0
TXN_002045,2021-06-10,Oct-21,REVATHY LOGANATHAN,MEN5032,MEN5032-KR-XXXL,XXXL,Homme,1.0,661.0,661.0,363.55,297.45,45.0
TXN_002044,2021-06-10,Oct-21,REVATHY LOGANATHAN,MEN5025,MEN5025-KR-XL,XL,Homme,1.0,649.0,649.0,356.95,292.05,45.0
TXN_002050,2021-06-10,Oct-21,REVATHY LOGANATHAN,J0131,J0131-KR-XS,XS,Robe/Jupe,1.0,508.0,508.0,279.4,228.6,45.0
TXN_002042,2021-06-10,Oct-21,REVATHY LOGANATHAN,MEN5028,MEN5028-KR-L,L,Homme,1.0,561.0,561.0,308.55,252.45,45.0
TXN_002046,2021-06-10,Oct-21,REVATHY LOGANATHAN,MEN5001,MEN5001-KR-M.,M,Homme,1.0,536.0,536.0,294.8,241.2,45.0
TXN_002051,2021-06-10,Oct-21,REVATHY LOGANATHAN,J0136,J0136-KR-S,S,Robe/Jupe,1.0,508.0,508.0,279.4,228.6,45.0
TXN_002041,2021-06-10,Oct-21,REVATHY LOGANATHAN,MEN5009,MEN5009-KR-L,L,Homme,1.0,549.0,549.0,301.95,247.05,45.0
TXN_002053,2021-06-10,Oct-21,REVATHY LOGANATHAN,J0131,J0131-KR-XXL,XXL,Robe/Jupe,2.0,508.0,1016.0,558.8,457.2,45.0
TXN_002054,2021-06-10,Oct-21,REVATHY LOGANATHAN,MEN5005,MEN5005-KR-L,L,Homme,1.0,549.0,549.0,301.95,247.05,45.0
TXN_002055,2021-06-10,Oct-21,REVATHY LOGANATHAN,J0230,J0230-SKD-M,M,Robe/Jupe,2.0,1445.0,2890.0,1589.5,1300.5,45.0
TXN_002056,2021-06-10,Oct-21,REVATHY LOGANATHAN,MEN5020,MEN5020-KR-XL,XL,Homme,1.0,536.0,536.0,294.8,241.2,45.0
TXN_002057,2021-06-10,Oct-21,REVATHY LOGANATHAN,MEN5020,MEN5020-KR-XXL,XXL,Homme,1.0,536.0,536.0,294.8,241.2,45.0
TXN_002058,2021-06-10,Oct-21,REVATHY LOGANATHAN,MEN5020,MEN5020-KR-XXXL,XXXL,Homme,1.0,536.0,536.0,294.8,241.2,45.0
TXN_002059,2021-06-10,Oct-21,REVATHY LOGANATHAN,MEN5025,MEN5025-KR-XL,XL,Homme,1.0,649.0,649.0,356.95,292.05,45.0
TXN_002060,2021-06-10,Oct-21,REVATHY LOGANATHAN,MEN5025,MEN5025-KR-XXL,XXL,Homme,1.0,649.0,649.0,356.95,292.05,45.0
TXN_002061,2021-06-10,Oct-21,REVATHY LOGANATHAN,MEN5025,MEN5025-KR-XXXL,XXXL,Homme,1.0,649.0,649.0,356.95,292.05,45.0
TXN_002052,2021-06-10,Oct-21,REVATHY LOGANATHAN,J0138,J0138-KR-XXL,XXL,Robe/Jupe,1.0,735.0,735.0,404.25,330.75,45.0
TXN_002040,2021-06-10,Oct-21,REVATHY LOGANATHAN,MEN5022,MEN5022-KR-XXL,XXL,Homme,2.0,599.0,1198.0,658.9,539.1,45.0
TXN_002024,2021-06-10,Oct-21,DEVY,MEN5007,MEN5007-KR-M,M,Homme,1.0,499.0,499.0,274.45,224.55,45.0
TXN_002038,2021-06-10,Oct-21,REVATHY LOGANATHAN,MEN5006,MEN5006-KR-S,S,Homme,1.0,536.0,536.0,294.8,241.2,45.0
TXN_004490,2021-06-10,Oct-21,REVATHY LOGANATHAN,MEN5025,MEN5025-KR-S,S,Homme,1.0,649.0,649.0,356.95,292.05,45.0
TXN_004491,2021-06-10,Oct-21,REVATHY LOGANATHAN,MEN5011,MEN5011-KR-M,M,Homme,1.0,524.0,524.0,288.2,235.8,45.0
TXN_004492,2021-06-10,Oct-21,REVATHY LOGANATHAN,MEN5006,MEN5006-KR-S,S,Homme,1.0,536.0,536.0,294.8,241.2,45.0
TXN_004493,2021-06-10,Oct-21,REVATHY LOGANATHAN,MEN5022,MEN5022-KR-XL,XL,Homme,1.0,599.0,599.0,329.45,269.55,45.0
TXN_004494,2021-06-10,Oct-21,REVATHY LOGANATHAN,MEN5022,MEN5022-KR-XXL,XXL,Homme,2.0,599.0,1198.0,658.9,539.1,45.0
TXN_004495,2021-06-10,Oct-21,REVATHY LOGANATHAN,MEN5009,MEN5009-KR-L,L,Homme,1.0,549.0,549.0,301.95,247.05,45.0
TXN_004496,2021-06-10,Oct-21,REVATHY LOGANATHAN,MEN5028,MEN5028-KR-L,L,Homme,1.0,561.0,561.0,308.55,252.45,45.0
TXN_004497,2021-06-10,Oct-21,REVATHY LOGANATHAN,MEN5018,MEN5018-KR-XL,XL,Homme,1.0,574.0,574.0,315.7,258.3,45.0
TXN_004498,2021-06-10,Oct-21,REVATHY LOGANATHAN,MEN5025,MEN5025-KR-XL,XL,Homme,1.0,649.0,649.0,356.95,292.05,45.0
TXN_004499,2021-06-10,Oct-21,REVATHY LOGANATHAN,MEN5032,MEN5032-KR-XXXL,XXXL,Homme,1.0,661.0,661.0,363.55,297.45,45.0
TXN_004500,2021-06-10,Oct-21,REVATHY LOGANATHAN,MEN5001,MEN5001-KR-M.,M,Homme,1.0,536.0,536.0,294.8,241.2,45.0
TXN_004501,2021-06-10,Oct-21,REVATHY LOGANATHAN,MEN5032,MEN5032-KR-XL,XL,Homme,1.0,661.0,661.0,363.55,297.45,45.0
TXN_004502,2021-06-10,Oct-21,REVATHY LOGANATHAN,MEN5026,MEN5026-KR-XXL,XXL,Homme,1.0,561.0,561.0,308.55,252.45,45.0
TXN_004503,2021-06-10,Oct-21,REVATHY LOGANATHAN,J0131,J0131-KR-M,M,Robe/Jupe,1.0,508.0,508.0,279.4,228.6,45.0
TXN_004504,2021-06-10,Oct-21,REVATHY LOGANATHAN,J0131,J0131-KR-XS,XS,Robe/Jupe,1.0,508.0,508.0,279.4,228.6,45.0
TXN_004505,2021-06-10,Oct-21,REVATHY LOGANATHAN,J0136,J0136-KR-S,S,Robe/Jupe,1.0,508.0,508.0,279.4,228.6,45.0
TXN_004506,2021-06-10,Oct-21,REVATHY LOGANATHAN,J0138,J0138-KR-XXL,XXL,Robe/Jupe,1.0,735.0,735.0,404.25,330.75,45.0
TXN_004507,2021-06-10,Oct-21,REVATHY LOGANATHAN,J0131,J0131-KR-XXL,XXL,Robe/Jupe,2.0,508.0,1016.0,558.8,457.2,45.0
TXN_004508,2021-06-10,Oct-21,REVATHY LOGANATHAN,MEN5005,MEN5005-KR-L,L,Homme,1.0,549.0,549.0,301.95,247.05,45.0
TXN_004509,2021-06-10,Oct-21,REVATHY LOGANATHAN,J0230,J0230-SKD-M,M,Robe/Jupe,2.0,1445.0,2890.0,1589.5,1300.5,45.0
TXN_004510,2021-06-10,Oct-21,REVATHY LOGANATHAN,MEN5020,MEN5020-KR-XL,XL,Homme,1.0,536.0,536.0,294.8,241.2,45.0
TXN_004511,2021-06-10,Oct-21,REVATHY LOGANATHAN,MEN5020,MEN5020-KR-XXL,XXL,Homme,1.0,536.0,536.0,294.8,241.2,45.0
TXN_004512,2021-06-10,Oct-21,REVATHY LOGANATHAN,MEN5020,MEN5020-KR-XXXL,XXXL,Homme,1.0,536.0,536.0,294.8,241.2,45.0
TXN_004513,2021-06-10,Oct-21,REVATHY LOGANATHAN,MEN5025,MEN5025-KR-XL,XL,Homme,1.0,649.0,649.0,356.95,292.05,45.0
TXN_004514,2021-06-10,Oct-21,REVATHY LOGANATHAN,MEN5025,MEN5025-KR-XXL,XXL,Homme,1.0,649.0,649.0,356.95,292.05,45.0
TXN_004489,2021-06-10,Oct-21,REVATHY LOGANATHAN,MEN5003,MEN5003-KR-M,M,Homme,1.0,524.0,524.0,288.2,235.8,45.0
TXN_004515,2021-06-10,Oct-21,REVATHY LOGANATHAN,MEN5025,MEN5025-KR-XXXL,XXXL,Homme,1.0,649.0,649.0,356.95,292.05,45.0
TXN_004488,2021-06-10,Oct-21,REVATHY LOGANATHAN,MEN5018,MEN5018-KR-M,M,Homme,1.0,574.0,574.0,315.7,258.3,45.0
TXN_004486,2021-06-10,Oct-21,REVATHY LOGANATHAN,MEN5009,MEN5009-KR-L,L,Homme,1.0,549.0,549.0,301.95,247.05,45.0
TXN_004461,2021-06-10,Oct-21,DEVY,JNE3613,JNE3613-KR-XXXL,XXXL,Robe/Jupe,1.0,538.0,538.0,295.9,242.1,45.0
TXN_004462,2021-06-10,Oct-21,DEVY,JNE3613,JNE3613-KR-XXL,XXL,Robe/Jupe,1.0,538.0,538.0,295.9,242.1,45.0
TXN_004463,2021-06-10,Oct-21,DEVY,JNE3613,JNE3613-KR-XL,XL,Robe/Jupe,1.0,538.0,538.0,295.9,242.1,45.0
TXN_004464,2021-06-10,Oct-21,DEVY,JNE3610,JNE3610-KR-L,L,Robe/Jupe,1.0,538.0,538.0,295.9,242.1,45.0
TXN_004465,2021-06-10,Oct-21,DEVY,JNE3610,JNE3610-KR-XL,XL,Robe/Jupe,1.0,538.0,538.0,295.9,242.1,45.0
TXN_004466,2021-06-10,Oct-21,DEVY,JNE3610,JNE3610-KR-XXL,XXL,Robe/Jupe,1.0,538.0,538.0,295.9,242.1,45.0
TXN_004467,2021-06-10,Oct-21,DEVY,JNE3610,JNE3610-KR-XXXL,XXXL,Robe/Jupe,1.0,538.0,538.0,295.9,242.1,45.0
TXN_004468,2021-06-10,Oct-21,DEVY,JNE3560,JNE3560-KR-L,L,Robe/Jupe,1.0,450.0,450.0,247.5,202.5,45.0
TXN_004469,2021-06-10,Oct-21,DEVY,JNE3560,JNE3560-KR-XL,XL,Robe/Jupe,1.0,450.0,450.0,247.5,202.5,45.0
TXN_004470,2021-06-10,Oct-21,DEVY,JNE3616,JNE3616-KR-XXXL,XXXL,Robe/Jupe,1.0,538.0,538.0,295.9,242.1,45.0
TXN_004471,2021-06-10,Oct-21,DEVY,JNE3637,JNE3637-KR-L,L,Robe/Jupe,1.0,681.0,681.0,374.55,306.45,45.0
TXN_004472,2021-06-10,Oct-21,DEVY,JNE3637,JNE3637-KR-XL,XL,Robe/Jupe,1.0,681.0,681.0,374.55,306.45,45.0
TXN_004473,2021-06-10,Oct-21,DEVY,JNE3581,JNE3581-KR-L,L,Robe/Jupe,1.0,619.0,619.0,340.45,278.55,45.0
TXN_004474,2021-06-10,Oct-21,DEVY,JNE3581,JNE3581-KR-XL,XL,Robe/Jupe,1.0,619.0,619.0,340.45,278.55,45.0
TXN_004475,2021-06-10,Oct-21,DEVY,JNE3581,JNE3581-KR-XXL,XXL,Robe/Jupe,1.0,619.0,619.0,340.45,278.55,45.0
TXN_004476,2021-06-10,Oct-21,DEVY,MEN5007,MEN5007-KR-L,L,Homme,1.0,499.0,499.0,274.45,224.55,45.0
TXN_004477,2021-06-10,Oct-21,DEVY,MEN5007,MEN5007-KR-XL,XL,Homme,1.0,499.0,499.0,274.45,224.55,45.0
TXN_004478,2021-06-10,Oct-21,DEVY,MEN5007,MEN5007-KR-M,M,Homme,1.0,499.0,499.0,274.45,224.55,45.0
TXN_004479,2021-06-10,Oct-21,DEVY,MEN5007,MEN5007-KR-XXXL,XXXL,Homme,1.0,499.0,499.0,274.45,224.55,45.0
TXN_004480,2021-06-10,Oct-21,DEVY,MEN5032,MEN5032-KR-XL,XL,Homme,1.0,661.0,661.0,363.55,297.45,45.0
TXN_004481,2021-06-10,Oct-21,DEVY,MEN5004,MEN5004-KR-XL,XL,Homme,1.0,586.0,586.0,322.3,263.7,45.0
TXN_004482,2021-06-10,Oct-21,DEVY,MEN5006,MEN5006-KR-XL,XL,Homme,1.0,536.0,536.0,294.8,241.2,45.0
TXN_004483,2021-06-10,Oct-21,DEVY,MEN5032,MEN5032-KR-S,S,Homme,1.0,661.0,661.0,363.55,297.45,45.0
TXN_004484,2021-06-10,Oct-21,DEVY,MEN5022,MEN5022-KR-XL,XL,Homme,1.0,599.0,599.0,329.45,269.55,45.0
TXN_004485,2021-06-10,Oct-21,DEVY,MEN5018,MEN5018-KR-XL,XL,Homme,1.0,574.0,574.0,315.7,258.3,45.0
TXN_004487,2021-06-10,Oct-21,REVATHY LOGANATHAN,MEN5019,MEN5019-KR-S,S,Homme,1.0,561.0,561.0,308.55,252.45,45.0
TXN_002039,2021-06-10,Oct-21,REVATHY LOGANATHAN,MEN5022,MEN5022-KR-XL,XL,Homme,1.0,599.0,599.0,329.45,269.55,45.0
TXN_002015,2021-06-10,Oct-21,DEVY,JNE3560,JNE3560-KR-XL,XL,Robe/Jupe,1.0,450.0,450.0,247.5,202.5,45.0
TXN_002016,2021-06-10,Oct-21,DEVY,JNE3616,JNE3616-KR-XXXL,XXXL,Robe/Jupe,1.0,538.0,538.0,295.9,242.1,45.0
TXN_002007,2021-06-10,Oct-21,DEVY,JNE3613,JNE3613-KR-XXXL,XXXL,Robe/Jupe,1.0,538.0,538.0,295.9,242.1,45.0
TXN_002008,2021-06-10,Oct-21,DEVY,JNE3613,JNE3613-KR-XXL,XXL,Robe/Jupe,1.0,538.0,538.0,295.9,242.1,45.0
TXN_002009,2021-06-10,Oct-21,DEVY,JNE3613,JNE3613-KR-XL,XL,Robe/Jupe,1.0,538.0,538.0,295.9,242.1,45.0
TXN_002010,2021-06-10,Oct-21,DEVY,JNE3610,JNE3610-KR-L,L,Robe/Jupe,1.0,538.0,538.0,295.9,242.1,45.0
TXN_002011,2021-06-10,Oct-21,DEVY,JNE3610,JNE3610-KR-XL,XL,Robe/Jupe,1.0,538.0,538.0,295.9,242.1,45.0
TXN_002012,2021-06-10,Oct-21,DEVY,JNE3610,JNE3610-KR-XXL,XXL,Robe/Jupe,1.0,538.0,538.0,295.9,242.1,45.0
TXN_002013,2021-06-10,Oct-21,DEVY,JNE3610,JNE3610-KR-XXXL,XXXL,Robe/Jupe,1.0,538.0,538.0,295.9,242.1,45.0
TXN_002014,2021-06-10,Oct-21,DEVY,JNE3560,JNE3560-KR-L,L,Robe/Jupe,1.0,450.0,450.0,247.5,202.5,45.0
TXN_002017,2021-06-10,Oct-21,DEVY,JNE3637,JNE3637-KR-L,L,Robe/Jupe,1.0,681.0,681.0,374.55,306.45,45.0
TXN_002018,2021-06-10,Oct-21,DEVY,JNE3637,JNE3637-KR-XL,XL,Robe/Jupe,1.0,681.0,681.0,374.55,306.45,45.0
TXN_002019,2021-06-10,Oct-21,DEVY,JNE3581,JNE3581-KR-L,L,Robe/Jupe,1.0,619.0,619.0,340.45,278.55,45.0
TXN_002020,2021-06-10,Oct-21,DEVY,JNE3581,JNE3581-KR-XL,XL,Robe/Jupe,1.0,619.0,619.0,340.45,278.55,45.0
TXN_002022,2021-06-10,Oct-21,DEVY,MEN5007,MEN5007-KR-L,L,Homme,1.0,499.0,499.0,274.45,224.55,45.0
TXN_002023,2021-06-10,Oct-21,DEVY,MEN5007,MEN5007-KR-XL,XL,Homme,1.0,499.0,499.0,274.45,224.55,45.0
TXN_002021,2021-06-10,Oct-21,DEVY,JNE3581,JNE3581-KR-XXL,XXL,Robe/Jupe,1.0,619.0,619.0,340.45,278.55,45.0
TXN_002026,2021-06-10,Oct-21,DEVY,MEN5032,MEN5032-KR-XL,XL,Homme,1.0,661.0,661.0,363.55,297.45,45.0
TXN_002037,2021-06-10,Oct-21,REVATHY LOGANATHAN,MEN5011,MEN5011-KR-M,M,Homme,1.0,524.0,524.0,288.2,235.8,45.0
TXN_002036,2021-06-10,Oct-21,REVATHY LOGANATHAN,MEN5025,MEN5025-KR-S,S,Homme,1.0,649.0,649.0,356.95,292.05,45.0
TXN_002035,2021-06-10,Oct-21,REVATHY LOGANATHAN,MEN5003,MEN5003-KR-M,M,Homme,1.0,524.0,524.0,288.2,235.8,45.0
TXN_002034,2021-06-10,Oct-21,REVATHY LOGANATHAN,MEN5018,MEN5018-KR-M,M,Homme,1.0,574.0,574.0,315.7,258.3,45.0
TXN_002025,2021-06-10,Oct-21,DEVY,MEN5007,MEN5007-KR-XXXL,XXXL,Homme,1.0,499.0,499.0,274.45,224.55,45.0
TXN_002032,2021-06-10,Oct-21,REVATHY LOGANATHAN,MEN5009,MEN5009-KR-L,L,Homme,1.0,549.0,549.0,301.95,247.05,45.0
TXN_002033,2021-06-10,Oct-21,REVATHY LOGANATHAN,MEN5019,MEN5019-KR-S,S,Homme,1.0,561.0,561.0,308.55,252.45,45.0
TXN_002030,2021-06-10,Oct-21,DEVY,MEN5022,MEN5022-KR-XL,XL,Homme,1.0,599.0,599.0,329.45,269.55,45.0
TXN_002029,2021-06-10,Oct-21,DEVY,MEN5032,MEN5032-KR-S,S,Homme,1.0,661.0,661.0,363.55,297.45,45.0
TXN_002028,2021-06-10,Oct-21,DEVY,MEN5006,MEN5006-KR-XL,XL,Homme,1.0,536.0,536.0,294.8,241.2,45.0
TXN_002027,2021-06-10,Oct-21,DEVY,MEN5004,MEN5004-KR-XL,XL,Homme,1.0,586.0,586.0,322.3,263.7,45.0
TXN_002031,2021-06-10,Oct-21,DEVY,MEN5018,MEN5018-KR-XL,XL,Homme,1.0,574.0,574.0,315.7,258.3,45.0
TXN_002818,2021-06-12,Dec-21,PUNITHAVATHY KARUPIAH,SET144,SET144-KR-NP-M,M,Ensemble,1.0,925.0,925.0,508.75,416.25,45.0
TXN_002814,2021-06-12,Dec-21,PUNITHAVATHY KARUPIAH,SET038,SET038-KR-PP-M,M,Ensemble,1.0,775.0,775.0,426.25,348.75,45.0
TXN_002819,2021-06-12,Dec-21,PUNITHAVATHY KARUPIAH,SET144,SET144-KR-NP-S,S,Ensemble,1.0,925.0,925.0,508.75,416.25,45.0
TXN_002817,2021-06-12,Dec-21,PUNITHAVATHY KARUPIAH,SET144,SET144-KR-NP-L,L,Ensemble,1.0,925.0,925.0,508.75,416.25,45.0
TXN_002816,2021-06-12,Dec-21,PUNITHAVATHY KARUPIAH,SET038,SET038-KR-PP-XL,XL,Ensemble,1.0,775.0,775.0,426.25,348.75,45.0
TXN_002815,2021-06-12,Dec-21,PUNITHAVATHY KARUPIAH,SET038,SET038-KR-PP-S,S,Ensemble,1.0,775.0,775.0,426.25,348.75,45.0
TXN_002813,2021-06-12,Dec-21,PUNITHAVATHY KARUPIAH,SET038,SET038-KR-PP-L,L,Ensemble,1.0,775.0,775.0,426.25,348.75,45.0
TXN_002836,2021-06-12,Dec-21,PUNITHAVATHY KARUPIAH,SET328,SET328-KR-NP-M,M,Ensemble,1.0,650.0,650.0,357.5,292.5,45.0
TXN_002811,2021-06-12,Dec-21,PUNITHAVATHY KARUPIAH,JNE3762,JNE3762-KR-XL,XL,Robe/Jupe,1.0,588.0,588.0,323.4,264.6,45.0
TXN_002810,2021-06-12,Dec-21,PUNITHAVATHY KARUPIAH,JNE3762,JNE3762-KR-S,S,Robe/Jupe,1.0,588.0,588.0,323.4,264.6,45.0
TXN_002809,2021-06-12,Dec-21,PUNITHAVATHY KARUPIAH,JNE3762,JNE3762-KR-M,M,Robe/Jupe,1.0,588.0,588.0,323.4,264.6,45.0
TXN_002808,2021-06-12,Dec-21,PUNITHAVATHY KARUPIAH,JNE3762,JNE3762-KR-L,L,Robe/Jupe,1.0,588.0,588.0,323.4,264.6,45.0
TXN_002820,2021-06-12,Dec-21,PUNITHAVATHY KARUPIAH,SET144,SET144-KR-NP-XL,XL,Ensemble,1.0,925.0,925.0,508.75,416.25,45.0
TXN_005291,2021-06-12,Dec-21,PUNITHAVATHY KARUPIAH,SET328,SET328-KR-NP-S,S,Ensemble,1.0,650.0,650.0,357.5,292.5,45.0
TXN_002812,2021-06-12,Dec-21,PUNITHAVATHY KARUPIAH,JNE3762,JNE3762-KR-XXL,XXL,Robe/Jupe,1.0,588.0,588.0,323.4,264.6,45.0
TXN_002835,2021-06-12,Dec-21,PUNITHAVATHY KARUPIAH,SET328,SET328-KR-NP-L,L,Ensemble,1.0,650.0,650.0,357.5,292.5,45.0
TXN_002821,2021-06-12,Dec-21,PUNITHAVATHY KARUPIAH,SET147,SET147-KR-NP-L,L,Ensemble,1.0,925.0,925.0,508.75,416.25,45.0
TXN_002823,2021-06-12,Dec-21,PUNITHAVATHY KARUPIAH,SET147,SET147-KR-NP-S,S,Ensemble,1.0,925.0,925.0,508.75,416.25,45.0
TXN_005277,2021-06-12,Dec-21,PUNITHAVATHY KARUPIAH,SET147,SET147-KR-NP-S,S,Ensemble,1.0,925.0,925.0,508.75,416.25,45.0
TXN_005276,2021-06-12,Dec-21,PUNITHAVATHY KARUPIAH,SET147,SET147-KR-NP-M,M,Ensemble,1.0,925.0,925.0,508.75,416.25,45.0
TXN_005275,2021-06-12,Dec-21,PUNITHAVATHY KARUPIAH,SET147,SET147-KR-NP-L,L,Ensemble,1.0,925.0,925.0,508.75,416.25,45.0
TXN_002834,2021-06-12,Dec-21,PUNITHAVATHY KARUPIAH,SET295,SET295-KR-NP-XXL,XXL,Ensemble,1.0,850.0,850.0,467.5,382.5,45.0
TXN_005273,2021-06-12,Dec-21,PUNITHAVATHY KARUPIAH,SET144,SET144-KR-NP-S,S,Ensemble,1.0,925.0,925.0,508.75,416.25,45.0
TXN_005272,2021-06-12,Dec-21,PUNITHAVATHY KARUPIAH,SET144,SET144-KR-NP-M,M,Ensemble,1.0,925.0,925.0,508.75,416.25,45.0
TXN_005271,2021-06-12,Dec-21,PUNITHAVATHY KARUPIAH,SET144,SET144-KR-NP-L,L,Ensemble,1.0,925.0,925.0,508.75,416.25,45.0
TXN_005270,2021-06-12,Dec-21,PUNITHAVATHY KARUPIAH,SET038,SET038-KR-PP-XL,XL,Ensemble,1.0,775.0,775.0,426.25,348.75,45.0
TXN_005269,2021-06-12,Dec-21,PUNITHAVATHY KARUPIAH,SET038,SET038-KR-PP-S,S,Ensemble,1.0,775.0,775.0,426.25,348.75,45.0
TXN_005268,2021-06-12,Dec-21,PUNITHAVATHY KARUPIAH,SET038,SET038-KR-PP-M,M,Ensemble,1.0,775.0,775.0,426.25,348.75,45.0
TXN_005267,2021-06-12,Dec-21,PUNITHAVATHY KARUPIAH,SET038,SET038-KR-PP-L,L,Ensemble,1.0,775.0,775.0,426.25,348.75,45.0
TXN_005266,2021-06-12,Dec-21,PUNITHAVATHY KARUPIAH,JNE3762,JNE3762-KR-XXL,XXL,Robe/Jupe,1.0,588.0,588.0,323.4,264.6,45.0
TXN_005265,2021-06-12,Dec-21,PUNITHAVATHY KARUPIAH,JNE3762,JNE3762-KR-XL,XL,Robe/Jupe,1.0,588.0,588.0,323.4,264.6,45.0
TXN_005264,2021-06-12,Dec-21,PUNITHAVATHY KARUPIAH,JNE3762,JNE3762-KR-S,S,Robe/Jupe,1.0,588.0,588.0,323.4,264.6,45.0
TXN_005263,2021-06-12,Dec-21,PUNITHAVATHY KARUPIAH,JNE3762,JNE3762-KR-M,M,Robe/Jupe,1.0,588.0,588.0,323.4,264.6,45.0
TXN_005262,2021-06-12,Dec-21,PUNITHAVATHY KARUPIAH,JNE3762,JNE3762-KR-L,L,Robe/Jupe,1.0,588.0,588.0,323.4,264.6,45.0
TXN_002839,2021-06-12,Dec-21,PUNITHAVATHY KARUPIAH,SET328,SET328-KR-NP-XXL,XXL,Ensemble,1.0,650.0,650.0,357.5,292.5,45.0
TXN_002838,2021-06-12,Dec-21,PUNITHAVATHY KARUPIAH,SET328,SET328-KR-NP-XL,XL,Ensemble,1.0,650.0,650.0,357.5,292.5,45.0
TXN_002837,2021-06-12,Dec-21,PUNITHAVATHY KARUPIAH,SET328,SET328-KR-NP-S,S,Ensemble,1.0,650.0,650.0,357.5,292.5,45.0
TXN_005278,2021-06-12,Dec-21,PUNITHAVATHY KARUPIAH,SET147,SET147-KR-NP-XXL,XXL,Ensemble,1.0,925.0,925.0,508.75,416.25,45.0
TXN_002822,2021-06-12,Dec-21,PUNITHAVATHY KARUPIAH,SET147,SET147-KR-NP-M,M,Ensemble,1.0,925.0,925.0,508.75,416.25,45.0
TXN_005279,2021-06-12,Dec-21,PUNITHAVATHY KARUPIAH,SET243,SET243-KR-PP-L,L,Ensemble,1.0,698.0,698.0,383.9,314.1,45.0
TXN_005281,2021-06-12,Dec-21,PUNITHAVATHY KARUPIAH,SET243,SET243-KR-PP-S,S,Ensemble,1.0,698.0,698.0,383.9,314.1,45.0
TXN_002824,2021-06-12,Dec-21,PUNITHAVATHY KARUPIAH,SET147,SET147-KR-NP-XXL,XXL,Ensemble,1.0,925.0,925.0,508.75,416.25,45.0
TXN_002825,2021-06-12,Dec-21,PUNITHAVATHY KARUPIAH,SET243,SET243-KR-PP-L,L,Ensemble,1.0,698.0,698.0,383.9,314.1,45.0
TXN_002826,2021-06-12,Dec-21,PUNITHAVATHY KARUPIAH,SET243,SET243-KR-PP-M,M,Ensemble,1.0,698.0,698.0,383.9,314.1,45.0
TXN_002827,2021-06-12,Dec-21,PUNITHAVATHY KARUPIAH,SET243,SET243-KR-PP-S,S,Ensemble,1.0,698.0,698.0,383.9,314.1,45.0
TXN_002828,2021-06-12,Dec-21,PUNITHAVATHY KARUPIAH,SET243,SET243-KR-PP-XL,XL,Ensemble,1.0,698.0,698.0,383.9,314.1,45.0
TXN_002829,2021-06-12,Dec-21,PUNITHAVATHY KARUPIAH,SET243,SET243-KR-PP-XXL,XXL,Ensemble,1.0,698.0,698.0,383.9,314.1,45.0
TXN_002830,2021-06-12,Dec-21,PUNITHAVATHY KARUPIAH,SET295,SET295-KR-NP-L,L,Ensemble,1.0,850.0,850.0,467.5,382.5,45.0
TXN_002831,2021-06-12,Dec-21,PUNITHAVATHY KARUPIAH,SET295,SET295-KR-NP-M,M,Ensemble,1.0,850.0,850.0,467.5,382.5,45.0
TXN_002832,2021-06-12,Dec-21,PUNITHAVATHY KARUPIAH,SET295,SET295-KR-NP-S,S,Ensemble,1.0,850.0,850.0,467.5,382.5,45.0
TXN_002833,2021-06-12,Dec-21,PUNITHAVATHY KARUPIAH,SET295,SET295-KR-NP-XL,XL,Ensemble,1.0,850.0,850.0,467.5,382.5,45.0
TXN_005290,2021-06-12,Dec-21,PUNITHAVATHY KARUPIAH,SET328,SET328-KR-NP-M,M,Ensemble,1.0,650.0,650.0,357.5,292.5,45.0
TXN_005289,2021-06-12,Dec-21,PUNITHAVATHY KARUPIAH,SET328,SET328-KR-NP-L,L,Ensemble,1.0,650.0,650.0,357.5,292.5,45.0
TXN_005288,2021-06-12,Dec-21,PUNITHAVATHY KARUPIAH,SET295,SET295-KR-NP-XXL,XXL,Ensemble,1.0,850.0,850.0,467.5,382.5,45.0
TXN_005287,2021-06-12,Dec-21,PUNITHAVATHY KARUPIAH,SET295,SET295-KR-NP-XL,XL,Ensemble,1.0,850.0,850.0,467.5,382.5,45.0
TXN_005286,2021-06-12,Dec-21,PUNITHAVATHY KARUPIAH,SET295,SET295-KR-NP-S,S,Ensemble,1.0,850.0,850.0,467.5,382.5,45.0
TXN_005285,2021-06-12,Dec-21,PUNITHAVATHY KARUPIAH,SET295,SET295-KR-NP-M,M,Ensemble,1.0,850.0,850.0,467.5,382.5,45.0
TXN_005284,2021-06-12,Dec-21,PUNITHAVATHY KARUPIAH,SET295,SET295-KR-NP-L,L,Ensemble,1.0,850.0,850.0,467.5,382.5,45.0
TXN_005283,2021-06-12,Dec-21,PUNITHAVATHY KARUPIAH,SET243,SET243-KR-PP-XXL,XXL,Ensemble,1.0,698.0,698.0,383.9,314.1,45.0
TXN_005282,2021-06-12,Dec-21,PUNITHAVATHY KARUPIAH,SET243,SET243-KR-PP-XL,XL,Ensemble,1.0,698.0,698.0,383.9,314.1,45.0
TXN_005280,2021-06-12,Dec-21,PUNITHAVATHY KARUPIAH,SET243,SET243-KR-PP-M,M,Ensemble,1.0,698.0,698.0,383.9,314.1,45.0
TXN_005274,2021-06-12,Dec-21,PUNITHAVATHY KARUPIAH,SET144,SET144-KR-NP-XL,XL,Ensemble,1.0,925.0,925.0,508.75,416.25,45.0
TXN_005293,2021-06-12,Dec-21,PUNITHAVATHY KARUPIAH,SET328,SET328-KR-NP-XXL,XXL,Ensemble,1.0,650.0,650.0,357.5,292.5,45.0
TXN_005292,2021-06-12,Dec-21,PUNITHAVATHY KARUPIAH,SET328,SET328-KR-NP-XL,XL,Ensemble,1.0,650.0,650.0,357.5,292.5,45.0
TXN_001308,2021-07-08,Aug-21,VINODHA PUSPANATHAN,MEN5007,MEN5007-KR-XXXL,XXXL,Homme,1.0,561.25,561.0,308.69,252.31,44.98
TXN_001341,2021-07-08,Aug-21,VINODHA PUSPANATHAN,MEN5031,MEN5031-KR-XL,XL,Homme,1.0,636.25,636.0,349.94,286.06,44.98
TXN_001339,2021-07-08,Aug-21,VINODHA PUSPANATHAN,MEN5031,MEN5031-KR-M,M,Homme,1.0,636.25,636.0,349.94,286.06,44.98
TXN_001338,2021-07-08,Aug-21,VINODHA PUSPANATHAN,MEN5031,MEN5031-KR-S,S,Homme,1.0,636.25,636.0,349.94,286.06,44.98
TXN_001337,2021-07-08,Aug-21,VINODHA PUSPANATHAN,MEN5001,MEN5001-KR-XXXL,XXXL,Homme,1.0,598.75,599.0,329.31,269.69,45.02
TXN_001336,2021-07-08,Aug-21,VINODHA PUSPANATHAN,MEN5001,MEN5001-KR-XXL,XXL,Homme,1.0,598.75,599.0,329.31,269.69,45.02
TXN_001335,2021-07-08,Aug-21,VINODHA PUSPANATHAN,MEN5001,MEN5001-KR-XL,XL,Homme,1.0,598.75,599.0,329.31,269.69,45.02
TXN_001334,2021-07-08,Aug-21,VINODHA PUSPANATHAN,MEN5001,MEN5001-KR-L,L,Homme,1.0,598.75,599.0,329.31,269.69,45.02
TXN_001333,2021-07-08,Aug-21,VINODHA PUSPANATHAN,MEN5001,MEN5001-KR-M.,M,Homme,1.0,598.75,599.0,329.31,269.69,45.02
TXN_001332,2021-07-08,Aug-21,VINODHA PUSPANATHAN,MEN5001,MEN5001-KR-S,S,Homme,1.0,598.75,599.0,329.31,269.69,45.02
TXN_001331,2021-07-08,Aug-21,VINODHA PUSPANATHAN,MEN5024,MEN5024-KR-XXXL,XXXL,Homme,1.0,598.75,599.0,329.31,269.69,45.02
TXN_001330,2021-07-08,Aug-21,VINODHA PUSPANATHAN,MEN5024,MEN5024-KR-XXL,XXL,Homme,1.0,598.75,599.0,329.31,269.69,45.02
TXN_001329,2021-07-08,Aug-21,VINODHA PUSPANATHAN,MEN5024,MEN5024-KR-L,L,Homme,1.0,598.75,599.0,329.31,269.69,45.02
TXN_001328,2021-07-08,Aug-21,VINODHA PUSPANATHAN,MEN5024,MEN5024-KR-M,M,Homme,1.0,598.75,599.0,329.31,269.69,45.02
TXN_001327,2021-07-08,Aug-21,VINODHA PUSPANATHAN,MEN5024,MEN5024-KR-S,S,Homme,1.0,598.75,599.0,329.31,269.69,45.02
TXN_001326,2021-07-08,Aug-21,VINODHA PUSPANATHAN,MEN5019,MEN5019-KR-XXXL,XXXL,Homme,2.0,598.75,1198.0,658.62,539.38,45.02
TXN_001342,2021-07-08,Aug-21,VINODHA PUSPANATHAN,MEN5031,MEN5031-KR-XXL,XXL,Homme,1.0,636.25,636.0,349.94,286.06,44.98
TXN_001343,2021-07-08,Aug-21,VINODHA PUSPANATHAN,MEN5031,MEN5031-KR-XXXL,XXXL,Homme,1.0,636.25,636.0,349.94,286.06,44.98
TXN_001344,2021-07-08,Aug-21,VINODHA PUSPANATHAN,MEN5021,MEN5021-KR-S,S,Homme,1.0,636.25,636.0,349.94,286.06,44.98
TXN_001345,2021-07-08,Aug-21,VINODHA PUSPANATHAN,MEN5021,MEN5021-KR-M,M,Homme,1.0,636.25,636.0,349.94,286.06,44.98
TXN_001360,2021-07-08,Aug-21,VINODHA PUSPANATHAN,MEN5003,MEN5003-KR-L,L,Homme,1.0,561.25,561.0,308.69,252.31,44.98
TXN_001359,2021-07-08,Aug-21,VINODHA PUSPANATHAN,MEN5031,MEN5031-KR-L,L,Homme,1.0,636.25,636.0,349.94,286.06,44.98
TXN_001358,2021-07-08,Aug-21,VINODHA PUSPANATHAN,MEN5016,MEN5016-KR-L,L,Homme,1.0,598.75,599.0,329.31,269.69,45.02
TXN_001357,2021-07-08,Aug-21,VINODHA PUSPANATHAN,MEN5031,MEN5031-KR-XL,XL,Homme,1.0,636.25,636.0,349.94,286.06,44.98
TXN_001356,2021-07-08,Aug-21,VINODHA PUSPANATHAN,MEN5027,MEN5027-KR-XL,XL,Homme,1.0,561.25,561.0,308.69,252.31,44.98
TXN_001355,2021-07-08,Aug-21,VINODHA PUSPANATHAN,MEN5007,MEN5007-KR-XL,XL,Homme,1.0,561.25,561.0,308.69,252.31,44.98
TXN_001354,2021-07-08,Aug-21,VINODHA PUSPANATHAN,MEN5026,MEN5026-KR-XXXL,XXXL,Homme,1.0,598.75,599.0,329.31,269.69,45.02
TXN_001353,2021-07-08,Aug-21,VINODHA PUSPANATHAN,MEN5026,MEN5026-KR-XXL,XXL,Homme,1.0,598.75,599.0,329.31,269.69,45.02
TXN_001352,2021-07-08,Aug-21,VINODHA PUSPANATHAN,MEN5026,MEN5026-KR-L,L,Homme,1.0,598.75,599.0,329.31,269.69,45.02
TXN_001351,2021-07-08,Aug-21,VINODHA PUSPANATHAN,MEN5026,MEN5026-KR-M,M,Homme,1.0,598.75,599.0,329.31,269.69,45.02
TXN_001350,2021-07-08,Aug-21,VINODHA PUSPANATHAN,MEN5026,MEN5026-KR-S,S,Homme,1.0,598.75,599.0,329.31,269.69,45.02
TXN_001349,2021-07-08,Aug-21,VINODHA PUSPANATHAN,MEN5021,MEN5021-KR-XXXL,XXXL,Homme,1.0,636.25,636.0,349.94,286.06,44.98
TXN_001348,2021-07-08,Aug-21,VINODHA PUSPANATHAN,MEN5021,MEN5021-KR-XXL,XXL,Homme,1.0,636.25,636.0,349.94,286.06,44.98
TXN_001347,2021-07-08,Aug-21,VINODHA PUSPANATHAN,MEN5021,MEN5021-KR-XL,XL,Homme,1.0,636.25,636.0,349.94,286.06,44.98
TXN_001346,2021-07-08,Aug-21,VINODHA PUSPANATHAN,MEN5021,MEN5021-KR-L,L,Homme,1.0,636.25,636.0,349.94,286.06,44.98
TXN_001325,2021-07-08,Aug-21,VINODHA PUSPANATHAN,MEN5019,MEN5019-KR-XXL,XXL,Homme,2.0,598.75,1198.0,658.62,539.38,45.02
TXN_001324,2021-07-08,Aug-21,VINODHA PUSPANATHAN,MEN5019,MEN5019-KR-XL,XL,Homme,2.0,598.75,1198.0,658.62,539.38,45.02
TXN_001323,2021-07-08,Aug-21,VINODHA PUSPANATHAN,MEN5019,MEN5019-KR-L,L,Homme,2.0,598.75,1198.0,658.62,539.38,45.02
TXN_001322,2021-07-08,Aug-21,VINODHA PUSPANATHAN,MEN5019,MEN5019-KR-M.,M,Homme,2.0,598.75,1198.0,658.62,539.38,45.02
TXN_001301,2021-07-08,Aug-21,VINODHA PUSPANATHAN,MEN5027,MEN5027-KR-XXL,XXL,Homme,1.0,561.25,561.0,308.69,252.31,44.98
TXN_001300,2021-07-08,Aug-21,VINODHA PUSPANATHAN,MEN5027,MEN5027-KR-XL,XL,Homme,1.0,561.25,561.0,308.69,252.31,44.98
TXN_001299,2021-07-08,Aug-21,VINODHA PUSPANATHAN,MEN5027,MEN5027-KR-L,L,Homme,1.0,561.25,561.0,308.69,252.31,44.98
TXN_001298,2021-07-08,Aug-21,VINODHA PUSPANATHAN,MEN5027,MEN5027-KR-M,M,Homme,1.0,561.25,561.0,308.69,252.31,44.98
TXN_001297,2021-07-08,Aug-21,VINODHA PUSPANATHAN,MEN5027,MEN5027-KR-S,S,Homme,1.0,561.25,561.0,308.69,252.31,44.98
TXN_001296,2021-07-08,Aug-21,VINODHA PUSPANATHAN,MEN5003,MEN5003-KR-XXXL,XXXL,Homme,1.0,561.25,561.0,308.69,252.31,44.98
TXN_001295,2021-07-08,Aug-21,VINODHA PUSPANATHAN,MEN5003,MEN5003-KR-XXL,XXL,Homme,1.0,561.25,561.0,308.69,252.31,44.98
TXN_001294,2021-07-08,Aug-21,VINODHA PUSPANATHAN,MEN5003,MEN5003-KR-XL,XL,Homme,1.0,561.25,561.0,308.69,252.31,44.98
TXN_001293,2021-07-08,Aug-21,VINODHA PUSPANATHAN,MEN5003,MEN5003-KR-L,L,Homme,1.0,561.25,561.0,308.69,252.31,44.98
TXN_001292,2021-07-08,Aug-21,VINODHA PUSPANATHAN,MEN5003,MEN5003-KR-M,M,Homme,1.0,561.25,561.0,308.69,252.31,44.98
TXN_001291,2021-07-08,Aug-21,VINODHA PUSPANATHAN,MEN5003,MEN5003-KR-S,S,Homme,1.0,561.25,561.0,308.69,252.31,44.98
TXN_001290,2021-07-08,Aug-21,VINODHA PUSPANATHAN,MEN5013,MEN5013-KR-XXXL,XXXL,Homme,1.0,598.75,599.0,329.31,269.69,45.02
TXN_001289,2021-07-08,Aug-21,VINODHA PUSPANATHAN,MEN5013,MEN5013-KR-XXL,XXL,Homme,1.0,598.75,599.0,329.31,269.69,45.02
TXN_001288,2021-07-08,Aug-21,VINODHA PUSPANATHAN,MEN5013,MEN5013-KR-M,M,Homme,1.0,598.75,599.0,329.31,269.69,45.02
TXN_001287,2021-07-08,Aug-21,VINODHA PUSPANATHAN,MEN5013,MEN5013-KR-S,S,Homme,1.0,598.75,599.0,329.31,269.69,45.02
TXN_001302,2021-07-08,Aug-21,VINODHA PUSPANATHAN,MEN5027,MEN5027-KR-XXXL,XXXL,Homme,1.0,561.25,561.0,308.69,252.31,44.98
TXN_001361,2021-07-08,Aug-21,VINODHA PUSPANATHAN,MEN5026,MEN5026-KR-L,L,Homme,1.0,598.75,599.0,329.31,269.69,45.02
TXN_001303,2021-07-08,Aug-21,VINODHA PUSPANATHAN,MEN5007,MEN5007-KR-S,S,Homme,1.0,561.25,561.0,308.69,252.31,44.98
TXN_001305,2021-07-08,Aug-21,VINODHA PUSPANATHAN,MEN5007,MEN5007-KR-L,L,Homme,1.0,561.25,561.0,308.69,252.31,44.98
TXN_001321,2021-07-08,Aug-21,VINODHA PUSPANATHAN,MEN5019,MEN5019-KR-S,S,Homme,2.0,598.75,1198.0,658.62,539.38,45.02
TXN_001320,2021-07-08,Aug-21,VINODHA PUSPANATHAN,MEN5016,MEN5016-KR-XXXL,XXXL,Homme,1.0,598.75,599.0,329.31,269.69,45.02
TXN_001319,2021-07-08,Aug-21,VINODHA PUSPANATHAN,MEN5016,MEN5016-KR-XXL,XXL,Homme,1.0,598.75,599.0,329.31,269.69,45.02
TXN_001318,2021-07-08,Aug-21,VINODHA PUSPANATHAN,MEN5016,MEN5016-KR-XL,XL,Homme,1.0,598.75,599.0,329.31,269.69,45.02
TXN_001317,2021-07-08,Aug-21,VINODHA PUSPANATHAN,MEN5016,MEN5016-KR-L,L,Homme,1.0,598.75,599.0,329.31,269.69,45.02
TXN_001316,2021-07-08,Aug-21,VINODHA PUSPANATHAN,MEN5016,MEN5016-KR-M,M,Homme,1.0,598.75,599.0,329.31,269.69,45.02
TXN_001315,2021-07-08,Aug-21,VINODHA PUSPANATHAN,MEN5016,MEN5016-KR-S,S,Homme,1.0,598.75,599.0,329.31,269.69,45.02
TXN_001314,2021-07-08,Aug-21,VINODHA PUSPANATHAN,MEN5029,MEN5029-KR-XXXL,XXXL,Homme,1.0,561.25,561.0,308.69,252.31,44.98
TXN_001313,2021-07-08,Aug-21,VINODHA PUSPANATHAN,MEN5029,MEN5029-KR-XXL,XXL,Homme,1.0,561.25,561.0,308.69,252.31,44.98
TXN_001312,2021-07-08,Aug-21,VINODHA PUSPANATHAN,MEN5029,MEN5029-KR-XL,XL,Homme,1.0,561.25,561.0,308.69,252.31,44.98
TXN_001311,2021-07-08,Aug-21,VINODHA PUSPANATHAN,MEN5029,MEN5029-KR-L,L,Homme,1.0,561.25,561.0,308.69,252.31,44.98
TXN_001310,2021-07-08,Aug-21,VINODHA PUSPANATHAN,MEN5029,MEN5029-KR-M,M,Homme,1.0,561.25,561.0,308.69,252.31,44.98
TXN_001309,2021-07-08,Aug-21,VINODHA PUSPANATHAN,MEN5029,MEN5029-KR-S,S,Homme,1.0,561.25,561.0,308.69,252.31,44.98
TXN_001307,2021-07-08,Aug-21,VINODHA PUSPANATHAN,MEN5007,MEN5007-KR-XXL,XXL,Homme,1.0,561.25,561.0,308.69,252.31,44.98
TXN_001306,2021-07-08,Aug-21,VINODHA PUSPANATHAN,MEN5007,MEN5007-KR-XL,XL,Homme,1.0,561.25,561.0,308.69,252.31,44.98
TXN_001304,2021-07-08,Aug-21,VINODHA PUSPANATHAN,MEN5007,MEN5007-KR-M,M,Homme,1.0,561.25,561.0,308.69,252.31,44.98
TXN_001362,2021-07-08,Aug-21,VINODHA PUSPANATHAN,MEN5019,MEN5019-KR-L,L,Homme,2.0,598.75,1198.0,658.62,539.38,45.02
TXN_001340,2021-07-08,Aug-21,VINODHA PUSPANATHAN,MEN5031,MEN5031-KR-L,L,Homme,1.0,636.25,636.0,349.94,286.06,44.98
TXN_001451,2021-07-09,Sep-21,KOGILA SELLAPPAN,SET252,SET252-KR-PP-M.,M,Ensemble,3.0,825.0,2475.0,1361.25,1113.75,45.0
TXN_001452,2021-07-09,Sep-21,KOGILA SELLAPPAN,SET252,SET252-KR-PP-L,L,Ensemble,4.0,825.0,3300.0,1815.0,1485.0,45.0
TXN_001464,2021-07-09,Sep-21,AKASH KAUSHAL,JNE3577,JNE3577-KR-S,S,Robe/Jupe,1.0,681.0,681.0,374.55,306.45,45.0
TXN_001463,2021-07-09,Sep-21,AKASH KAUSHAL,JNE3500,JNE3500-KR-S,S,Robe/Jupe,1.0,650.0,650.0,357.5,292.5,45.0
TXN_001462,2021-07-09,Sep-21,KOGILA SELLAPPAN,J0198,J0198-TP-XXXL,XXXL,Robe/Jupe,1.0,585.0,585.0,321.75,263.25,45.0
TXN_001461,2021-07-09,Sep-21,KOGILA SELLAPPAN,J0205,J0205-TP-XXXL,XXXL,Robe/Jupe,1.0,508.0,508.0,279.4,228.6,45.0
TXN_001460,2021-07-09,Sep-21,KOGILA SELLAPPAN,J0304,J0304-TP-XXXL,XXXL,Robe/Jupe,1.0,359.0,359.0,197.45,161.55,45.0
TXN_001458,2021-07-09,Sep-21,KOGILA SELLAPPAN,SET110,SET110-KR-PP-XL,XL,Ensemble,1.0,931.0,931.0,512.05,418.95,45.0
TXN_001457,2021-07-09,Sep-21,KOGILA SELLAPPAN,SET110,SET110-KR-PP-L,L,Ensemble,3.0,931.0,2793.0,1536.15,1256.85,45.0
TXN_001456,2021-07-09,Sep-21,KOGILA SELLAPPAN,SET110,SET110-KR-PP-M,M,Ensemble,1.0,931.0,931.0,512.05,418.95,45.0
TXN_001455,2021-07-09,Sep-21,KOGILA SELLAPPAN,SET110,SET110-KR-PP-S,S,Ensemble,2.0,931.0,1862.0,1024.1,837.9,45.0
TXN_001459,2021-07-09,Sep-21,KOGILA SELLAPPAN,J0147,J0147-SET-L,L,Robe/Jupe,1.0,903.0,903.0,496.65,406.35,45.0
TXN_001465,2021-07-09,Sep-21,AKASH KAUSHAL,JNE3688,JNE3688-TU-S,S,Robe/Jupe,1.0,450.0,450.0,247.5,202.5,45.0
TXN_001466,2021-07-09,Sep-21,AKASH KAUSHAL,JNE3668,JNE3668-TP-S,S,Robe/Jupe,1.0,431.0,431.0,237.05,193.95,45.0
TXN_001467,2021-07-09,Sep-21,AKASH KAUSHAL,MEN5018,MEN5018-KR-L,L,Homme,1.0,574.0,574.0,315.7,258.3,45.0
TXN_001468,2021-07-09,Sep-21,AKASH KAUSHAL,MEN5023,MEN5023-KR-XL,XL,Homme,1.0,649.0,649.0,356.95,292.05,45.0
TXN_001469,2021-07-09,Sep-21,AKASH KAUSHAL,J0214,J0214-TP-M,M,Robe/Jupe,1.0,703.0,703.0,386.65,316.35,45.0
TXN_001470,2021-07-09,Sep-21,AKASH KAUSHAL,JNE3665,JNE3665-TP-M,M,Robe/Jupe,1.0,388.0,388.0,213.4,174.6,45.0
TXN_001471,2021-07-09,Sep-21,AKASH KAUSHAL,J0198,J0198-TP-XXXL,XXXL,Robe/Jupe,1.0,585.0,585.0,321.75,263.25,45.0
TXN_001472,2021-07-09,Sep-21,AKASH KAUSHAL,J0119,J0119-TP-XXXL,XXXL,Robe/Jupe,1.0,469.0,469.0,257.95,211.05,45.0
TXN_001454,2021-07-09,Sep-21,KOGILA SELLAPPAN,SET110,SET110-KR-PP-XS,XS,Ensemble,1.0,931.0,931.0,512.05,418.95,45.0
TXN_001453,2021-07-09,Sep-21,KOGILA SELLAPPAN,SET252,SET252-KR-PP-XL.,XL,Ensemble,1.0,825.0,825.0,453.75,371.25,45.0
TXN_000047,2021-08-06,Jun-21,FARIA ESSOPP,JNE3659,JNE3659-TP-L,L,Robe/Jupe,1.0,389.35,389.0,214.14,174.86,44.95
TXN_000046,2021-08-06,Jun-21,FARIA ESSOPP,J0092,J0092-SET-L,L,Robe/Jupe,1.0,1071.85,1072.0,589.52,482.48,45.01
TXN_000045,2021-08-06,Jun-21,FARIA ESSOPP,JNE3667,JNE3667-TP-XL,XL,Robe/Jupe,1.0,454.35,454.0,249.89,204.11,44.96
TXN_000041,2021-08-06,Jun-21,FARIA ESSOPP,JNE3421,JNE3421-KR-XL,XL,Robe/Jupe,1.0,421.85,422.0,232.02,189.98,45.02
TXN_000043,2021-08-06,Jun-21,FARIA ESSOPP,JNE3030,JNE3030-KR-L,L,Robe/Jupe,1.0,746.85,747.0,410.77,336.23,45.01
TXN_000042,2021-08-06,Jun-21,FARIA ESSOPP,JNE3467,JNE3467-KR-XL,XL,Robe/Jupe,1.0,519.35,519.0,285.64,233.36,44.96
TXN_000048,2021-08-06,Jun-21,FARIA ESSOPP,J0214,J0214-TP-L,L,Robe/Jupe,1.0,649.35,649.0,357.14,291.86,44.97
TXN_000044,2021-08-06,Jun-21,FARIA ESSOPP,JNE3657,JNE3657-TP-XL,XL,Robe/Jupe,1.0,421.85,422.0,232.02,189.98,45.02
TXN_000049,2021-08-06,Jun-21,FARIA ESSOPP,J0201,J0201-TP-L,L,Robe/Jupe,1.0,584.35,584.0,321.39,262.61,44.97
TXN_000059,2021-08-06,Jun-21,FARIA ESSOPP,JNE2305,JNE2305-KR-533-L,L,Robe/Jupe,1.0,421.85,422.0,232.02,189.98,45.02
TXN_000051,2021-08-06,Jun-21,FARIA ESSOPP,J0213,J0213-TP-L,L,Robe/Jupe,1.0,584.35,584.0,321.39,262.61,44.97
TXN_000052,2021-08-06,Jun-21,FARIA ESSOPP,JNE3640,JNE3640-TP-XL,XL,Robe/Jupe,1.0,454.35,454.0,249.89,204.11,44.96
TXN_000053,2021-08-06,Jun-21,FARIA ESSOPP,J0233,J0233-SKD-L,L,Robe/Jupe,1.0,1429.35,1429.0,786.14,642.86,44.99
TXN_000054,2021-08-06,Jun-21,FARIA ESSOPP,J0237,J0237-SKD-L,L,Robe/Jupe,1.0,1494.35,1494.0,821.89,672.11,44.99
TXN_000055,2021-08-06,Jun-21,FARIA ESSOPP,J0234,J0234-SKD-L,L,Robe/Jupe,1.0,1201.85,1202.0,661.02,540.98,45.01
TXN_000056,2021-08-06,Jun-21,FARIA ESSOPP,JNE3535,JNE3535-KR-XL,XL,Robe/Jupe,1.0,389.35,389.0,214.14,174.86,44.95
TXN_000057,2021-08-06,Jun-21,FARIA ESSOPP,JNE3497,JNE3497-KR-L,L,Robe/Jupe,1.0,454.35,454.0,249.89,204.11,44.96
TXN_000058,2021-08-06,Jun-21,FARIA ESSOPP,JNE1525,KURTI,Free,Robe/Jupe,1.0,421.85,422.0,232.02,189.98,45.02
TXN_000040,2021-08-06,Jun-21,FARIA ESSOPP,J0119,J0119-TP-L,L,Robe/Jupe,1.0,421.85,422.0,232.02,189.98,45.02
TXN_000050,2021-08-06,Jun-21,FARIA ESSOPP,J0197,J0197-TP-L,L,Robe/Jupe,1.0,584.35,584.0,321.39,262.61,44.97
TXN_000039,2021-08-06,Jun-21,FARIA ESSOPP,J0122,J0122-TP-L,L,Robe/Jupe,1.0,421.85,422.0,232.02,189.98,45.02
TXN_000034,2021-08-06,Jun-21,FARIA ESSOPP,JNE3643,JNE3643-TP-L,L,Robe/Jupe,1.0,356.85,357.0,196.27,160.73,45.02
TXN_000037,2021-08-06,Jun-21,FARIA ESSOPP,JNE3674,JNE3674-TU-XL,XL,Robe/Jupe,1.0,486.85,487.0,267.77,219.23,45.02
TXN_000073,2021-08-06,Jun-21,FARIA ESSOPP,J0024,J0024-KR-L,L,Robe/Jupe,1.0,519.35,519.0,285.64,233.36,44.96
TXN_000072,2021-08-06,Jun-21,FARIA ESSOPP,CH213,CH213-BROWN-XXL,XXL,Autre,1.0,291.85,292.0,160.52,131.48,45.03
TXN_000071,2021-08-06,Jun-21,FARIA ESSOPP,CH205,CH205-YELLOW-XXL,XXL,Autre,1.0,291.85,292.0,160.52,131.48,45.03
TXN_000070,2021-08-06,Jun-21,FARIA ESSOPP,CH207,CH207-PINK-XXL,XXL,Autre,1.0,291.85,292.0,160.52,131.48,45.03
TXN_000069,2021-08-06,Jun-21,FARIA ESSOPP,CH208,CH208-MUSTARD-XXL,XXL,Autre,1.0,291.85,292.0,160.52,131.48,45.03
TXN_000068,2021-08-06,Jun-21,FARIA ESSOPP,CH209,CH209-BIEGE-XXL,XXL,Autre,1.0,291.85,292.0,160.52,131.48,45.03
TXN_000067,2021-08-06,Jun-21,FARIA ESSOPP,BTM035,BTM035-NP-XXL,XXL,Autre,1.0,356.85,357.0,196.27,160.73,45.02
TXN_000066,2021-08-06,Jun-21,FARIA ESSOPP,BTM008,BTM008-XXL,XXL,Autre,1.0,356.85,357.0,196.27,160.73,45.02
TXN_000065,2021-08-06,Jun-21,FARIA ESSOPP,BTM029,BTM029-NP-XXL,XXL,Autre,1.0,356.85,357.0,196.27,160.73,45.02
TXN_000064,2021-08-06,Jun-21,FARIA ESSOPP,CH202,CH202-ORANGE-XXL,XXL,Autre,1.0,291.85,292.0,160.52,131.48,45.03
TXN_000063,2021-08-06,Jun-21,FARIA ESSOPP,JNE2049,JNE2049-KR-351-XL,XL,Robe/Jupe,1.0,486.85,487.0,267.77,219.23,45.02
TXN_000062,2021-08-06,Jun-21,FARIA ESSOPP,SET094,SET094-KR-NP-XL,XL,Ensemble,1.0,941.85,942.0,518.02,423.98,45.01
TXN_000061,2021-08-06,Jun-21,FARIA ESSOPP,JNE2270,JNE2270-KR-487-L,L,Robe/Jupe,1.0,551.85,552.0,303.52,248.48,45.01
TXN_000060,2021-08-06,Jun-21,FARIA ESSOPP,JNE3365,JNE3365-KR-1052-L,L,Robe/Jupe,1.0,421.85,422.0,232.02,189.98,45.02
TXN_000038,2021-08-06,Jun-21,FARIA ESSOPP,JNE3670,JNE3670-TU-L,L,Robe/Jupe,1.0,519.35,519.0,285.64,233.36,44.96
TXN_000020,2021-08-06,Jun-21,FARIA ESSOPP,J0001,J0001-DR-L,L,Robe/Jupe,1.0,584.35,584.0,321.39,262.61,44.97
TXN_000022,2021-08-06,Jun-21,FARIA ESSOPP,JNE3647,JNE3647-TP-XL,XL,Robe/Jupe,1.0,421.85,422.0,232.02,189.98,45.02
TXN_000036,2021-08-06,Jun-21,FARIA ESSOPP,JNE3672,JNE3672-TU-XL,XL,Robe/Jupe,1.0,486.85,487.0,267.77,219.23,45.02
TXN_000035,2021-08-06,Jun-21,FARIA ESSOPP,JNE3643,JNE3643-TP-XL,XL,Robe/Jupe,1.0,356.85,357.0,196.27,160.73,45.02
TXN_000033,2021-08-06,Jun-21,FARIA ESSOPP,JNE3652,JNE3652-TP-XL,XL,Robe/Jupe,1.0,421.85,422.0,232.02,189.98,45.02
TXN_000032,2021-08-06,Jun-21,FARIA ESSOPP,JNE3658,JNE3658-TP-L,L,Robe/Jupe,1.0,421.85,422.0,232.02,189.98,45.02
TXN_000031,2021-08-06,Jun-21,FARIA ESSOPP,J0036,J0036-TP-XL,XL,Robe/Jupe,1.0,531.25,531.0,292.19,238.81,44.97
TXN_000021,2021-08-06,Jun-21,FARIA ESSOPP,JNE3660,JNE3660-TP-L,L,Robe/Jupe,1.0,421.85,422.0,232.02,189.98,45.02
TXN_000030,2021-08-06,Jun-21,FARIA ESSOPP,JNE3712,JNE3712-TP-L,L,Robe/Jupe,1.0,454.35,454.0,249.89,204.11,44.96
TXN_000028,2021-08-06,Jun-21,FARIA ESSOPP,JNE3653,JNE3653-TP-L,L,Robe/Jupe,1.0,454.35,454.0,249.89,204.11,44.96
TXN_000027,2021-08-06,Jun-21,FARIA ESSOPP,JNE3649,JNE3649-TP-L,L,Robe/Jupe,1.0,486.85,487.0,267.77,219.23,45.02
TXN_000026,2021-08-06,Jun-21,FARIA ESSOPP,JNE3673,JNE3673-TU-XL,XL,Robe/Jupe,1.0,519.35,519.0,285.64,233.36,44.96
TXN_000025,2021-08-06,Jun-21,FARIA ESSOPP,JNE3656,JNE3656-TP-XL,XL,Robe/Jupe,1.0,454.35,454.0,249.89,204.11,44.96
TXN_000024,2021-08-06,Jun-21,FARIA ESSOPP,J0165,J0165-TP-L,L,Robe/Jupe,1.0,454.35,454.0,249.89,204.11,44.96
TXN_000023,2021-08-06,Jun-21,FARIA ESSOPP,J0116,J0116-TP-XL,XL,Robe/Jupe,1.0,421.85,422.0,232.02,189.98,45.02
TXN_000029,2021-08-06,Jun-21,FARIA ESSOPP,JNE3651,JNE3651-TP-L,L,Robe/Jupe,1.0,454.35,454.0,249.89,204.11,44.96
TXN_000240,2021-08-07,Jul-21,RAZIA ROSEANE NASER,SET236,SET236-KR-PP-L,L,Ensemble,1.0,765.0,765.0,420.75,344.25,45.0
TXN_000239,2021-08-07,Jul-21,RAZIA ROSEANE NASER,SET236,SET236-KR-PP-M,M,Ensemble,1.0,765.0,765.0,420.75,344.25,45.0
TXN_000244,2021-08-07,Jul-21,RAZIA ROSEANE NASER,SET199,SET199-KR-NP-XL,XL,Ensemble,1.0,744.0,744.0,409.2,334.8,45.0
TXN_000231,2021-08-07,Jul-21,RAZIA ROSEANE NASER,SET269,SET269-KR-NP-XL,XL,Ensemble,1.0,969.0,969.0,532.95,436.05,45.0
TXN_000234,2021-08-07,Jul-21,RAZIA ROSEANE NASER,SET195,SET195-KR-NP-L,L,Ensemble,1.0,931.0,931.0,512.05,418.95,45.0
TXN_000230,2021-08-07,Jul-21,RAZIA ROSEANE NASER,SET269,SET269-KR-NP-L,L,Ensemble,1.0,969.0,969.0,532.95,436.05,45.0
TXN_000241,2021-08-07,Jul-21,RAZIA ROSEANE NASER,SET236,SET236-KR-PP-XL,XL,Ensemble,1.0,765.0,765.0,420.75,344.25,45.0
TXN_000242,2021-08-07,Jul-21,RAZIA ROSEANE NASER,SET236,SET236-KR-PP-XXL,XXL,Ensemble,1.0,765.0,765.0,420.75,344.25,45.0
TXN_000243,2021-08-07,Jul-21,RAZIA ROSEANE NASER,SET199,SET199-KR-NP-L,L,Ensemble,1.0,744.0,744.0,409.2,334.8,45.0
TXN_000235,2021-08-07,Jul-21,RAZIA ROSEANE NASER,SET195,SET195-KR-NP-XL,XL,Ensemble,1.0,931.0,931.0,512.05,418.95,45.0
TXN_000245,2021-08-07,Jul-21,RAZIA ROSEANE NASER,SET199,SET199-KR-NP-XXL,XXL,Ensemble,1.0,744.0,744.0,409.2,334.8,45.0
TXN_000246,2021-08-07,Jul-21,RAZIA ROSEANE NASER,SET260,SET260-KR-PP-L,L,Ensemble,1.0,582.0,582.0,320.1,261.9,45.0
TXN_000232,2021-08-07,Jul-21,RAZIA ROSEANE NASER,SET269,SET269-KR-NP-XXL,XXL,Ensemble,1.0,969.0,969.0,532.95,436.05,45.0
TXN_000247,2021-08-07,Jul-21,RAZIA ROSEANE NASER,SET260,SET260-KR-PP-XL,XL,Ensemble,1.0,582.0,582.0,320.1,261.9,45.0
TXN_000249,2021-08-07,Jul-21,RAZIA ROSEANE NASER,SET275,SET275-KR-NP-L,L,Ensemble,1.0,1056.0,1056.0,580.8,475.2,45.0
TXN_000236,2021-08-07,Jul-21,RAZIA ROSEANE NASER,SET200,SET200-KR-NP-L,L,Ensemble,1.0,894.0,894.0,491.7,402.3,45.0
TXN_000250,2021-08-07,Jul-21,RAZIA ROSEANE NASER,SET275,SET275-KR-NP-XL,XL,Ensemble,1.0,1056.0,1056.0,580.8,475.2,45.0
TXN_000251,2021-08-07,Jul-21,RAZIA ROSEANE NASER,SET275,SET275-KR-NP-XXL,XXL,Ensemble,1.0,1056.0,1056.0,580.8,475.2,45.0
TXN_000252,2021-08-07,Jul-21,RAZIA ROSEANE NASER,SET201,SET201-KR-NP-L,L,Ensemble,1.0,894.0,894.0,491.7,402.3,45.0
TXN_000253,2021-08-07,Jul-21,RAZIA ROSEANE NASER,SET201,SET201-KR-NP-XXXL,XXXL,Ensemble,1.0,894.0,894.0,491.7,402.3,45.0
TXN_000237,2021-08-07,Jul-21,RAZIA ROSEANE NASER,SET200,SET200-KR-NP-XXL,XXL,Ensemble,1.0,894.0,894.0,491.7,402.3,45.0
TXN_000238,2021-08-07,Jul-21,RAZIA ROSEANE NASER,SET200,SET200-KR-NP-XXXL,XXXL,Ensemble,1.0,894.0,894.0,491.7,402.3,45.0
TXN_000248,2021-08-07,Jul-21,RAZIA ROSEANE NASER,SET260,SET260-KR-PP-XXL,XXL,Ensemble,1.0,582.0,582.0,320.1,261.9,45.0
TXN_000233,2021-08-07,Jul-21,RAZIA ROSEANE NASER,SET195,SET195-KR-NP-XXXL,XXXL,Ensemble,1.0,931.0,931.0,512.05,418.95,45.0
TXN_004657,2021-08-10,Oct-21,ARKH FASHION BOUTIQUE PTY LTD,SET209,SET209-KR-PP-XL,XL,Ensemble,1.0,806.0,806.0,443.3,362.7,45.0
TXN_004655,2021-08-10,Oct-21,ARKH FASHION BOUTIQUE PTY LTD,SET209,SET209-KR-PP-M,M,Ensemble,1.0,806.0,806.0,443.3,362.7,45.0
TXN_004658,2021-08-10,Oct-21,ARKH FASHION BOUTIQUE PTY LTD,SET227,SET227-KR-PP-S,S,Ensemble,1.0,850.0,850.0,467.5,382.5,45.0
TXN_004659,2021-08-10,Oct-21,ARKH FASHION BOUTIQUE PTY LTD,SET227,SET227-KR-PP-M,M,Ensemble,1.0,850.0,850.0,467.5,382.5,45.0
TXN_004660,2021-08-10,Oct-21,ARKH FASHION BOUTIQUE PTY LTD,SET227,SET227-KR-PP-L,L,Ensemble,1.0,850.0,850.0,467.5,382.5,45.0
TXN_004656,2021-08-10,Oct-21,ARKH FASHION BOUTIQUE PTY LTD,SET209,SET209-KR-PP-L,L,Ensemble,1.0,806.0,806.0,443.3,362.7,45.0
TXN_004654,2021-08-10,Oct-21,ARKH FASHION BOUTIQUE PTY LTD,SET209,SET209-KR-PP-S,S,Ensemble,1.0,806.0,806.0,443.3,362.7,45.0
TXN_004678,2021-08-10,Oct-21,ARKH FASHION BOUTIQUE PTY LTD,SET205,SET205-KR-DPT-XL,XL,Ensemble,1.0,894.0,894.0,491.7,402.3,45.0
TXN_004652,2021-08-10,Oct-21,ARKH FASHION BOUTIQUE PTY LTD,J0296,J0296-DR-S,S,Robe/Jupe,1.0,703.0,703.0,386.65,316.35,45.0
TXN_004651,2021-08-10,Oct-21,ARKH FASHION BOUTIQUE PTY LTD,J0295,J0295-DR-S,S,Robe/Jupe,1.0,741.0,741.0,407.55,333.45,45.0
TXN_004661,2021-08-10,Oct-21,ARKH FASHION BOUTIQUE PTY LTD,SET227,SET227-KR-PP-XL,XL,Ensemble,1.0,850.0,850.0,467.5,382.5,45.0
TXN_004650,2021-08-10,Oct-21,ARKH FASHION BOUTIQUE PTY LTD,J0302,J0302-DR-S,S,Robe/Jupe,1.0,664.0,664.0,365.2,298.8,45.0
TXN_002190,2021-08-10,Oct-21,KALAIVANI PERMALU,J0297,J0297-TP-XL,XL,Robe/Jupe,1.0,429.0,429.0,235.95,193.05,45.0
TXN_004648,2021-08-10,Oct-21,ARKH FASHION BOUTIQUE PTY LTD,SET245,SET245-KR-NP-XXL,XXL,Ensemble,1.0,1181.0,1181.0,649.55,531.45,45.0
TXN_004647,2021-08-10,Oct-21,ARKH FASHION BOUTIQUE PTY LTD,SET245,SET245-KR-NP-XL,XL,Ensemble,1.0,1181.0,1181.0,649.55,531.45,45.0
TXN_004653,2021-08-10,Oct-21,ARKH FASHION BOUTIQUE PTY LTD,J0305,J0305-DR-S,S,Robe/Jupe,1.0,703.0,703.0,386.65,316.35,45.0
TXN_004662,2021-08-10,Oct-21,ARKH FASHION BOUTIQUE PTY LTD,SET267,SET267-KR-NP-M,M,Ensemble,1.0,931.0,931.0,512.05,418.95,45.0
TXN_004672,2021-08-10,Oct-21,ARKH FASHION BOUTIQUE PTY LTD,MEN5018,MEN5018-KR-L,L,Homme,1.0,574.0,574.0,315.7,258.3,45.0
TXN_004664,2021-08-10,Oct-21,ARKH FASHION BOUTIQUE PTY LTD,SET267,SET267-KR-NP-XL,XL,Ensemble,1.0,931.0,931.0,512.05,418.95,45.0
TXN_004677,2021-08-10,Oct-21,ARKH FASHION BOUTIQUE PTY LTD,SET205,SET205-KR-DPT-L,L,Ensemble,1.0,894.0,894.0,491.7,402.3,45.0
TXN_004680,2021-08-10,Oct-21,ARKH FASHION BOUTIQUE PTY LTD,SET205,SET205-KR-DPT-XXXL,XXXL,Ensemble,1.0,894.0,894.0,491.7,402.3,45.0
TXN_004676,2021-08-10,Oct-21,ARKH FASHION BOUTIQUE PTY LTD,MEN5025,MEN5025-KR-XXL,XXL,Homme,1.0,649.0,649.0,356.95,292.05,45.0
TXN_004646,2021-08-10,Oct-21,KALAIVANI PERMALU,J0297,J0297-TP-XXXL,XXXL,Robe/Jupe,1.0,429.0,429.0,235.95,193.05,45.0
TXN_004675,2021-08-10,Oct-21,ARKH FASHION BOUTIQUE PTY LTD,MEN5025,MEN5025-KR-XL,XL,Homme,1.0,649.0,649.0,356.95,292.05,45.0
TXN_004674,2021-08-10,Oct-21,ARKH FASHION BOUTIQUE PTY LTD,MEN5018,MEN5018-KR-XXL,XXL,Homme,1.0,574.0,574.0,315.7,258.3,45.0
TXN_004673,2021-08-10,Oct-21,ARKH FASHION BOUTIQUE PTY LTD,MEN5018,MEN5018-KR-XL,XL,Homme,1.0,574.0,574.0,315.7,258.3,45.0
TXN_004679,2021-08-10,Oct-21,ARKH FASHION BOUTIQUE PTY LTD,SET205,SET205-KR-DPT-XXL,XXL,Ensemble,1.0,894.0,894.0,491.7,402.3,45.0
TXN_004671,2021-08-10,Oct-21,ARKH FASHION BOUTIQUE PTY LTD,MEN5018,MEN5018-KR-M,M,Homme,1.0,574.0,574.0,315.7,258.3,45.0
TXN_004670,2021-08-10,Oct-21,ARKH FASHION BOUTIQUE PTY LTD,MEN5017,MEN5017-KR-XXL,XXL,Homme,1.0,661.0,661.0,363.55,297.45,45.0
TXN_004669,2021-08-10,Oct-21,ARKH FASHION BOUTIQUE PTY LTD,MEN5017,MEN5017-KR-XL,XL,Homme,1.0,661.0,661.0,363.55,297.45,45.0
TXN_004668,2021-08-10,Oct-21,ARKH FASHION BOUTIQUE PTY LTD,MEN5017,MEN5017-KR-L,L,Homme,1.0,661.0,661.0,363.55,297.45,45.0
TXN_004667,2021-08-10,Oct-21,ARKH FASHION BOUTIQUE PTY LTD,MEN5017,MEN5017-KR-M,M,Homme,1.0,661.0,661.0,363.55,297.45,45.0
TXN_004666,2021-08-10,Oct-21,ARKH FASHION BOUTIQUE PTY LTD,SET267,SET267-KR-NP-XXXL,XXXL,Ensemble,1.0,931.0,931.0,512.05,418.95,45.0
TXN_004665,2021-08-10,Oct-21,ARKH FASHION BOUTIQUE PTY LTD,SET267,SET267-KR-NP-XXL,XXL,Ensemble,1.0,931.0,931.0,512.05,418.95,45.0
TXN_004663,2021-08-10,Oct-21,ARKH FASHION BOUTIQUE PTY LTD,SET267,SET267-KR-NP-L,L,Ensemble,1.0,931.0,931.0,512.05,418.95,45.0
TXN_004645,2021-08-10,Oct-21,KALAIVANI PERMALU,J0297,J0297-TP-XXL,XXL,Robe/Jupe,1.0,429.0,429.0,235.95,193.05,45.0
TXN_002071,2021-08-10,Oct-21,VAHARSHA BOUTIQUE ,JNE3567,JNE3567-KR-XXL,XXL,Robe/Jupe,1.0,431.0,431.0,237.05,193.95,45.0
TXN_004643,2021-08-10,Oct-21,KALAIVANI PERMALU,J0297,J0297-TP-L,L,Robe/Jupe,1.0,429.0,429.0,235.95,193.05,45.0
TXN_004560,2021-08-10,Oct-21,VAHARSHA BOUTIQUE ,JNE1977,JNE1977-KR-237-S,S,Robe/Jupe,1.0,409.0,409.0,224.95,184.05,45.0
TXN_002062,2021-08-10,Oct-21,VAHARSHA BOUTIQUE ,J0097,J0097-KR-XS,XS,Robe/Jupe,2.0,556.0,1112.0,611.6,500.4,45.0
TXN_002063,2021-08-10,Oct-21,VAHARSHA BOUTIQUE ,J0097,J0097-KR-S,S,Robe/Jupe,2.0,556.0,1112.0,611.6,500.4,45.0
TXN_002064,2021-08-10,Oct-21,VAHARSHA BOUTIQUE ,J0097,J0097-KR-M,M,Robe/Jupe,2.0,556.0,1112.0,611.6,500.4,45.0
TXN_002065,2021-08-10,Oct-21,VAHARSHA BOUTIQUE ,J0097,J0097-KR-L,L,Robe/Jupe,4.0,556.0,2224.0,1223.2,1000.8,45.0
TXN_002066,2021-08-10,Oct-21,VAHARSHA BOUTIQUE ,J0097,J0097-KR-XL,XL,Robe/Jupe,5.0,556.0,2780.0,1529.0,1251.0,45.0
TXN_002067,2021-08-10,Oct-21,VAHARSHA BOUTIQUE ,JNE3567,JNE3567-KR-S,S,Robe/Jupe,1.0,431.0,431.0,237.05,193.95,45.0
TXN_002068,2021-08-10,Oct-21,VAHARSHA BOUTIQUE ,JNE3567,JNE3567-KR-M,M,Robe/Jupe,1.0,431.0,431.0,237.05,193.95,45.0
TXN_002069,2021-08-10,Oct-21,VAHARSHA BOUTIQUE ,JNE3567,JNE3567-KR-L,L,Robe/Jupe,1.0,431.0,431.0,237.05,193.95,45.0
TXN_002070,2021-08-10,Oct-21,VAHARSHA BOUTIQUE ,JNE3567,JNE3567-KR-XL,XL,Robe/Jupe,1.0,431.0,431.0,237.05,193.95,45.0
TXN_004681,2021-08-10,Oct-21,ARKH FASHION BOUTIQUE PTY LTD,SET221,SET221-KR-NP-S,S,Ensemble,1.0,1156.0,1156.0,635.8,520.2,45.0
TXN_002072,2021-08-10,Oct-21,VAHARSHA BOUTIQUE ,JNE3567,JNE3567-KR-XXXL,XXXL,Robe/Jupe,1.0,431.0,431.0,237.05,193.95,45.0
TXN_002073,2021-08-10,Oct-21,VAHARSHA BOUTIQUE ,JNE3288,JNE3288-KR-S,S,Robe/Jupe,1.0,681.0,681.0,374.55,306.45,45.0
TXN_002074,2021-08-10,Oct-21,VAHARSHA BOUTIQUE ,JNE3288,JNE3288-KR-M,M,Robe/Jupe,1.0,681.0,681.0,374.55,306.45,45.0
TXN_002075,2021-08-10,Oct-21,VAHARSHA BOUTIQUE ,JNE3288,JNE3288-KR-L,L,Robe/Jupe,1.0,681.0,681.0,374.55,306.45,45.0
TXN_004559,2021-08-10,Oct-21,VAHARSHA BOUTIQUE ,JNE3617,JNE3617-KR-XXXL,XXXL,Robe/Jupe,1.0,556.0,556.0,305.8,250.2,45.0
TXN_004644,2021-08-10,Oct-21,KALAIVANI PERMALU,J0297,J0297-TP-XL,XL,Robe/Jupe,1.0,429.0,429.0,235.95,193.05,45.0
TXN_004558,2021-08-10,Oct-21,VAHARSHA BOUTIQUE ,JNE3617,JNE3617-KR-XXL,XXL,Robe/Jupe,1.0,556.0,556.0,305.8,250.2,45.0
TXN_004556,2021-08-10,Oct-21,VAHARSHA BOUTIQUE ,JNE3617,JNE3617-KR-L,L,Robe/Jupe,1.0,556.0,556.0,305.8,250.2,45.0
TXN_004642,2021-08-10,Oct-21,KALAIVANI PERMALU,J0297,J0297-TP-M,M,Robe/Jupe,1.0,429.0,429.0,235.95,193.05,45.0
TXN_004641,2021-08-10,Oct-21,KALAIVANI PERMALU,J0297,J0297-TP-S,S,Robe/Jupe,1.0,429.0,429.0,235.95,193.05,45.0
TXN_004640,2021-08-10,Oct-21,KALAIVANI PERMALU,J0297,J0297-TP-XS,XS,Robe/Jupe,1.0,429.0,429.0,235.95,193.05,45.0
TXN_004639,2021-08-10,Oct-21,KALAIVANI PERMALU,J0292,J0292-TP-XXXL,XXXL,Robe/Jupe,1.0,469.0,469.0,257.95,211.05,45.0
TXN_004638,2021-08-10,Oct-21,KALAIVANI PERMALU,J0292,J0292-TP-XXL,XXL,Robe/Jupe,1.0,469.0,469.0,257.95,211.05,45.0
TXN_004637,2021-08-10,Oct-21,KALAIVANI PERMALU,J0292,J0292-TP-XL,XL,Robe/Jupe,1.0,469.0,469.0,257.95,211.05,45.0
TXN_004636,2021-08-10,Oct-21,KALAIVANI PERMALU,J0292,J0292-TP-L,L,Robe/Jupe,1.0,469.0,469.0,257.95,211.05,45.0
TXN_004635,2021-08-10,Oct-21,KALAIVANI PERMALU,J0292,J0292-TP-M,M,Robe/Jupe,1.0,469.0,469.0,257.95,211.05,45.0
TXN_004634,2021-08-10,Oct-21,KALAIVANI PERMALU,J0292,J0292-TP-S,S,Robe/Jupe,1.0,469.0,469.0,257.95,211.05,45.0
TXN_004633,2021-08-10,Oct-21,KALAIVANI PERMALU,J0292,J0292-TP-XS,XS,Robe/Jupe,1.0,469.0,469.0,257.95,211.05,45.0
TXN_004632,2021-08-10,Oct-21,KALAIVANI PERMALU,JNE3686,JNE3686-TU-XXXL,XXXL,Robe/Jupe,1.0,450.0,450.0,247.5,202.5,45.0
TXN_004631,2021-08-10,Oct-21,KALAIVANI PERMALU,JNE3686,JNE3686-TU-XXL,XXL,Robe/Jupe,1.0,450.0,450.0,247.5,202.5,45.0
TXN_004630,2021-08-10,Oct-21,KALAIVANI PERMALU,JNE3686,JNE3686-TU-S,S,Robe/Jupe,1.0,450.0,450.0,247.5,202.5,45.0
TXN_004629,2021-08-10,Oct-21,KALAIVANI PERMALU,JNE3686,JNE3686-TU-XS,XS,Robe/Jupe,1.0,450.0,450.0,247.5,202.5,45.0
TXN_004555,2021-08-10,Oct-21,VAHARSHA BOUTIQUE ,JNE3617,JNE3617-KR-M,M,Robe/Jupe,1.0,556.0,556.0,305.8,250.2,45.0
TXN_004557,2021-08-10,Oct-21,VAHARSHA BOUTIQUE ,JNE3617,JNE3617-KR-XL,XL,Robe/Jupe,1.0,556.0,556.0,305.8,250.2,45.0
TXN_004682,2021-08-10,Oct-21,ARKH FASHION BOUTIQUE PTY LTD,SET221,SET221-KR-NP-M,M,Ensemble,1.0,1156.0,1156.0,635.8,520.2,45.0
TXN_004531,2021-08-10,Oct-21,VAHARSHA BOUTIQUE ,JNE3288,JNE3288-KR-XXL,XXL,Robe/Jupe,1.0,681.0,681.0,374.55,306.45,45.0
TXN_004684,2021-08-10,Oct-21,ARKH FASHION BOUTIQUE PTY LTD,SET221,SET221-KR-NP-XL,XL,Ensemble,1.0,1156.0,1156.0,635.8,520.2,45.0
TXN_004717,2021-08-10,Oct-21,ARKH FASHION BOUTIQUE PTY LTD,SET205,SET205-KR-DPT-M,M,Ensemble,1.0,894.0,894.0,491.7,402.3,45.0
TXN_004536,2021-08-10,Oct-21,VAHARSHA BOUTIQUE ,SET098,SET098-KR-PP-L,L,Ensemble,1.0,825.0,825.0,453.75,371.25,45.0
TXN_004535,2021-08-10,Oct-21,VAHARSHA BOUTIQUE ,SET098,SET098-KR-PP-M,M,Ensemble,1.0,825.0,825.0,453.75,371.25,45.0
TXN_004534,2021-08-10,Oct-21,VAHARSHA BOUTIQUE ,SET098,SET098-KR-PP-S,S,Ensemble,1.0,825.0,825.0,453.75,371.25,45.0
TXN_004533,2021-08-10,Oct-21,VAHARSHA BOUTIQUE ,SET098,SET098-KR-PP-XS,XS,Ensemble,2.0,825.0,1650.0,907.5,742.5,45.0
TXN_004532,2021-08-10,Oct-21,VAHARSHA BOUTIQUE ,JNE3288,JNE3288-KR-XXXL,XXXL,Robe/Jupe,1.0,681.0,681.0,374.55,306.45,45.0
TXN_004530,2021-08-10,Oct-21,VAHARSHA BOUTIQUE ,JNE3288,JNE3288-KR-XL,XL,Robe/Jupe,1.0,681.0,681.0,374.55,306.45,45.0
TXN_004529,2021-08-10,Oct-21,VAHARSHA BOUTIQUE ,JNE3288,JNE3288-KR-L,L,Robe/Jupe,1.0,681.0,681.0,374.55,306.45,45.0
TXN_004528,2021-08-10,Oct-21,VAHARSHA BOUTIQUE ,JNE3288,JNE3288-KR-M,M,Robe/Jupe,1.0,681.0,681.0,374.55,306.45,45.0
TXN_004527,2021-08-10,Oct-21,VAHARSHA BOUTIQUE ,JNE3288,JNE3288-KR-S,S,Robe/Jupe,1.0,681.0,681.0,374.55,306.45,45.0
TXN_004526,2021-08-10,Oct-21,VAHARSHA BOUTIQUE ,JNE3567,JNE3567-KR-XXXL,XXXL,Robe/Jupe,1.0,431.0,431.0,237.05,193.95,45.0
TXN_004525,2021-08-10,Oct-21,VAHARSHA BOUTIQUE ,JNE3567,JNE3567-KR-XXL,XXL,Robe/Jupe,1.0,431.0,431.0,237.05,193.95,45.0
TXN_004524,2021-08-10,Oct-21,VAHARSHA BOUTIQUE ,JNE3567,JNE3567-KR-XL,XL,Robe/Jupe,1.0,431.0,431.0,237.05,193.95,45.0
TXN_004523,2021-08-10,Oct-21,VAHARSHA BOUTIQUE ,JNE3567,JNE3567-KR-L,L,Robe/Jupe,1.0,431.0,431.0,237.05,193.95,45.0
TXN_004522,2021-08-10,Oct-21,VAHARSHA BOUTIQUE ,JNE3567,JNE3567-KR-M,M,Robe/Jupe,1.0,431.0,431.0,237.05,193.95,45.0
TXN_004537,2021-08-10,Oct-21,VAHARSHA BOUTIQUE ,SET110,SET110-KR-PP-S,S,Ensemble,1.0,931.0,931.0,512.05,418.95,45.0
TXN_004521,2021-08-10,Oct-21,VAHARSHA BOUTIQUE ,JNE3567,JNE3567-KR-S,S,Robe/Jupe,1.0,431.0,431.0,237.05,193.95,45.0
TXN_004538,2021-08-10,Oct-21,VAHARSHA BOUTIQUE ,SET110,SET110-KR-PP-M,M,Ensemble,1.0,931.0,931.0,512.05,418.95,45.0
TXN_004540,2021-08-10,Oct-21,VAHARSHA BOUTIQUE ,JNE3160,JNE3160-KR-L,L,Robe/Jupe,1.0,850.0,850.0,467.5,382.5,45.0
TXN_004554,2021-08-10,Oct-21,VAHARSHA BOUTIQUE ,JNE3617,JNE3617-KR-S,S,Robe/Jupe,1.0,556.0,556.0,305.8,250.2,45.0
TXN_004553,2021-08-10,Oct-21,VAHARSHA BOUTIQUE ,JNE3718,JNE3718-KR-XXXL,XXXL,Robe/Jupe,1.0,494.0,494.0,271.7,222.3,45.0
TXN_004552,2021-08-10,Oct-21,VAHARSHA BOUTIQUE ,JNE3718,JNE3718-KR-XXL,XXL,Robe/Jupe,1.0,494.0,494.0,271.7,222.3,45.0
TXN_004551,2021-08-10,Oct-21,VAHARSHA BOUTIQUE ,JNE3718,JNE3718-KR-XL,XL,Robe/Jupe,1.0,494.0,494.0,271.7,222.3,45.0
TXN_002076,2021-08-10,Oct-21,VAHARSHA BOUTIQUE ,JNE3288,JNE3288-KR-XL,XL,Robe/Jupe,1.0,681.0,681.0,374.55,306.45,45.0
TXN_004550,2021-08-10,Oct-21,VAHARSHA BOUTIQUE ,JNE3718,JNE3718-KR-L,L,Robe/Jupe,1.0,494.0,494.0,271.7,222.3,45.0
TXN_004549,2021-08-10,Oct-21,VAHARSHA BOUTIQUE ,JNE3718,JNE3718-KR-M,M,Robe/Jupe,1.0,494.0,494.0,271.7,222.3,45.0
TXN_004548,2021-08-10,Oct-21,VAHARSHA BOUTIQUE ,JNE3718,JNE3718-KR-S,S,Robe/Jupe,1.0,494.0,494.0,271.7,222.3,45.0
TXN_004547,2021-08-10,Oct-21,VAHARSHA BOUTIQUE ,J0123,J0123-TP-XXXL,XXXL,Robe/Jupe,1.0,259.0,259.0,142.45,116.55,45.0
TXN_004546,2021-08-10,Oct-21,VAHARSHA BOUTIQUE ,J0123,J0123-TP-XXL,XXL,Robe/Jupe,1.0,259.0,259.0,142.45,116.55,45.0
TXN_004545,2021-08-10,Oct-21,VAHARSHA BOUTIQUE ,J0123,J0123-TP-XL,XL,Robe/Jupe,1.0,259.0,259.0,142.45,116.55,45.0
TXN_004544,2021-08-10,Oct-21,VAHARSHA BOUTIQUE ,J0123,J0123-TP-L,L,Robe/Jupe,1.0,259.0,259.0,142.45,116.55,45.0
TXN_004543,2021-08-10,Oct-21,VAHARSHA BOUTIQUE ,J0123,J0123-TP-M,M,Robe/Jupe,1.0,259.0,259.0,142.45,116.55,45.0
TXN_004542,2021-08-10,Oct-21,VAHARSHA BOUTIQUE ,J0123,J0123-TP-S,S,Robe/Jupe,1.0,259.0,259.0,142.45,116.55,45.0
TXN_004541,2021-08-10,Oct-21,VAHARSHA BOUTIQUE ,J0230,J0230-SKD-L,L,Robe/Jupe,2.0,1445.0,2890.0,1589.5,1300.5,45.0
TXN_004539,2021-08-10,Oct-21,VAHARSHA BOUTIQUE ,SET110,SET110-KR-PP-L,L,Ensemble,1.0,931.0,931.0,512.05,418.95,45.0
TXN_004683,2021-08-10,Oct-21,ARKH FASHION BOUTIQUE PTY LTD,SET221,SET221-KR-NP-L,L,Ensemble,1.0,1156.0,1156.0,635.8,520.2,45.0
TXN_004520,2021-08-10,Oct-21,VAHARSHA BOUTIQUE ,J0097,J0097-KR-XL,XL,Robe/Jupe,5.0,556.0,2780.0,1529.0,1251.0,45.0
TXN_004518,2021-08-10,Oct-21,VAHARSHA BOUTIQUE ,J0097,J0097-KR-M,M,Robe/Jupe,2.0,556.0,1112.0,611.6,500.4,45.0
TXN_004699,2021-08-10,Oct-21,ARKH FASHION BOUTIQUE PTY LTD,SET193,SET193-KR-NP-S,S,Ensemble,1.0,806.0,806.0,443.3,362.7,45.0
TXN_004698,2021-08-10,Oct-21,ARKH FASHION BOUTIQUE PTY LTD,SET264,SET264-KR-NP-XXXL,XXXL,Ensemble,1.0,969.0,969.0,532.95,436.05,45.0
TXN_004697,2021-08-10,Oct-21,ARKH FASHION BOUTIQUE PTY LTD,SET264,SET264-KR-NP-XXL,XXL,Ensemble,1.0,969.0,969.0,532.95,436.05,45.0
TXN_004696,2021-08-10,Oct-21,ARKH FASHION BOUTIQUE PTY LTD,SET264,SET264-KR-NP-XL,XL,Ensemble,1.0,969.0,969.0,532.95,436.05,45.0
TXN_004695,2021-08-10,Oct-21,ARKH FASHION BOUTIQUE PTY LTD,SET264,SET264-KR-NP-M,M,Ensemble,1.0,969.0,969.0,532.95,436.05,45.0
TXN_004694,2021-08-10,Oct-21,ARKH FASHION BOUTIQUE PTY LTD,SET245,SET245-KR-NP-L,L,Ensemble,1.0,1181.0,1181.0,649.55,531.45,45.0
TXN_004693,2021-08-10,Oct-21,ARKH FASHION BOUTIQUE PTY LTD,SET245,SET245-KR-NP-M,M,Ensemble,1.0,1181.0,1181.0,649.55,531.45,45.0
TXN_004692,2021-08-10,Oct-21,ARKH FASHION BOUTIQUE PTY LTD,SET245,SET245-KR-NP-S,S,Ensemble,1.0,1181.0,1181.0,649.55,531.45,45.0
TXN_004691,2021-08-10,Oct-21,ARKH FASHION BOUTIQUE PTY LTD,SET244,SET244-KR-NP-XXXL,XXXL,Ensemble,1.0,1181.0,1181.0,649.55,531.45,45.0
TXN_004690,2021-08-10,Oct-21,ARKH FASHION BOUTIQUE PTY LTD,SET244,SET244-KR-NP-XXL,XXL,Ensemble,1.0,1181.0,1181.0,649.55,531.45,45.0
TXN_004689,2021-08-10,Oct-21,ARKH FASHION BOUTIQUE PTY LTD,SET244,SET244-KR-NP-XL,XL,Ensemble,1.0,1181.0,1181.0,649.55,531.45,45.0
TXN_004688,2021-08-10,Oct-21,ARKH FASHION BOUTIQUE PTY LTD,SET244,SET244-KR-NP-L,L,Ensemble,1.0,1181.0,1181.0,649.55,531.45,45.0
TXN_004687,2021-08-10,Oct-21,ARKH FASHION BOUTIQUE PTY LTD,SET244,SET244-KR-NP-M,M,Ensemble,1.0,1181.0,1181.0,649.55,531.45,45.0
TXN_004686,2021-08-10,Oct-21,ARKH FASHION BOUTIQUE PTY LTD,SET244,SET244-KR-NP-S,S,Ensemble,1.0,1181.0,1181.0,649.55,531.45,45.0
TXN_004685,2021-08-10,Oct-21,ARKH FASHION BOUTIQUE PTY LTD,SET221,SET221-KR-NP-XXL,XXL,Ensemble,1.0,1156.0,1156.0,635.8,520.2,45.0
TXN_004700,2021-08-10,Oct-21,ARKH FASHION BOUTIQUE PTY LTD,SET193,SET193-KR-NP-M,M,Ensemble,1.0,806.0,806.0,443.3,362.7,45.0
TXN_004519,2021-08-10,Oct-21,VAHARSHA BOUTIQUE ,J0097,J0097-KR-L,L,Robe/Jupe,4.0,556.0,2224.0,1223.2,1000.8,45.0
TXN_004701,2021-08-10,Oct-21,ARKH FASHION BOUTIQUE PTY LTD,SET193,SET193-KR-NP-L,L,Ensemble,1.0,806.0,806.0,443.3,362.7,45.0
TXN_004703,2021-08-10,Oct-21,ARKH FASHION BOUTIQUE PTY LTD,SET193,SET193-KR-NP-XXL,XXL,Ensemble,1.0,806.0,806.0,443.3,362.7,45.0
TXN_004517,2021-08-10,Oct-21,VAHARSHA BOUTIQUE ,J0097,J0097-KR-S,S,Robe/Jupe,2.0,556.0,1112.0,611.6,500.4,45.0
TXN_004516,2021-08-10,Oct-21,VAHARSHA BOUTIQUE ,J0097,J0097-KR-XS,XS,Robe/Jupe,2.0,556.0,1112.0,611.6,500.4,45.0
TXN_004716,2021-08-10,Oct-21,ARKH FASHION BOUTIQUE PTY LTD,SET205,SET205-KR-DPT-S,S,Ensemble,1.0,894.0,894.0,491.7,402.3,45.0
TXN_004715,2021-08-10,Oct-21,ARKH FASHION BOUTIQUE PTY LTD,SET200,SET200-KR-NP-XXL,XXL,Ensemble,1.0,894.0,894.0,491.7,402.3,45.0
TXN_004714,2021-08-10,Oct-21,ARKH FASHION BOUTIQUE PTY LTD,SET200,SET200-KR-NP-XL,XL,Ensemble,1.0,894.0,894.0,491.7,402.3,45.0
TXN_004713,2021-08-10,Oct-21,ARKH FASHION BOUTIQUE PTY LTD,SET200,SET200-KR-NP-L,L,Ensemble,1.0,894.0,894.0,491.7,402.3,45.0
TXN_004712,2021-08-10,Oct-21,ARKH FASHION BOUTIQUE PTY LTD,SET200,SET200-KR-NP-M,M,Ensemble,1.0,894.0,894.0,491.7,402.3,45.0
TXN_004711,2021-08-10,Oct-21,ARKH FASHION BOUTIQUE PTY LTD,SET200,SET200-KR-NP-S,S,Ensemble,1.0,894.0,894.0,491.7,402.3,45.0
TXN_004710,2021-08-10,Oct-21,ARKH FASHION BOUTIQUE PTY LTD,SET269,SET269-KR-NP-XXXL,XXXL,Ensemble,1.0,969.0,969.0,532.95,436.05,45.0
TXN_004709,2021-08-10,Oct-21,ARKH FASHION BOUTIQUE PTY LTD,SET269,SET269-KR-NP-XXL,XXL,Ensemble,1.0,969.0,969.0,532.95,436.05,45.0
TXN_004708,2021-08-10,Oct-21,ARKH FASHION BOUTIQUE PTY LTD,SET269,SET269-KR-NP-XL,XL,Ensemble,1.0,969.0,969.0,532.95,436.05,45.0
TXN_004707,2021-08-10,Oct-21,ARKH FASHION BOUTIQUE PTY LTD,SET269,SET269-KR-NP-L,L,Ensemble,1.0,969.0,969.0,532.95,436.05,45.0
TXN_004706,2021-08-10,Oct-21,ARKH FASHION BOUTIQUE PTY LTD,SET269,SET269-KR-NP-M,M,Ensemble,1.0,969.0,969.0,532.95,436.05,45.0
TXN_004705,2021-08-10,Oct-21,ARKH FASHION BOUTIQUE PTY LTD,SET269,SET269-KR-NP-S,S,Ensemble,1.0,969.0,969.0,532.95,436.05,45.0
TXN_004704,2021-08-10,Oct-21,ARKH FASHION BOUTIQUE PTY LTD,SET193,SET193-KR-NP-XXXL,XXXL,Ensemble,1.0,806.0,806.0,443.3,362.7,45.0
TXN_004702,2021-08-10,Oct-21,ARKH FASHION BOUTIQUE PTY LTD,SET193,SET193-KR-NP-XL,XL,Ensemble,1.0,806.0,806.0,443.3,362.7,45.0
TXN_002077,2021-08-10,Oct-21,VAHARSHA BOUTIQUE ,JNE3288,JNE3288-KR-XXL,XXL,Robe/Jupe,1.0,681.0,681.0,374.55,306.45,45.0
TXN_002191,2021-08-10,Oct-21,KALAIVANI PERMALU,J0297,J0297-TP-XXL,XXL,Robe/Jupe,1.0,429.0,429.0,235.95,193.05,45.0
TXN_002079,2021-08-10,Oct-21,VAHARSHA BOUTIQUE ,SET098,SET098-KR-PP-XS,XS,Ensemble,2.0,825.0,1650.0,907.5,742.5,45.0
TXN_004578,2021-08-10,Oct-21,KALAIVANI PERMALU,JNE3639,JNE3639-TP-XS,XS,Robe/Jupe,1.0,431.0,431.0,237.05,193.95,45.0
TXN_004577,2021-08-10,Oct-21,VAHARSHA BOUTIQUE ,J0242,J0242-SKD-XXL,XXL,Robe/Jupe,1.0,1366.0,1366.0,751.3,614.7,45.0
TXN_004576,2021-08-10,Oct-21,VAHARSHA BOUTIQUE ,JNE3568,JNE3568-KR-M,M,Robe/Jupe,1.0,431.0,431.0,237.05,193.95,45.0
TXN_004575,2021-08-10,Oct-21,VAHARSHA BOUTIQUE ,SET193,SET193-KR-NP-XXXL,XXXL,Ensemble,1.0,806.0,806.0,443.3,362.7,45.0
TXN_004574,2021-08-10,Oct-21,VAHARSHA BOUTIQUE ,SET193,SET193-KR-NP-XXL,XXL,Ensemble,1.0,806.0,806.0,443.3,362.7,45.0
TXN_004573,2021-08-10,Oct-21,VAHARSHA BOUTIQUE ,SET193,SET193-KR-NP-XL,XL,Ensemble,1.0,806.0,806.0,443.3,362.7,45.0
TXN_004572,2021-08-10,Oct-21,VAHARSHA BOUTIQUE ,SET193,SET193-KR-NP-M,M,Ensemble,1.0,806.0,806.0,443.3,362.7,45.0
TXN_004571,2021-08-10,Oct-21,VAHARSHA BOUTIQUE ,SET193,SET193-KR-NP-S,S,Ensemble,1.0,806.0,806.0,443.3,362.7,45.0
TXN_004570,2021-08-10,Oct-21,VAHARSHA BOUTIQUE ,JNE2170,JNE2170-KR-436-XS,XS,Robe/Jupe,1.0,656.0,656.0,360.8,295.2,45.0
TXN_004569,2021-08-10,Oct-21,VAHARSHA BOUTIQUE ,MEN5013,MEN5013-KR-XXL,XXL,Homme,1.0,561.0,561.0,308.55,252.45,45.0
TXN_004568,2021-08-10,Oct-21,VAHARSHA BOUTIQUE ,J0008,J0008-SKD-XL,XL,Robe/Jupe,1.0,1289.0,1289.0,708.95,580.05,45.0
TXN_004567,2021-08-10,Oct-21,VAHARSHA BOUTIQUE ,J0008,J0008-SKD-S,S,Robe/Jupe,2.0,1289.0,2578.0,1417.9,1160.1,45.0
TXN_004566,2021-08-10,Oct-21,VAHARSHA BOUTIQUE ,JNE3564,JNE3564-KR-L,L,Robe/Jupe,1.0,431.0,431.0,237.05,193.95,45.0
TXN_004565,2021-08-10,Oct-21,VAHARSHA BOUTIQUE ,JNE1977,JNE1977-KR-237-XXXL,XXXL,Robe/Jupe,1.0,409.0,409.0,224.95,184.05,45.0
TXN_004564,2021-08-10,Oct-21,VAHARSHA BOUTIQUE ,JNE1977,JNE1977-KR-237-XXL,XXL,Robe/Jupe,1.0,409.0,409.0,224.95,184.05,45.0
TXN_004563,2021-08-10,Oct-21,VAHARSHA BOUTIQUE ,JNE1977,JNE1977-KR-237-XL,XL,Robe/Jupe,1.0,409.0,409.0,224.95,184.05,45.0
TXN_004562,2021-08-10,Oct-21,VAHARSHA BOUTIQUE ,JNE1977,JNE1977-KR-237-L,L,Robe/Jupe,1.0,409.0,409.0,224.95,184.05,45.0
TXN_004561,2021-08-10,Oct-21,VAHARSHA BOUTIQUE ,JNE1977,JNE1977-KR-237-M,M,Robe/Jupe,1.0,409.0,409.0,224.95,184.05,45.0
TXN_002263,2021-08-10,Oct-21,ARKH FASHION BOUTIQUE PTY LTD,SET205,SET205-KR-DPT-M,M,Ensemble,1.0,894.0,894.0,491.7,402.3,45.0
TXN_002262,2021-08-10,Oct-21,ARKH FASHION BOUTIQUE PTY LTD,SET205,SET205-KR-DPT-S,S,Ensemble,1.0,894.0,894.0,491.7,402.3,45.0
TXN_002261,2021-08-10,Oct-21,ARKH FASHION BOUTIQUE PTY LTD,SET200,SET200-KR-NP-XXL,XXL,Ensemble,1.0,894.0,894.0,491.7,402.3,45.0
TXN_002260,2021-08-10,Oct-21,ARKH FASHION BOUTIQUE PTY LTD,SET200,SET200-KR-NP-XL,XL,Ensemble,1.0,894.0,894.0,491.7,402.3,45.0
TXN_002259,2021-08-10,Oct-21,ARKH FASHION BOUTIQUE PTY LTD,SET200,SET200-KR-NP-L,L,Ensemble,1.0,894.0,894.0,491.7,402.3,45.0
TXN_002258,2021-08-10,Oct-21,ARKH FASHION BOUTIQUE PTY LTD,SET200,SET200-KR-NP-M,M,Ensemble,1.0,894.0,894.0,491.7,402.3,45.0
TXN_002257,2021-08-10,Oct-21,ARKH FASHION BOUTIQUE PTY LTD,SET200,SET200-KR-NP-S,S,Ensemble,1.0,894.0,894.0,491.7,402.3,45.0
TXN_002256,2021-08-10,Oct-21,ARKH FASHION BOUTIQUE PTY LTD,SET269,SET269-KR-NP-XXXL,XXXL,Ensemble,1.0,969.0,969.0,532.95,436.05,45.0
TXN_002255,2021-08-10,Oct-21,ARKH FASHION BOUTIQUE PTY LTD,SET269,SET269-KR-NP-XXL,XXL,Ensemble,1.0,969.0,969.0,532.95,436.05,45.0
TXN_004579,2021-08-10,Oct-21,KALAIVANI PERMALU,JNE3639,JNE3639-TP-S,S,Robe/Jupe,1.0,431.0,431.0,237.05,193.95,45.0
TXN_004580,2021-08-10,Oct-21,KALAIVANI PERMALU,JNE3639,JNE3639-TP-M,M,Robe/Jupe,1.0,431.0,431.0,237.05,193.95,45.0
TXN_004581,2021-08-10,Oct-21,KALAIVANI PERMALU,JNE3639,JNE3639-TP-L,L,Robe/Jupe,1.0,431.0,431.0,237.05,193.95,45.0
TXN_004582,2021-08-10,Oct-21,KALAIVANI PERMALU,JNE3639,JNE3639-TP-XL,XL,Robe/Jupe,1.0,431.0,431.0,237.05,193.95,45.0
TXN_004610,2021-08-10,Oct-21,KALAIVANI PERMALU,JNE3674,JNE3674-TU-S,S,Robe/Jupe,1.0,513.0,513.0,282.15,230.85,45.0
TXN_004609,2021-08-10,Oct-21,KALAIVANI PERMALU,JNE3674,JNE3674-TU-XS,XS,Robe/Jupe,1.0,513.0,513.0,282.15,230.85,45.0
TXN_004608,2021-08-10,Oct-21,KALAIVANI PERMALU,JNE3672,JNE3672-TU-XXXL,XXXL,Robe/Jupe,1.0,513.0,513.0,282.15,230.85,45.0
TXN_004607,2021-08-10,Oct-21,KALAIVANI PERMALU,JNE3672,JNE3672-TU-XXL,XXL,Robe/Jupe,1.0,513.0,513.0,282.15,230.85,45.0
TXN_004606,2021-08-10,Oct-21,KALAIVANI PERMALU,JNE3672,JNE3672-TU-XL,XL,Robe/Jupe,1.0,513.0,513.0,282.15,230.85,45.0
TXN_004605,2021-08-10,Oct-21,KALAIVANI PERMALU,JNE3672,JNE3672-TU-L,L,Robe/Jupe,1.0,513.0,513.0,282.15,230.85,45.0
TXN_004604,2021-08-10,Oct-21,KALAIVANI PERMALU,JNE3672,JNE3672-TU-M,M,Robe/Jupe,1.0,513.0,513.0,282.15,230.85,45.0
TXN_004603,2021-08-10,Oct-21,KALAIVANI PERMALU,JNE3672,JNE3672-TU-S,S,Robe/Jupe,1.0,513.0,513.0,282.15,230.85,45.0
TXN_004602,2021-08-10,Oct-21,KALAIVANI PERMALU,JNE3672,JNE3672-TU-XS,XS,Robe/Jupe,1.0,513.0,513.0,282.15,230.85,45.0
TXN_004601,2021-08-10,Oct-21,KALAIVANI PERMALU,JNE3656,JNE3656-TP-XXL,XXL,Robe/Jupe,1.0,431.0,431.0,237.05,193.95,45.0
TXN_004600,2021-08-10,Oct-21,KALAIVANI PERMALU,JNE3656,JNE3656-TP-XL,XL,Robe/Jupe,1.0,431.0,431.0,237.05,193.95,45.0
TXN_004599,2021-08-10,Oct-21,KALAIVANI PERMALU,JNE3656,JNE3656-TP-L,L,Robe/Jupe,1.0,431.0,431.0,237.05,193.95,45.0
TXN_004598,2021-08-10,Oct-21,KALAIVANI PERMALU,JNE3656,JNE3656-TP-M,M,Robe/Jupe,1.0,431.0,431.0,237.05,193.95,45.0
TXN_002254,2021-08-10,Oct-21,ARKH FASHION BOUTIQUE PTY LTD,SET269,SET269-KR-NP-XL,XL,Ensemble,1.0,969.0,969.0,532.95,436.05,45.0
TXN_004597,2021-08-10,Oct-21,KALAIVANI PERMALU,JNE3656,JNE3656-TP-S,S,Robe/Jupe,1.0,431.0,431.0,237.05,193.95,45.0
TXN_004595,2021-08-10,Oct-21,KALAIVANI PERMALU,JNE3651,JNE3651-TP-XXL,XXL,Robe/Jupe,1.0,431.0,431.0,237.05,193.95,45.0
TXN_004594,2021-08-10,Oct-21,KALAIVANI PERMALU,JNE3651,JNE3651-TP-XL,XL,Robe/Jupe,1.0,431.0,431.0,237.05,193.95,45.0
TXN_004593,2021-08-10,Oct-21,KALAIVANI PERMALU,JNE3651,JNE3651-TP-L,L,Robe/Jupe,1.0,431.0,431.0,237.05,193.95,45.0
TXN_004592,2021-08-10,Oct-21,KALAIVANI PERMALU,JNE3651,JNE3651-TP-M,M,Robe/Jupe,1.0,431.0,431.0,237.05,193.95,45.0
TXN_004591,2021-08-10,Oct-21,KALAIVANI PERMALU,JNE3651,JNE3651-TP-S,S,Robe/Jupe,1.0,431.0,431.0,237.05,193.95,45.0
TXN_004590,2021-08-10,Oct-21,KALAIVANI PERMALU,JNE3651,JNE3651-TP-XS,XS,Robe/Jupe,1.0,431.0,431.0,237.05,193.95,45.0
TXN_004589,2021-08-10,Oct-21,KALAIVANI PERMALU,JNE3640,JNE3640-TP-XXL,XXL,Robe/Jupe,1.0,431.0,431.0,237.05,193.95,45.0
TXN_004588,2021-08-10,Oct-21,KALAIVANI PERMALU,JNE3640,JNE3640-TP-XL,XL,Robe/Jupe,1.0,431.0,431.0,237.05,193.95,45.0
TXN_004587,2021-08-10,Oct-21,KALAIVANI PERMALU,JNE3640,JNE3640-TP-L,L,Robe/Jupe,1.0,431.0,431.0,237.05,193.95,45.0
TXN_004586,2021-08-10,Oct-21,KALAIVANI PERMALU,JNE3640,JNE3640-TP-M,M,Robe/Jupe,1.0,431.0,431.0,237.05,193.95,45.0
TXN_004585,2021-08-10,Oct-21,KALAIVANI PERMALU,JNE3640,JNE3640-TP-S,S,Robe/Jupe,1.0,431.0,431.0,237.05,193.95,45.0
TXN_004584,2021-08-10,Oct-21,KALAIVANI PERMALU,JNE3640,JNE3640-TP-XS,XS,Robe/Jupe,1.0,431.0,431.0,237.05,193.95,45.0
TXN_004583,2021-08-10,Oct-21,KALAIVANI PERMALU,JNE3639,JNE3639-TP-XXL,XXL,Robe/Jupe,1.0,431.0,431.0,237.05,193.95,45.0
TXN_004596,2021-08-10,Oct-21,KALAIVANI PERMALU,JNE3656,JNE3656-TP-XS,XS,Robe/Jupe,1.0,431.0,431.0,237.05,193.95,45.0
TXN_002078,2021-08-10,Oct-21,VAHARSHA BOUTIQUE ,JNE3288,JNE3288-KR-XXXL,XXXL,Robe/Jupe,1.0,681.0,681.0,374.55,306.45,45.0
TXN_002253,2021-08-10,Oct-21,ARKH FASHION BOUTIQUE PTY LTD,SET269,SET269-KR-NP-L,L,Ensemble,1.0,969.0,969.0,532.95,436.05,45.0
TXN_002252,2021-08-10,Oct-21,ARKH FASHION BOUTIQUE PTY LTD,SET269,SET269-KR-NP-M,M,Ensemble,1.0,969.0,969.0,532.95,436.05,45.0
TXN_002219,2021-08-10,Oct-21,ARKH FASHION BOUTIQUE PTY LTD,MEN5018,MEN5018-KR-XL,XL,Homme,1.0,574.0,574.0,315.7,258.3,45.0
TXN_002218,2021-08-10,Oct-21,ARKH FASHION BOUTIQUE PTY LTD,MEN5018,MEN5018-KR-L,L,Homme,1.0,574.0,574.0,315.7,258.3,45.0
TXN_002217,2021-08-10,Oct-21,ARKH FASHION BOUTIQUE PTY LTD,MEN5018,MEN5018-KR-M,M,Homme,1.0,574.0,574.0,315.7,258.3,45.0
TXN_002216,2021-08-10,Oct-21,ARKH FASHION BOUTIQUE PTY LTD,MEN5017,MEN5017-KR-XXL,XXL,Homme,1.0,661.0,661.0,363.55,297.45,45.0
TXN_002215,2021-08-10,Oct-21,ARKH FASHION BOUTIQUE PTY LTD,MEN5017,MEN5017-KR-XL,XL,Homme,1.0,661.0,661.0,363.55,297.45,45.0
TXN_002214,2021-08-10,Oct-21,ARKH FASHION BOUTIQUE PTY LTD,MEN5017,MEN5017-KR-L,L,Homme,1.0,661.0,661.0,363.55,297.45,45.0
TXN_002213,2021-08-10,Oct-21,ARKH FASHION BOUTIQUE PTY LTD,MEN5017,MEN5017-KR-M,M,Homme,1.0,661.0,661.0,363.55,297.45,45.0
TXN_002212,2021-08-10,Oct-21,ARKH FASHION BOUTIQUE PTY LTD,SET267,SET267-KR-NP-XXXL,XXXL,Ensemble,1.0,931.0,931.0,512.05,418.95,45.0
TXN_002211,2021-08-10,Oct-21,ARKH FASHION BOUTIQUE PTY LTD,SET267,SET267-KR-NP-XXL,XXL,Ensemble,1.0,931.0,931.0,512.05,418.95,45.0
TXN_002210,2021-08-10,Oct-21,ARKH FASHION BOUTIQUE PTY LTD,SET267,SET267-KR-NP-XL,XL,Ensemble,1.0,931.0,931.0,512.05,418.95,45.0
TXN_002209,2021-08-10,Oct-21,ARKH FASHION BOUTIQUE PTY LTD,SET267,SET267-KR-NP-L,L,Ensemble,1.0,931.0,931.0,512.05,418.95,45.0
TXN_002208,2021-08-10,Oct-21,ARKH FASHION BOUTIQUE PTY LTD,SET267,SET267-KR-NP-M,M,Ensemble,1.0,931.0,931.0,512.05,418.95,45.0
TXN_002207,2021-08-10,Oct-21,ARKH FASHION BOUTIQUE PTY LTD,SET227,SET227-KR-PP-XL,XL,Ensemble,1.0,850.0,850.0,467.5,382.5,45.0
TXN_002220,2021-08-10,Oct-21,ARKH FASHION BOUTIQUE PTY LTD,MEN5018,MEN5018-KR-XXL,XXL,Homme,1.0,574.0,574.0,315.7,258.3,45.0
TXN_002206,2021-08-10,Oct-21,ARKH FASHION BOUTIQUE PTY LTD,SET227,SET227-KR-PP-L,L,Ensemble,1.0,850.0,850.0,467.5,382.5,45.0
TXN_002204,2021-08-10,Oct-21,ARKH FASHION BOUTIQUE PTY LTD,SET227,SET227-KR-PP-S,S,Ensemble,1.0,850.0,850.0,467.5,382.5,45.0
TXN_002203,2021-08-10,Oct-21,ARKH FASHION BOUTIQUE PTY LTD,SET209,SET209-KR-PP-XL,XL,Ensemble,1.0,806.0,806.0,443.3,362.7,45.0
TXN_002202,2021-08-10,Oct-21,ARKH FASHION BOUTIQUE PTY LTD,SET209,SET209-KR-PP-L,L,Ensemble,1.0,806.0,806.0,443.3,362.7,45.0
TXN_002201,2021-08-10,Oct-21,ARKH FASHION BOUTIQUE PTY LTD,SET209,SET209-KR-PP-M,M,Ensemble,1.0,806.0,806.0,443.3,362.7,45.0
TXN_002200,2021-08-10,Oct-21,ARKH FASHION BOUTIQUE PTY LTD,SET209,SET209-KR-PP-S,S,Ensemble,1.0,806.0,806.0,443.3,362.7,45.0
TXN_002199,2021-08-10,Oct-21,ARKH FASHION BOUTIQUE PTY LTD,J0305,J0305-DR-S,S,Robe/Jupe,1.0,703.0,703.0,386.65,316.35,45.0
TXN_002198,2021-08-10,Oct-21,ARKH FASHION BOUTIQUE PTY LTD,J0296,J0296-DR-S,S,Robe/Jupe,1.0,703.0,703.0,386.65,316.35,45.0
TXN_002197,2021-08-10,Oct-21,ARKH FASHION BOUTIQUE PTY LTD,J0295,J0295-DR-S,S,Robe/Jupe,1.0,741.0,741.0,407.55,333.45,45.0
TXN_002196,2021-08-10,Oct-21,ARKH FASHION BOUTIQUE PTY LTD,J0302,J0302-DR-S,S,Robe/Jupe,1.0,664.0,664.0,365.2,298.8,45.0
TXN_002195,2021-08-10,Oct-21,ARKH FASHION BOUTIQUE PTY LTD,SET245,SET245-KR-NP-XXXL,XXXL,Ensemble,1.0,1181.0,1181.0,649.55,531.45,45.0
TXN_002194,2021-08-10,Oct-21,ARKH FASHION BOUTIQUE PTY LTD,SET245,SET245-KR-NP-XXL,XXL,Ensemble,1.0,1181.0,1181.0,649.55,531.45,45.0
TXN_002193,2021-08-10,Oct-21,ARKH FASHION BOUTIQUE PTY LTD,SET245,SET245-KR-NP-XL,XL,Ensemble,1.0,1181.0,1181.0,649.55,531.45,45.0
TXN_002192,2021-08-10,Oct-21,KALAIVANI PERMALU,J0297,J0297-TP-XXXL,XXXL,Robe/Jupe,1.0,429.0,429.0,235.95,193.05,45.0
TXN_002205,2021-08-10,Oct-21,ARKH FASHION BOUTIQUE PTY LTD,SET227,SET227-KR-PP-M,M,Ensemble,1.0,850.0,850.0,467.5,382.5,45.0
TXN_004611,2021-08-10,Oct-21,KALAIVANI PERMALU,JNE3674,JNE3674-TU-M,M,Robe/Jupe,1.0,513.0,513.0,282.15,230.85,45.0
TXN_002221,2021-08-10,Oct-21,ARKH FASHION BOUTIQUE PTY LTD,MEN5025,MEN5025-KR-XL,XL,Homme,1.0,649.0,649.0,356.95,292.05,45.0
TXN_002223,2021-08-10,Oct-21,ARKH FASHION BOUTIQUE PTY LTD,SET205,SET205-KR-DPT-L,L,Ensemble,1.0,894.0,894.0,491.7,402.3,45.0
TXN_002251,2021-08-10,Oct-21,ARKH FASHION BOUTIQUE PTY LTD,SET269,SET269-KR-NP-S,S,Ensemble,1.0,969.0,969.0,532.95,436.05,45.0
TXN_002250,2021-08-10,Oct-21,ARKH FASHION BOUTIQUE PTY LTD,SET193,SET193-KR-NP-XXXL,XXXL,Ensemble,1.0,806.0,806.0,443.3,362.7,45.0
TXN_002249,2021-08-10,Oct-21,ARKH FASHION BOUTIQUE PTY LTD,SET193,SET193-KR-NP-XXL,XXL,Ensemble,1.0,806.0,806.0,443.3,362.7,45.0
TXN_002248,2021-08-10,Oct-21,ARKH FASHION BOUTIQUE PTY LTD,SET193,SET193-KR-NP-XL,XL,Ensemble,1.0,806.0,806.0,443.3,362.7,45.0
TXN_002247,2021-08-10,Oct-21,ARKH FASHION BOUTIQUE PTY LTD,SET193,SET193-KR-NP-L,L,Ensemble,1.0,806.0,806.0,443.3,362.7,45.0
TXN_002246,2021-08-10,Oct-21,ARKH FASHION BOUTIQUE PTY LTD,SET193,SET193-KR-NP-M,M,Ensemble,1.0,806.0,806.0,443.3,362.7,45.0
TXN_002245,2021-08-10,Oct-21,ARKH FASHION BOUTIQUE PTY LTD,SET193,SET193-KR-NP-S,S,Ensemble,1.0,806.0,806.0,443.3,362.7,45.0
TXN_002244,2021-08-10,Oct-21,ARKH FASHION BOUTIQUE PTY LTD,SET264,SET264-KR-NP-XXXL,XXXL,Ensemble,1.0,969.0,969.0,532.95,436.05,45.0
TXN_002243,2021-08-10,Oct-21,ARKH FASHION BOUTIQUE PTY LTD,SET264,SET264-KR-NP-XXL,XXL,Ensemble,1.0,969.0,969.0,532.95,436.05,45.0
TXN_002242,2021-08-10,Oct-21,ARKH FASHION BOUTIQUE PTY LTD,SET264,SET264-KR-NP-XL,XL,Ensemble,1.0,969.0,969.0,532.95,436.05,45.0
TXN_002241,2021-08-10,Oct-21,ARKH FASHION BOUTIQUE PTY LTD,SET264,SET264-KR-NP-M,M,Ensemble,1.0,969.0,969.0,532.95,436.05,45.0
TXN_002240,2021-08-10,Oct-21,ARKH FASHION BOUTIQUE PTY LTD,SET245,SET245-KR-NP-L,L,Ensemble,1.0,1181.0,1181.0,649.55,531.45,45.0
TXN_002239,2021-08-10,Oct-21,ARKH FASHION BOUTIQUE PTY LTD,SET245,SET245-KR-NP-M,M,Ensemble,1.0,1181.0,1181.0,649.55,531.45,45.0
TXN_002222,2021-08-10,Oct-21,ARKH FASHION BOUTIQUE PTY LTD,MEN5025,MEN5025-KR-XXL,XXL,Homme,1.0,649.0,649.0,356.95,292.05,45.0
TXN_002238,2021-08-10,Oct-21,ARKH FASHION BOUTIQUE PTY LTD,SET245,SET245-KR-NP-S,S,Ensemble,1.0,1181.0,1181.0,649.55,531.45,45.0
TXN_002236,2021-08-10,Oct-21,ARKH FASHION BOUTIQUE PTY LTD,SET244,SET244-KR-NP-XXL,XXL,Ensemble,1.0,1181.0,1181.0,649.55,531.45,45.0
TXN_002235,2021-08-10,Oct-21,ARKH FASHION BOUTIQUE PTY LTD,SET244,SET244-KR-NP-XL,XL,Ensemble,1.0,1181.0,1181.0,649.55,531.45,45.0
TXN_002234,2021-08-10,Oct-21,ARKH FASHION BOUTIQUE PTY LTD,SET244,SET244-KR-NP-L,L,Ensemble,1.0,1181.0,1181.0,649.55,531.45,45.0
TXN_002233,2021-08-10,Oct-21,ARKH FASHION BOUTIQUE PTY LTD,SET244,SET244-KR-NP-M,M,Ensemble,1.0,1181.0,1181.0,649.55,531.45,45.0
TXN_002232,2021-08-10,Oct-21,ARKH FASHION BOUTIQUE PTY LTD,SET244,SET244-KR-NP-S,S,Ensemble,1.0,1181.0,1181.0,649.55,531.45,45.0
TXN_002231,2021-08-10,Oct-21,ARKH FASHION BOUTIQUE PTY LTD,SET221,SET221-KR-NP-XXL,XXL,Ensemble,1.0,1156.0,1156.0,635.8,520.2,45.0
TXN_002230,2021-08-10,Oct-21,ARKH FASHION BOUTIQUE PTY LTD,SET221,SET221-KR-NP-XL,XL,Ensemble,1.0,1156.0,1156.0,635.8,520.2,45.0
TXN_002229,2021-08-10,Oct-21,ARKH FASHION BOUTIQUE PTY LTD,SET221,SET221-KR-NP-L,L,Ensemble,1.0,1156.0,1156.0,635.8,520.2,45.0
TXN_002228,2021-08-10,Oct-21,ARKH FASHION BOUTIQUE PTY LTD,SET221,SET221-KR-NP-M,M,Ensemble,1.0,1156.0,1156.0,635.8,520.2,45.0
TXN_002227,2021-08-10,Oct-21,ARKH FASHION BOUTIQUE PTY LTD,SET221,SET221-KR-NP-S,S,Ensemble,1.0,1156.0,1156.0,635.8,520.2,45.0
TXN_002226,2021-08-10,Oct-21,ARKH FASHION BOUTIQUE PTY LTD,SET205,SET205-KR-DPT-XXXL,XXXL,Ensemble,1.0,894.0,894.0,491.7,402.3,45.0
TXN_002225,2021-08-10,Oct-21,ARKH FASHION BOUTIQUE PTY LTD,SET205,SET205-KR-DPT-XXL,XXL,Ensemble,1.0,894.0,894.0,491.7,402.3,45.0
TXN_002224,2021-08-10,Oct-21,ARKH FASHION BOUTIQUE PTY LTD,SET205,SET205-KR-DPT-XL,XL,Ensemble,1.0,894.0,894.0,491.7,402.3,45.0
TXN_002237,2021-08-10,Oct-21,ARKH FASHION BOUTIQUE PTY LTD,SET244,SET244-KR-NP-XXXL,XXXL,Ensemble,1.0,1181.0,1181.0,649.55,531.45,45.0
TXN_004612,2021-08-10,Oct-21,KALAIVANI PERMALU,JNE3674,JNE3674-TU-L,L,Robe/Jupe,1.0,513.0,513.0,282.15,230.85,45.0
TXN_004649,2021-08-10,Oct-21,ARKH FASHION BOUTIQUE PTY LTD,SET245,SET245-KR-NP-XXXL,XXXL,Ensemble,1.0,1181.0,1181.0,649.55,531.45,45.0
TXN_004614,2021-08-10,Oct-21,KALAIVANI PERMALU,JNE3674,JNE3674-TU-XXXL,XXXL,Robe/Jupe,1.0,513.0,513.0,282.15,230.85,45.0
TXN_002109,2021-08-10,Oct-21,VAHARSHA BOUTIQUE ,JNE1977,JNE1977-KR-237-XL,XL,Robe/Jupe,1.0,409.0,409.0,224.95,184.05,45.0
TXN_002108,2021-08-10,Oct-21,VAHARSHA BOUTIQUE ,JNE1977,JNE1977-KR-237-L,L,Robe/Jupe,1.0,409.0,409.0,224.95,184.05,45.0
TXN_002107,2021-08-10,Oct-21,VAHARSHA BOUTIQUE ,JNE1977,JNE1977-KR-237-M,M,Robe/Jupe,1.0,409.0,409.0,224.95,184.05,45.0
TXN_002106,2021-08-10,Oct-21,VAHARSHA BOUTIQUE ,JNE1977,JNE1977-KR-237-S,S,Robe/Jupe,1.0,409.0,409.0,224.95,184.05,45.0
TXN_002105,2021-08-10,Oct-21,VAHARSHA BOUTIQUE ,JNE3617,JNE3617-KR-XXXL,XXXL,Robe/Jupe,1.0,556.0,556.0,305.8,250.2,45.0
TXN_002104,2021-08-10,Oct-21,VAHARSHA BOUTIQUE ,JNE3617,JNE3617-KR-XXL,XXL,Robe/Jupe,1.0,556.0,556.0,305.8,250.2,45.0
TXN_002103,2021-08-10,Oct-21,VAHARSHA BOUTIQUE ,JNE3617,JNE3617-KR-XL,XL,Robe/Jupe,1.0,556.0,556.0,305.8,250.2,45.0
TXN_002102,2021-08-10,Oct-21,VAHARSHA BOUTIQUE ,JNE3617,JNE3617-KR-L,L,Robe/Jupe,1.0,556.0,556.0,305.8,250.2,45.0
TXN_002101,2021-08-10,Oct-21,VAHARSHA BOUTIQUE ,JNE3617,JNE3617-KR-M,M,Robe/Jupe,1.0,556.0,556.0,305.8,250.2,45.0
TXN_002100,2021-08-10,Oct-21,VAHARSHA BOUTIQUE ,JNE3617,JNE3617-KR-S,S,Robe/Jupe,1.0,556.0,556.0,305.8,250.2,45.0
TXN_002099,2021-08-10,Oct-21,VAHARSHA BOUTIQUE ,JNE3718,JNE3718-KR-XXXL,XXXL,Robe/Jupe,1.0,494.0,494.0,271.7,222.3,45.0
TXN_002098,2021-08-10,Oct-21,VAHARSHA BOUTIQUE ,JNE3718,JNE3718-KR-XXL,XXL,Robe/Jupe,1.0,494.0,494.0,271.7,222.3,45.0
TXN_002097,2021-08-10,Oct-21,VAHARSHA BOUTIQUE ,JNE3718,JNE3718-KR-XL,XL,Robe/Jupe,1.0,494.0,494.0,271.7,222.3,45.0
TXN_002118,2021-08-10,Oct-21,VAHARSHA BOUTIQUE ,SET193,SET193-KR-NP-M,M,Ensemble,1.0,806.0,806.0,443.3,362.7,45.0
TXN_002142,2021-08-10,Oct-21,KALAIVANI PERMALU,JNE3656,JNE3656-TP-XS,XS,Robe/Jupe,1.0,431.0,431.0,237.05,193.95,45.0
TXN_002095,2021-08-10,Oct-21,VAHARSHA BOUTIQUE ,JNE3718,JNE3718-KR-M,M,Robe/Jupe,1.0,494.0,494.0,271.7,222.3,45.0
TXN_002094,2021-08-10,Oct-21,VAHARSHA BOUTIQUE ,JNE3718,JNE3718-KR-S,S,Robe/Jupe,1.0,494.0,494.0,271.7,222.3,45.0
TXN_002093,2021-08-10,Oct-21,VAHARSHA BOUTIQUE ,J0123,J0123-TP-XXXL,XXXL,Robe/Jupe,1.0,259.0,259.0,142.45,116.55,45.0
TXN_002092,2021-08-10,Oct-21,VAHARSHA BOUTIQUE ,J0123,J0123-TP-XXL,XXL,Robe/Jupe,1.0,259.0,259.0,142.45,116.55,45.0
TXN_002091,2021-08-10,Oct-21,VAHARSHA BOUTIQUE ,J0123,J0123-TP-XL,XL,Robe/Jupe,1.0,259.0,259.0,142.45,116.55,45.0
TXN_002090,2021-08-10,Oct-21,VAHARSHA BOUTIQUE ,J0123,J0123-TP-L,L,Robe/Jupe,1.0,259.0,259.0,142.45,116.55,45.0
TXN_002089,2021-08-10,Oct-21,VAHARSHA BOUTIQUE ,J0123,J0123-TP-M,M,Robe/Jupe,1.0,259.0,259.0,142.45,116.55,45.0
TXN_002088,2021-08-10,Oct-21,VAHARSHA BOUTIQUE ,J0123,J0123-TP-S,S,Robe/Jupe,1.0,259.0,259.0,142.45,116.55,45.0
TXN_002087,2021-08-10,Oct-21,VAHARSHA BOUTIQUE ,J0230,J0230-SKD-L,L,Robe/Jupe,2.0,1445.0,2890.0,1589.5,1300.5,45.0
TXN_002086,2021-08-10,Oct-21,VAHARSHA BOUTIQUE ,JNE3160,JNE3160-KR-L,L,Robe/Jupe,1.0,850.0,850.0,467.5,382.5,45.0
TXN_002085,2021-08-10,Oct-21,VAHARSHA BOUTIQUE ,SET110,SET110-KR-PP-L,L,Ensemble,1.0,931.0,931.0,512.05,418.95,45.0
TXN_002084,2021-08-10,Oct-21,VAHARSHA BOUTIQUE ,SET110,SET110-KR-PP-M,M,Ensemble,1.0,931.0,931.0,512.05,418.95,45.0
TXN_002083,2021-08-10,Oct-21,VAHARSHA BOUTIQUE ,SET110,SET110-KR-PP-S,S,Ensemble,1.0,931.0,931.0,512.05,418.95,45.0
TXN_002096,2021-08-10,Oct-21,VAHARSHA BOUTIQUE ,JNE3718,JNE3718-KR-L,L,Robe/Jupe,1.0,494.0,494.0,271.7,222.3,45.0
TXN_002082,2021-08-10,Oct-21,VAHARSHA BOUTIQUE ,SET098,SET098-KR-PP-L,L,Ensemble,1.0,825.0,825.0,453.75,371.25,45.0
TXN_004613,2021-08-10,Oct-21,KALAIVANI PERMALU,JNE3674,JNE3674-TU-XL,XL,Robe/Jupe,1.0,513.0,513.0,282.15,230.85,45.0
TXN_002111,2021-08-10,Oct-21,VAHARSHA BOUTIQUE ,JNE1977,JNE1977-KR-237-XXXL,XXXL,Robe/Jupe,1.0,409.0,409.0,224.95,184.05,45.0
TXN_002119,2021-08-10,Oct-21,VAHARSHA BOUTIQUE ,SET193,SET193-KR-NP-XL,XL,Ensemble,1.0,806.0,806.0,443.3,362.7,45.0
TXN_002120,2021-08-10,Oct-21,VAHARSHA BOUTIQUE ,SET193,SET193-KR-NP-XXL,XXL,Ensemble,1.0,806.0,806.0,443.3,362.7,45.0
TXN_002121,2021-08-10,Oct-21,VAHARSHA BOUTIQUE ,SET193,SET193-KR-NP-XXXL,XXXL,Ensemble,1.0,806.0,806.0,443.3,362.7,45.0
TXN_002122,2021-08-10,Oct-21,VAHARSHA BOUTIQUE ,JNE3568,JNE3568-KR-M,M,Robe/Jupe,1.0,431.0,431.0,237.05,193.95,45.0
TXN_002123,2021-08-10,Oct-21,VAHARSHA BOUTIQUE ,J0242,J0242-SKD-XXL,XXL,Robe/Jupe,1.0,1366.0,1366.0,751.3,614.7,45.0
TXN_002124,2021-08-10,Oct-21,KALAIVANI PERMALU,JNE3639,JNE3639-TP-XS,XS,Robe/Jupe,1.0,431.0,431.0,237.05,193.95,45.0
TXN_002125,2021-08-10,Oct-21,KALAIVANI PERMALU,JNE3639,JNE3639-TP-S,S,Robe/Jupe,1.0,431.0,431.0,237.05,193.95,45.0
TXN_002126,2021-08-10,Oct-21,KALAIVANI PERMALU,JNE3639,JNE3639-TP-M,M,Robe/Jupe,1.0,431.0,431.0,237.05,193.95,45.0
TXN_002127,2021-08-10,Oct-21,KALAIVANI PERMALU,JNE3639,JNE3639-TP-L,L,Robe/Jupe,1.0,431.0,431.0,237.05,193.95,45.0
TXN_002128,2021-08-10,Oct-21,KALAIVANI PERMALU,JNE3639,JNE3639-TP-XL,XL,Robe/Jupe,1.0,431.0,431.0,237.05,193.95,45.0
TXN_002129,2021-08-10,Oct-21,KALAIVANI PERMALU,JNE3639,JNE3639-TP-XXL,XXL,Robe/Jupe,1.0,431.0,431.0,237.05,193.95,45.0
TXN_002130,2021-08-10,Oct-21,KALAIVANI PERMALU,JNE3640,JNE3640-TP-XS,XS,Robe/Jupe,1.0,431.0,431.0,237.05,193.95,45.0
TXN_002131,2021-08-10,Oct-21,KALAIVANI PERMALU,JNE3640,JNE3640-TP-S,S,Robe/Jupe,1.0,431.0,431.0,237.05,193.95,45.0
TXN_002110,2021-08-10,Oct-21,VAHARSHA BOUTIQUE ,JNE1977,JNE1977-KR-237-XXL,XXL,Robe/Jupe,1.0,409.0,409.0,224.95,184.05,45.0
TXN_002132,2021-08-10,Oct-21,KALAIVANI PERMALU,JNE3640,JNE3640-TP-M,M,Robe/Jupe,1.0,431.0,431.0,237.05,193.95,45.0
TXN_002134,2021-08-10,Oct-21,KALAIVANI PERMALU,JNE3640,JNE3640-TP-XL,XL,Robe/Jupe,1.0,431.0,431.0,237.05,193.95,45.0
TXN_002135,2021-08-10,Oct-21,KALAIVANI PERMALU,JNE3640,JNE3640-TP-XXL,XXL,Robe/Jupe,1.0,431.0,431.0,237.05,193.95,45.0
TXN_002136,2021-08-10,Oct-21,KALAIVANI PERMALU,JNE3651,JNE3651-TP-XS,XS,Robe/Jupe,1.0,431.0,431.0,237.05,193.95,45.0
TXN_002137,2021-08-10,Oct-21,KALAIVANI PERMALU,JNE3651,JNE3651-TP-S,S,Robe/Jupe,1.0,431.0,431.0,237.05,193.95,45.0
TXN_002138,2021-08-10,Oct-21,KALAIVANI PERMALU,JNE3651,JNE3651-TP-M,M,Robe/Jupe,1.0,431.0,431.0,237.05,193.95,45.0
TXN_002139,2021-08-10,Oct-21,KALAIVANI PERMALU,JNE3651,JNE3651-TP-L,L,Robe/Jupe,1.0,431.0,431.0,237.05,193.95,45.0
TXN_002140,2021-08-10,Oct-21,KALAIVANI PERMALU,JNE3651,JNE3651-TP-XL,XL,Robe/Jupe,1.0,431.0,431.0,237.05,193.95,45.0
TXN_002141,2021-08-10,Oct-21,KALAIVANI PERMALU,JNE3651,JNE3651-TP-XXL,XXL,Robe/Jupe,1.0,431.0,431.0,237.05,193.95,45.0
TXN_002116,2021-08-10,Oct-21,VAHARSHA BOUTIQUE ,JNE2170,JNE2170-KR-436-XS,XS,Robe/Jupe,1.0,656.0,656.0,360.8,295.2,45.0
TXN_002115,2021-08-10,Oct-21,VAHARSHA BOUTIQUE ,MEN5013,MEN5013-KR-XXL,XXL,Homme,1.0,561.0,561.0,308.55,252.45,45.0
TXN_002114,2021-08-10,Oct-21,VAHARSHA BOUTIQUE ,J0008,J0008-SKD-XL,XL,Robe/Jupe,1.0,1289.0,1289.0,708.95,580.05,45.0
TXN_002113,2021-08-10,Oct-21,VAHARSHA BOUTIQUE ,J0008,J0008-SKD-S,S,Robe/Jupe,2.0,1289.0,2578.0,1417.9,1160.1,45.0
TXN_002112,2021-08-10,Oct-21,VAHARSHA BOUTIQUE ,JNE3564,JNE3564-KR-L,L,Robe/Jupe,1.0,431.0,431.0,237.05,193.95,45.0
TXN_002133,2021-08-10,Oct-21,KALAIVANI PERMALU,JNE3640,JNE3640-TP-L,L,Robe/Jupe,1.0,431.0,431.0,237.05,193.95,45.0
TXN_002081,2021-08-10,Oct-21,VAHARSHA BOUTIQUE ,SET098,SET098-KR-PP-M,M,Ensemble,1.0,825.0,825.0,453.75,371.25,45.0
TXN_002117,2021-08-10,Oct-21,VAHARSHA BOUTIQUE ,SET193,SET193-KR-NP-S,S,Ensemble,1.0,806.0,806.0,443.3,362.7,45.0
TXN_002143,2021-08-10,Oct-21,KALAIVANI PERMALU,JNE3656,JNE3656-TP-S,S,Robe/Jupe,1.0,431.0,431.0,237.05,193.95,45.0
TXN_004618,2021-08-10,Oct-21,KALAIVANI PERMALU,JNE3687,JNE3687-TU-XXXL,XXXL,Robe/Jupe,1.0,450.0,450.0,247.5,202.5,45.0
TXN_004619,2021-08-10,Oct-21,KALAIVANI PERMALU,JNE3678,JNE3678-TU-XS,XS,Robe/Jupe,1.0,431.0,431.0,237.05,193.95,45.0
TXN_004620,2021-08-10,Oct-21,KALAIVANI PERMALU,JNE3678,JNE3678-TU-S,S,Robe/Jupe,1.0,431.0,431.0,237.05,193.95,45.0
TXN_004621,2021-08-10,Oct-21,KALAIVANI PERMALU,JNE3678,JNE3678-TU-XXL,XXL,Robe/Jupe,1.0,431.0,431.0,237.05,193.95,45.0
TXN_004623,2021-08-10,Oct-21,KALAIVANI PERMALU,JNE3683,JNE3683-TU-XS,XS,Robe/Jupe,1.0,431.0,431.0,237.05,193.95,45.0
TXN_004624,2021-08-10,Oct-21,KALAIVANI PERMALU,JNE3683,JNE3683-TU-S,S,Robe/Jupe,1.0,431.0,431.0,237.05,193.95,45.0
TXN_004625,2021-08-10,Oct-21,KALAIVANI PERMALU,JNE3683,JNE3683-TU-M,M,Robe/Jupe,1.0,431.0,431.0,237.05,193.95,45.0
TXN_004626,2021-08-10,Oct-21,KALAIVANI PERMALU,JNE3683,JNE3683-TU-L,L,Robe/Jupe,1.0,431.0,431.0,237.05,193.95,45.0
TXN_004627,2021-08-10,Oct-21,KALAIVANI PERMALU,JNE3683,JNE3683-TU-XXL,XXL,Robe/Jupe,1.0,431.0,431.0,237.05,193.95,45.0
TXN_004628,2021-08-10,Oct-21,KALAIVANI PERMALU,JNE3683,JNE3683-TU-XXXL,XXXL,Robe/Jupe,1.0,431.0,431.0,237.05,193.95,45.0
TXN_002189,2021-08-10,Oct-21,KALAIVANI PERMALU,J0297,J0297-TP-L,L,Robe/Jupe,1.0,429.0,429.0,235.95,193.05,45.0
TXN_002188,2021-08-10,Oct-21,KALAIVANI PERMALU,J0297,J0297-TP-M,M,Robe/Jupe,1.0,429.0,429.0,235.95,193.05,45.0
TXN_002187,2021-08-10,Oct-21,KALAIVANI PERMALU,J0297,J0297-TP-S,S,Robe/Jupe,1.0,429.0,429.0,235.95,193.05,45.0
TXN_004617,2021-08-10,Oct-21,KALAIVANI PERMALU,JNE3687,JNE3687-TU-XXL,XXL,Robe/Jupe,1.0,450.0,450.0,247.5,202.5,45.0
TXN_002186,2021-08-10,Oct-21,KALAIVANI PERMALU,J0297,J0297-TP-XS,XS,Robe/Jupe,1.0,429.0,429.0,235.95,193.05,45.0
TXN_002184,2021-08-10,Oct-21,KALAIVANI PERMALU,J0292,J0292-TP-XXL,XXL,Robe/Jupe,1.0,469.0,469.0,257.95,211.05,45.0
TXN_002183,2021-08-10,Oct-21,KALAIVANI PERMALU,J0292,J0292-TP-XL,XL,Robe/Jupe,1.0,469.0,469.0,257.95,211.05,45.0
TXN_002182,2021-08-10,Oct-21,KALAIVANI PERMALU,J0292,J0292-TP-L,L,Robe/Jupe,1.0,469.0,469.0,257.95,211.05,45.0
TXN_002181,2021-08-10,Oct-21,KALAIVANI PERMALU,J0292,J0292-TP-M,M,Robe/Jupe,1.0,469.0,469.0,257.95,211.05,45.0
TXN_002180,2021-08-10,Oct-21,KALAIVANI PERMALU,J0292,J0292-TP-S,S,Robe/Jupe,1.0,469.0,469.0,257.95,211.05,45.0
TXN_002179,2021-08-10,Oct-21,KALAIVANI PERMALU,J0292,J0292-TP-XS,XS,Robe/Jupe,1.0,469.0,469.0,257.95,211.05,45.0
TXN_002178,2021-08-10,Oct-21,KALAIVANI PERMALU,JNE3686,JNE3686-TU-XXXL,XXXL,Robe/Jupe,1.0,450.0,450.0,247.5,202.5,45.0
TXN_002177,2021-08-10,Oct-21,KALAIVANI PERMALU,JNE3686,JNE3686-TU-XXL,XXL,Robe/Jupe,1.0,450.0,450.0,247.5,202.5,45.0
TXN_002176,2021-08-10,Oct-21,KALAIVANI PERMALU,JNE3686,JNE3686-TU-S,S,Robe/Jupe,1.0,450.0,450.0,247.5,202.5,45.0
TXN_002175,2021-08-10,Oct-21,KALAIVANI PERMALU,JNE3686,JNE3686-TU-XS,XS,Robe/Jupe,1.0,450.0,450.0,247.5,202.5,45.0
TXN_002174,2021-08-10,Oct-21,KALAIVANI PERMALU,JNE3683,JNE3683-TU-XXXL,XXXL,Robe/Jupe,1.0,431.0,431.0,237.05,193.95,45.0
TXN_002080,2021-08-10,Oct-21,VAHARSHA BOUTIQUE ,SET098,SET098-KR-PP-S,S,Ensemble,1.0,825.0,825.0,453.75,371.25,45.0
TXN_002173,2021-08-10,Oct-21,KALAIVANI PERMALU,JNE3683,JNE3683-TU-XXL,XXL,Robe/Jupe,1.0,431.0,431.0,237.05,193.95,45.0
TXN_002185,2021-08-10,Oct-21,KALAIVANI PERMALU,J0292,J0292-TP-XXXL,XXXL,Robe/Jupe,1.0,469.0,469.0,257.95,211.05,45.0
TXN_004616,2021-08-10,Oct-21,KALAIVANI PERMALU,JNE3687,JNE3687-TU-S,S,Robe/Jupe,1.0,450.0,450.0,247.5,202.5,45.0
TXN_004622,2021-08-10,Oct-21,KALAIVANI PERMALU,JNE3678,JNE3678-TU-XXXL,XXXL,Robe/Jupe,1.0,431.0,431.0,237.05,193.95,45.0
TXN_002172,2021-08-10,Oct-21,KALAIVANI PERMALU,JNE3683,JNE3683-TU-L,L,Robe/Jupe,1.0,431.0,431.0,237.05,193.95,45.0
TXN_002144,2021-08-10,Oct-21,KALAIVANI PERMALU,JNE3656,JNE3656-TP-M,M,Robe/Jupe,1.0,431.0,431.0,237.05,193.95,45.0
TXN_002145,2021-08-10,Oct-21,KALAIVANI PERMALU,JNE3656,JNE3656-TP-L,L,Robe/Jupe,1.0,431.0,431.0,237.05,193.95,45.0
TXN_002146,2021-08-10,Oct-21,KALAIVANI PERMALU,JNE3656,JNE3656-TP-XL,XL,Robe/Jupe,1.0,431.0,431.0,237.05,193.95,45.0
TXN_002147,2021-08-10,Oct-21,KALAIVANI PERMALU,JNE3656,JNE3656-TP-XXL,XXL,Robe/Jupe,1.0,431.0,431.0,237.05,193.95,45.0
TXN_002148,2021-08-10,Oct-21,KALAIVANI PERMALU,JNE3672,JNE3672-TU-XS,XS,Robe/Jupe,1.0,513.0,513.0,282.15,230.85,45.0
TXN_002149,2021-08-10,Oct-21,KALAIVANI PERMALU,JNE3672,JNE3672-TU-S,S,Robe/Jupe,1.0,513.0,513.0,282.15,230.85,45.0
TXN_002150,2021-08-10,Oct-21,KALAIVANI PERMALU,JNE3672,JNE3672-TU-M,M,Robe/Jupe,1.0,513.0,513.0,282.15,230.85,45.0
TXN_002151,2021-08-10,Oct-21,KALAIVANI PERMALU,JNE3672,JNE3672-TU-L,L,Robe/Jupe,1.0,513.0,513.0,282.15,230.85,45.0
TXN_004615,2021-08-10,Oct-21,KALAIVANI PERMALU,JNE3687,JNE3687-TU-XS,XS,Robe/Jupe,1.0,450.0,450.0,247.5,202.5,45.0
TXN_002153,2021-08-10,Oct-21,KALAIVANI PERMALU,JNE3672,JNE3672-TU-XXL,XXL,Robe/Jupe,1.0,513.0,513.0,282.15,230.85,45.0
TXN_002154,2021-08-10,Oct-21,KALAIVANI PERMALU,JNE3672,JNE3672-TU-XXXL,XXXL,Robe/Jupe,1.0,513.0,513.0,282.15,230.85,45.0
TXN_002155,2021-08-10,Oct-21,KALAIVANI PERMALU,JNE3674,JNE3674-TU-XS,XS,Robe/Jupe,1.0,513.0,513.0,282.15,230.85,45.0
TXN_002156,2021-08-10,Oct-21,KALAIVANI PERMALU,JNE3674,JNE3674-TU-S,S,Robe/Jupe,1.0,513.0,513.0,282.15,230.85,45.0
TXN_002157,2021-08-10,Oct-21,KALAIVANI PERMALU,JNE3674,JNE3674-TU-M,M,Robe/Jupe,1.0,513.0,513.0,282.15,230.85,45.0
TXN_002152,2021-08-10,Oct-21,KALAIVANI PERMALU,JNE3672,JNE3672-TU-XL,XL,Robe/Jupe,1.0,513.0,513.0,282.15,230.85,45.0
TXN_002159,2021-08-10,Oct-21,KALAIVANI PERMALU,JNE3674,JNE3674-TU-XL,XL,Robe/Jupe,1.0,513.0,513.0,282.15,230.85,45.0
TXN_002171,2021-08-10,Oct-21,KALAIVANI PERMALU,JNE3683,JNE3683-TU-M,M,Robe/Jupe,1.0,431.0,431.0,237.05,193.95,45.0
TXN_002158,2021-08-10,Oct-21,KALAIVANI PERMALU,JNE3674,JNE3674-TU-L,L,Robe/Jupe,1.0,513.0,513.0,282.15,230.85,45.0
TXN_002169,2021-08-10,Oct-21,KALAIVANI PERMALU,JNE3683,JNE3683-TU-XS,XS,Robe/Jupe,1.0,431.0,431.0,237.05,193.95,45.0
TXN_002168,2021-08-10,Oct-21,KALAIVANI PERMALU,JNE3678,JNE3678-TU-XXXL,XXXL,Robe/Jupe,1.0,431.0,431.0,237.05,193.95,45.0
TXN_002167,2021-08-10,Oct-21,KALAIVANI PERMALU,JNE3678,JNE3678-TU-XXL,XXL,Robe/Jupe,1.0,431.0,431.0,237.05,193.95,45.0
TXN_002166,2021-08-10,Oct-21,KALAIVANI PERMALU,JNE3678,JNE3678-TU-S,S,Robe/Jupe,1.0,431.0,431.0,237.05,193.95,45.0
TXN_002170,2021-08-10,Oct-21,KALAIVANI PERMALU,JNE3683,JNE3683-TU-S,S,Robe/Jupe,1.0,431.0,431.0,237.05,193.95,45.0
TXN_002164,2021-08-10,Oct-21,KALAIVANI PERMALU,JNE3687,JNE3687-TU-XXXL,XXXL,Robe/Jupe,1.0,450.0,450.0,247.5,202.5,45.0
TXN_002163,2021-08-10,Oct-21,KALAIVANI PERMALU,JNE3687,JNE3687-TU-XXL,XXL,Robe/Jupe,1.0,450.0,450.0,247.5,202.5,45.0
TXN_002162,2021-08-10,Oct-21,KALAIVANI PERMALU,JNE3687,JNE3687-TU-S,S,Robe/Jupe,1.0,450.0,450.0,247.5,202.5,45.0
TXN_002160,2021-08-10,Oct-21,KALAIVANI PERMALU,JNE3674,JNE3674-TU-XXXL,XXXL,Robe/Jupe,1.0,513.0,513.0,282.15,230.85,45.0
TXN_002161,2021-08-10,Oct-21,KALAIVANI PERMALU,JNE3687,JNE3687-TU-XS,XS,Robe/Jupe,1.0,450.0,450.0,247.5,202.5,45.0
TXN_002165,2021-08-10,Oct-21,KALAIVANI PERMALU,JNE3678,JNE3678-TU-XS,XS,Robe/Jupe,1.0,431.0,431.0,237.05,193.95,45.0
TXN_000365,2021-09-07,Jul-21,COTTON CLOSET LTD,SET083,SET083-KR-PP-M,M,Ensemble,1.0,931.25,847.0,512.19,334.81,39.53
TXN_000364,2021-09-07,Jul-21,COTTON CLOSET LTD,SET083,SET083-KR-PP-S,S,Ensemble,1.0,931.25,847.0,512.19,334.81,39.53
TXN_000363,2021-09-07,Jul-21,COTTON CLOSET LTD,SET083,SET083-KR-PP-XS,XS,Ensemble,1.0,931.25,847.0,512.19,334.81,39.53
TXN_000362,2021-09-07,Jul-21,COTTON CLOSET LTD,J0246,J0246-SKD-XXXL,XXXL,Robe/Jupe,1.0,1305.56,1188.0,718.06,469.94,39.56
TXN_000361,2021-09-07,Jul-21,COTTON CLOSET LTD,J0246,J0246-SKD-XXL,XXL,Robe/Jupe,1.0,1305.56,1188.0,718.06,469.94,39.56
TXN_000358,2021-09-07,Jul-21,COTTON CLOSET LTD,J0246,J0246-SKD-M,M,Robe/Jupe,1.0,1305.56,1188.0,718.06,469.94,39.56
TXN_000359,2021-09-07,Jul-21,COTTON CLOSET LTD,J0246,J0246-SKD-L,L,Robe/Jupe,1.0,1305.56,1188.0,718.06,469.94,39.56
TXN_000357,2021-09-07,Jul-21,COTTON CLOSET LTD,J0246,J0246-SKD-S,S,Robe/Jupe,1.0,1305.56,1188.0,718.06,469.94,39.56
TXN_000356,2021-09-07,Jul-21,COTTON CLOSET LTD,J0246,J0246-SKD-XS,XS,Robe/Jupe,1.0,1305.56,1188.0,718.06,469.94,39.56
TXN_000355,2021-09-07,Jul-21,COTTON CLOSET LTD,J0009,J0009-SKD-XXXL,XXXL,Robe/Jupe,1.0,1064.94,969.0,585.72,383.28,39.55
TXN_000354,2021-09-07,Jul-21,COTTON CLOSET LTD,J0009,J0009-SKD-XXL,XXL,Robe/Jupe,1.0,1064.94,969.0,585.72,383.28,39.55
TXN_000366,2021-09-07,Jul-21,COTTON CLOSET LTD,SET083,SET083-KR-PP-XXXL,XXXL,Ensemble,1.0,931.25,847.0,512.19,334.81,39.53
TXN_000360,2021-09-07,Jul-21,COTTON CLOSET LTD,J0246,J0246-SKD-XL,XL,Robe/Jupe,1.0,1305.56,1188.0,718.06,469.94,39.56
TXN_000367,2021-09-07,Jul-21,COTTON CLOSET LTD,J0148,J0148-SET-XS,XS,Robe/Jupe,1.0,927.44,844.0,510.09,333.91,39.56
TXN_000382,2021-09-07,Jul-21,COTTON CLOSET LTD,J0147,J0147-SET-S,S,Robe/Jupe,1.0,1030.56,938.0,566.81,371.19,39.57
TXN_000369,2021-09-07,Jul-21,COTTON CLOSET LTD,J0148,J0148-SET-M,M,Robe/Jupe,1.0,927.44,844.0,510.09,333.91,39.56
TXN_000395,2021-09-07,Jul-21,COTTON CLOSET LTD,J0178,J0178-TP-XS,XS,Robe/Jupe,1.0,343.13,312.0,188.72,123.28,39.51
TXN_000396,2021-09-07,Jul-21,COTTON CLOSET LTD,J0178,J0178-TP-S,S,Robe/Jupe,1.0,343.13,312.0,188.72,123.28,39.51
TXN_000397,2021-09-07,Jul-21,COTTON CLOSET LTD,J0178,J0178-TP-L,L,Robe/Jupe,1.0,343.13,312.0,188.72,123.28,39.51
TXN_000398,2021-09-07,Jul-21,COTTON CLOSET LTD,J0178,J0178-TP-XL,XL,Robe/Jupe,1.0,343.13,312.0,188.72,123.28,39.51
TXN_000399,2021-09-07,Jul-21,COTTON CLOSET LTD,J0178,J0178-TP-XXL,XXL,Robe/Jupe,1.0,343.13,312.0,188.72,123.28,39.51
TXN_000400,2021-09-07,Jul-21,COTTON CLOSET LTD,J0178,J0178-TP-XXXL,XXXL,Robe/Jupe,1.0,343.13,312.0,188.72,123.28,39.51
TXN_000401,2021-09-07,Jul-21,COTTON CLOSET LTD,J0121,J0121-TP-XS,XS,Robe/Jupe,1.0,343.13,312.0,188.72,123.28,39.51
TXN_000402,2021-09-07,Jul-21,COTTON CLOSET LTD,J0121,J0121-TP-S,S,Robe/Jupe,1.0,343.13,312.0,188.72,123.28,39.51
TXN_000403,2021-09-07,Jul-21,COTTON CLOSET LTD,J0121,J0121-TP-M,M,Robe/Jupe,1.0,343.13,312.0,188.72,123.28,39.51
TXN_000404,2021-09-07,Jul-21,COTTON CLOSET LTD,J0121,J0121-TP-L,L,Robe/Jupe,1.0,343.13,312.0,188.72,123.28,39.51
TXN_000405,2021-09-07,Jul-21,COTTON CLOSET LTD,J0121,J0121-TP-XL,XL,Robe/Jupe,1.0,343.13,312.0,188.72,123.28,39.51
TXN_000406,2021-09-07,Jul-21,COTTON CLOSET LTD,J0121,J0121-TP-XXL,XXL,Robe/Jupe,1.0,343.13,312.0,188.72,123.28,39.51
TXN_000407,2021-09-07,Jul-21,COTTON CLOSET LTD,J0121,J0121-TP-XXXL,XXXL,Robe/Jupe,1.0,343.13,312.0,188.72,123.28,39.51
TXN_000408,2021-09-07,Jul-21,COTTON CLOSET LTD,JNE3713,JNE3713-TP-XS,XS,Robe/Jupe,1.0,387.5,353.0,213.13,139.87,39.62
TXN_000409,2021-09-07,Jul-21,COTTON CLOSET LTD,JNE3713,JNE3713-TP-S,S,Robe/Jupe,1.0,387.5,353.0,213.13,139.87,39.62
TXN_000410,2021-09-07,Jul-21,COTTON CLOSET LTD,JNE3713,JNE3713-TP-M,M,Robe/Jupe,1.0,387.5,353.0,213.13,139.87,39.62
TXN_000411,2021-09-07,Jul-21,COTTON CLOSET LTD,JNE3713,JNE3713-TP-L,L,Robe/Jupe,1.0,387.5,353.0,213.13,139.87,39.62
TXN_000412,2021-09-07,Jul-21,COTTON CLOSET LTD,JNE3713,JNE3713-TP-XL,XL,Robe/Jupe,1.0,387.5,353.0,213.13,139.87,39.62
TXN_000413,2021-09-07,Jul-21,COTTON CLOSET LTD,JNE3713,JNE3713-TP-XXL,XXL,Robe/Jupe,1.0,387.5,353.0,213.13,139.87,39.62
TXN_000394,2021-09-07,Jul-21,COTTON CLOSET LTD,J0186,J0186-SET-XXXL,XXXL,Robe/Jupe,1.0,1374.31,1251.0,755.87,495.13,39.58
TXN_000393,2021-09-07,Jul-21,COTTON CLOSET LTD,J0186,J0186-SET-XXL,XXL,Robe/Jupe,1.0,1374.31,1251.0,755.87,495.13,39.58
TXN_000392,2021-09-07,Jul-21,COTTON CLOSET LTD,J0186,J0186-SET-XL,XL,Robe/Jupe,1.0,1374.31,1251.0,755.87,495.13,39.58
TXN_000391,2021-09-07,Jul-21,COTTON CLOSET LTD,J0186,J0186-SET-L,L,Robe/Jupe,1.0,1374.31,1251.0,755.87,495.13,39.58
TXN_000370,2021-09-07,Jul-21,COTTON CLOSET LTD,J0148,J0148-SET-L,L,Robe/Jupe,1.0,927.44,844.0,510.09,333.91,39.56
TXN_000371,2021-09-07,Jul-21,COTTON CLOSET LTD,J0148,J0148-SET-XL,XL,Robe/Jupe,1.0,927.44,844.0,510.09,333.91,39.56
TXN_000372,2021-09-07,Jul-21,COTTON CLOSET LTD,J0148,J0148-SET-XXL,XXL,Robe/Jupe,1.0,927.44,844.0,510.09,333.91,39.56
TXN_000373,2021-09-07,Jul-21,COTTON CLOSET LTD,J0148,J0148-SET-XXXL,XXXL,Robe/Jupe,1.0,927.44,844.0,510.09,333.91,39.56
TXN_000374,2021-09-07,Jul-21,COTTON CLOSET LTD,SET110,SET110-KR-PP-XS,XS,Ensemble,1.0,931.25,847.0,512.19,334.81,39.53
TXN_000375,2021-09-07,Jul-21,COTTON CLOSET LTD,SET110,SET110-KR-PP-S,S,Ensemble,1.0,931.25,847.0,512.19,334.81,39.53
TXN_000376,2021-09-07,Jul-21,COTTON CLOSET LTD,SET110,SET110-KR-PP-M,M,Ensemble,1.0,931.25,847.0,512.19,334.81,39.53
TXN_000377,2021-09-07,Jul-21,COTTON CLOSET LTD,SET110,SET110-KR-PP-L,L,Ensemble,1.0,931.25,847.0,512.19,334.81,39.53
TXN_000378,2021-09-07,Jul-21,COTTON CLOSET LTD,SET110,SET110-KR-PP-XL,XL,Ensemble,1.0,931.25,847.0,512.19,334.81,39.53
TXN_000368,2021-09-07,Jul-21,COTTON CLOSET LTD,J0148,J0148-SET-S,S,Robe/Jupe,1.0,927.44,844.0,510.09,333.91,39.56
TXN_000379,2021-09-07,Jul-21,COTTON CLOSET LTD,SET110,SET110-KR-PP-XXL,XXL,Ensemble,1.0,931.25,847.0,512.19,334.81,39.53
TXN_000381,2021-09-07,Jul-21,COTTON CLOSET LTD,J0147,J0147-SET-XS,XS,Robe/Jupe,1.0,1030.56,938.0,566.81,371.19,39.57
TXN_000383,2021-09-07,Jul-21,COTTON CLOSET LTD,J0147,J0147-SET-M,M,Robe/Jupe,1.0,1030.56,938.0,566.81,371.19,39.57
TXN_000384,2021-09-07,Jul-21,COTTON CLOSET LTD,J0147,J0147-SET-L,L,Robe/Jupe,1.0,1030.56,938.0,566.81,371.19,39.57
TXN_000385,2021-09-07,Jul-21,COTTON CLOSET LTD,J0147,J0147-SET-XL,XL,Robe/Jupe,1.0,1030.56,938.0,566.81,371.19,39.57
TXN_000386,2021-09-07,Jul-21,COTTON CLOSET LTD,J0147,J0147-SET-XXL,XXL,Robe/Jupe,1.0,1030.56,938.0,566.81,371.19,39.57
TXN_000387,2021-09-07,Jul-21,COTTON CLOSET LTD,J0147,J0147-SET-XXXL,XXXL,Robe/Jupe,1.0,1030.56,938.0,566.81,371.19,39.57
TXN_000388,2021-09-07,Jul-21,COTTON CLOSET LTD,J0186,J0186-SET-XS,XS,Robe/Jupe,1.0,1374.31,1251.0,755.87,495.13,39.58
TXN_000389,2021-09-07,Jul-21,COTTON CLOSET LTD,J0186,J0186-SET-S,S,Robe/Jupe,1.0,1374.31,1251.0,755.87,495.13,39.58
TXN_000390,2021-09-07,Jul-21,COTTON CLOSET LTD,J0186,J0186-SET-M,M,Robe/Jupe,1.0,1374.31,1251.0,755.87,495.13,39.58
TXN_000380,2021-09-07,Jul-21,COTTON CLOSET LTD,SET110,SET110-KR-PP-XXXL,XXXL,Ensemble,1.0,931.25,847.0,512.19,334.81,39.53
TXN_000414,2021-09-07,Jul-21,COTTON CLOSET LTD,JNE3651,JNE3651-TP-XS,XS,Robe/Jupe,1.0,431.25,392.0,237.19,154.81,39.49
TXN_000335,2021-09-07,Jul-21,COTTON CLOSET LTD,SET098,SET098-KR-PP-XXL,XXL,Ensemble,1.0,868.75,791.0,477.81,313.19,39.59
TXN_000352,2021-09-07,Jul-21,COTTON CLOSET LTD,J0009,J0009-SKD-L,L,Robe/Jupe,1.0,1064.94,969.0,585.72,383.28,39.55
TXN_000280,2021-09-07,Jul-21,COTTON CLOSET LTD,SET037,SET037-KR-NP-XL,XL,Ensemble,1.0,681.25,620.0,374.69,245.31,39.57
TXN_000281,2021-09-07,Jul-21,COTTON CLOSET LTD,SET037,SET037-KR-NP-XXL,XXL,Ensemble,1.0,681.25,620.0,374.69,245.31,39.57
TXN_000282,2021-09-07,Jul-21,COTTON CLOSET LTD,SET037,SET037-KR-NP-XXXL,XXXL,Ensemble,1.0,681.25,620.0,374.69,245.31,39.57
TXN_000283,2021-09-07,Jul-21,COTTON CLOSET LTD,SET273,SET273-KR-NP-XS,XS,Ensemble,1.0,681.25,620.0,374.69,245.31,39.57
TXN_000284,2021-09-07,Jul-21,COTTON CLOSET LTD,SET273,SET273-KR-NP-S,S,Ensemble,1.0,681.25,620.0,374.69,245.31,39.57
TXN_000285,2021-09-07,Jul-21,COTTON CLOSET LTD,SET273,SET273-KR-NP-L,L,Ensemble,1.0,681.25,620.0,374.69,245.31,39.57
TXN_000286,2021-09-07,Jul-21,COTTON CLOSET LTD,SET273,SET273-KR-NP-XL,XL,Ensemble,1.0,681.25,620.0,374.69,245.31,39.57
TXN_000287,2021-09-07,Jul-21,COTTON CLOSET LTD,SET273,SET273-KR-NP-XXL,XXL,Ensemble,1.0,681.25,620.0,374.69,245.31,39.57
TXN_000288,2021-09-07,Jul-21,COTTON CLOSET LTD,SET273,SET273-KR-NP-XXXL,XXXL,Ensemble,1.0,681.25,620.0,374.69,245.31,39.57
TXN_000289,2021-09-07,Jul-21,COTTON CLOSET LTD,SET164,SET164-KR-NP-XS,XS,Ensemble,1.0,638.89,581.0,351.39,229.61,39.52
TXN_000290,2021-09-07,Jul-21,COTTON CLOSET LTD,SET164,SET164-KR-NP-S,S,Ensemble,1.0,638.89,581.0,351.39,229.61,39.52
TXN_000291,2021-09-07,Jul-21,COTTON CLOSET LTD,SET164,SET164-KR-NP-XL,XL,Ensemble,1.0,638.89,581.0,351.39,229.61,39.52
TXN_000292,2021-09-07,Jul-21,COTTON CLOSET LTD,SET164,SET164-KR-NP-XXL,XXL,Ensemble,1.0,638.89,581.0,351.39,229.61,39.52
TXN_000293,2021-09-07,Jul-21,COTTON CLOSET LTD,SET164,SET164-KR-NP-XXXL,XXXL,Ensemble,1.0,638.89,581.0,351.39,229.61,39.52
TXN_000294,2021-09-07,Jul-21,COTTON CLOSET LTD,SET038,SET038-KR-PP-XS,XS,Ensemble,1.0,768.75,700.0,422.81,277.19,39.6
TXN_000295,2021-09-07,Jul-21,COTTON CLOSET LTD,SET038,SET038-KR-PP-S,S,Ensemble,1.0,768.75,700.0,422.81,277.19,39.6
TXN_000296,2021-09-07,Jul-21,COTTON CLOSET LTD,SET038,SET038-KR-PP-M,M,Ensemble,1.0,768.75,700.0,422.81,277.19,39.6
TXN_000297,2021-09-07,Jul-21,COTTON CLOSET LTD,SET038,SET038-KR-PP-XL,XL,Ensemble,1.0,768.75,700.0,422.81,277.19,39.6
TXN_000298,2021-09-07,Jul-21,COTTON CLOSET LTD,SET038,SET038-KR-PP-XXL,XXL,Ensemble,1.0,768.75,700.0,422.81,277.19,39.6
TXN_000299,2021-09-07,Jul-21,COTTON CLOSET LTD,SET038,SET038-KR-PP-XXXL,XXXL,Ensemble,1.0,768.75,700.0,422.81,277.19,39.6
TXN_000300,2021-09-07,Jul-21,COTTON CLOSET LTD,SET251,SET251-KR-PP-XS,XS,Ensemble,1.0,806.25,734.0,443.44,290.56,39.59
TXN_000279,2021-09-07,Jul-21,COTTON CLOSET LTD,SET037,SET037-KR-NP-L,L,Ensemble,1.0,681.25,620.0,374.69,245.31,39.57
TXN_000301,2021-09-07,Jul-21,COTTON CLOSET LTD,SET251,SET251-KR-PP-S,S,Ensemble,1.0,806.25,734.0,443.44,290.56,39.59
TXN_000278,2021-09-07,Jul-21,COTTON CLOSET LTD,SET037,SET037-KR-NP-M,M,Ensemble,1.0,681.25,620.0,374.69,245.31,39.57
TXN_000276,2021-09-07,Jul-21,COTTON CLOSET LTD,SET037,SET037-KR-NP-XS,XS,Ensemble,1.0,681.25,620.0,374.69,245.31,39.57
TXN_000254,2021-09-07,Jul-21,COTTON CLOSET LTD,SET234,SET234-KR-PP-S,S,Ensemble,1.0,574.0,522.0,315.7,206.3,39.52
TXN_000255,2021-09-07,Jul-21,COTTON CLOSET LTD,SET234,SET234-KR-PP-M,M,Ensemble,1.0,574.0,522.0,315.7,206.3,39.52
TXN_000256,2021-09-07,Jul-21,COTTON CLOSET LTD,SET234,SET234-KR-PP-L,L,Ensemble,1.0,574.0,522.0,315.7,206.3,39.52
TXN_000257,2021-09-07,Jul-21,COTTON CLOSET LTD,SET234,SET234-KR-PP-XL,XL,Ensemble,1.0,574.0,522.0,315.7,206.3,39.52
TXN_000258,2021-09-07,Jul-21,COTTON CLOSET LTD,SET234,SET234-KR-PP-XXL,XXL,Ensemble,1.0,574.0,522.0,315.7,206.3,39.52
TXN_000259,2021-09-07,Jul-21,COTTON CLOSET LTD,SET131,SET131-KR-NP-XS,XS,Ensemble,1.0,647.19,589.0,355.95,233.05,39.57
TXN_000260,2021-09-07,Jul-21,COTTON CLOSET LTD,SET131,SET131-KR-NP-S,S,Ensemble,1.0,647.19,589.0,355.95,233.05,39.57
TXN_000261,2021-09-07,Jul-21,COTTON CLOSET LTD,SET131,SET131-KR-NP-M,M,Ensemble,1.0,647.19,589.0,355.95,233.05,39.57
TXN_000262,2021-09-07,Jul-21,COTTON CLOSET LTD,SET131,SET131-KR-NP-L,L,Ensemble,1.0,647.19,589.0,355.95,233.05,39.57
TXN_000263,2021-09-07,Jul-21,COTTON CLOSET LTD,SET131,SET131-KR-NP-XL,XL,Ensemble,1.0,647.19,589.0,355.95,233.05,39.57
TXN_000264,2021-09-07,Jul-21,COTTON CLOSET LTD,SET131,SET131-KR-NP-XXL,XXL,Ensemble,1.0,647.19,589.0,355.95,233.05,39.57
TXN_000265,2021-09-07,Jul-21,COTTON CLOSET LTD,SET131,SET131-KR-NP-XXXL,XXXL,Ensemble,1.0,647.19,589.0,355.95,233.05,39.57
TXN_000266,2021-09-07,Jul-21,COTTON CLOSET LTD,SET231,SET231-KR-PP-S,S,Ensemble,1.0,582.59,530.0,320.42,209.58,39.54
TXN_000267,2021-09-07,Jul-21,COTTON CLOSET LTD,SET231,SET231-KR-PP-M,M,Ensemble,1.0,582.59,530.0,320.42,209.58,39.54
TXN_000268,2021-09-07,Jul-21,COTTON CLOSET LTD,SET231,SET231-KR-PP-L,L,Ensemble,1.0,582.59,530.0,320.42,209.58,39.54
TXN_000269,2021-09-07,Jul-21,COTTON CLOSET LTD,SET231,SET231-KR-PP-XL,XL,Ensemble,1.0,582.59,530.0,320.42,209.58,39.54
TXN_000270,2021-09-07,Jul-21,COTTON CLOSET LTD,SET231,SET231-KR-PP-XXL,XXL,Ensemble,1.0,582.59,530.0,320.42,209.58,39.54
TXN_000272,2021-09-07,Jul-21,COTTON CLOSET LTD,SET235,SET235-KR-PP-M,M,Ensemble,1.0,583.33,531.0,320.83,210.17,39.58
TXN_000273,2021-09-07,Jul-21,COTTON CLOSET LTD,SET235,SET235-KR-PP-L,L,Ensemble,1.0,583.33,531.0,320.83,210.17,39.58
TXN_000274,2021-09-07,Jul-21,COTTON CLOSET LTD,SET235,SET235-KR-PP-XL,XL,Ensemble,1.0,583.33,531.0,320.83,210.17,39.58
TXN_000275,2021-09-07,Jul-21,COTTON CLOSET LTD,SET235,SET235-KR-PP-XXL,XXL,Ensemble,1.0,583.33,531.0,320.83,210.17,39.58
TXN_000277,2021-09-07,Jul-21,COTTON CLOSET LTD,SET037,SET037-KR-NP-S,S,Ensemble,1.0,681.25,620.0,374.69,245.31,39.57
TXN_000353,2021-09-07,Jul-21,COTTON CLOSET LTD,J0009,J0009-SKD-XL,XL,Robe/Jupe,1.0,1064.94,969.0,585.72,383.28,39.55
TXN_000302,2021-09-07,Jul-21,COTTON CLOSET LTD,SET251,SET251-KR-PP-M,M,Ensemble,1.0,806.25,734.0,443.44,290.56,39.59
TXN_000304,2021-09-07,Jul-21,COTTON CLOSET LTD,SET251,SET251-KR-PP-XL,XL,Ensemble,1.0,806.25,734.0,443.44,290.56,39.59
TXN_000330,2021-09-07,Jul-21,COTTON CLOSET LTD,SET098,SET098-KR-PP-XS,XS,Ensemble,1.0,868.75,791.0,477.81,313.19,39.59
TXN_000331,2021-09-07,Jul-21,COTTON CLOSET LTD,SET098,SET098-KR-PP-S,S,Ensemble,1.0,868.75,791.0,477.81,313.19,39.59
TXN_000332,2021-09-07,Jul-21,COTTON CLOSET LTD,SET098,SET098-KR-PP-M,M,Ensemble,1.0,868.75,791.0,477.81,313.19,39.59
TXN_000333,2021-09-07,Jul-21,COTTON CLOSET LTD,SET098,SET098-KR-PP-L,L,Ensemble,1.0,868.75,791.0,477.81,313.19,39.59
TXN_000334,2021-09-07,Jul-21,COTTON CLOSET LTD,SET098,SET098-KR-PP-XL,XL,Ensemble,1.0,868.75,791.0,477.81,313.19,39.59
TXN_000336,2021-09-07,Jul-21,COTTON CLOSET LTD,SET098,SET098-KR-PP-XXXL,XXXL,Ensemble,1.0,868.75,791.0,477.81,313.19,39.59
TXN_000337,2021-09-07,Jul-21,COTTON CLOSET LTD,SET183,SET183-KR-DH-XS,XS,Ensemble,1.0,868.75,791.0,477.81,313.19,39.59
TXN_000338,2021-09-07,Jul-21,COTTON CLOSET LTD,SET183,SET183-KR-DH-S,S,Ensemble,1.0,868.75,791.0,477.81,313.19,39.59
TXN_000339,2021-09-07,Jul-21,COTTON CLOSET LTD,SET183,SET183-KR-DH-L,L,Ensemble,1.0,868.75,791.0,477.81,313.19,39.59
TXN_000340,2021-09-07,Jul-21,COTTON CLOSET LTD,SET183,SET183-KR-DH-XL,XL,Ensemble,1.0,868.75,791.0,477.81,313.19,39.59
TXN_000341,2021-09-07,Jul-21,COTTON CLOSET LTD,SET183,SET183-KR-DH-XXL,XXL,Ensemble,1.0,868.75,791.0,477.81,313.19,39.59
TXN_000342,2021-09-07,Jul-21,COTTON CLOSET LTD,SET183,SET183-KR-DH-XXXL,XXXL,Ensemble,1.0,868.75,791.0,477.81,313.19,39.59
TXN_000343,2021-09-07,Jul-21,COTTON CLOSET LTD,J0137,J0137-SET-XS,XS,Robe/Jupe,1.0,893.06,813.0,491.18,321.82,39.58
TXN_000344,2021-09-07,Jul-21,COTTON CLOSET LTD,J0137,J0137-SET-S,S,Robe/Jupe,1.0,893.06,813.0,491.18,321.82,39.58
TXN_000345,2021-09-07,Jul-21,COTTON CLOSET LTD,J0137,J0137-SET-M,M,Robe/Jupe,1.0,893.06,813.0,491.18,321.82,39.58
TXN_000346,2021-09-07,Jul-21,COTTON CLOSET LTD,J0137,J0137-SET-L,L,Robe/Jupe,1.0,893.06,813.0,491.18,321.82,39.58
TXN_000347,2021-09-07,Jul-21,COTTON CLOSET LTD,J0137,J0137-SET-XL,XL,Robe/Jupe,1.0,893.06,813.0,491.18,321.82,39.58
TXN_000348,2021-09-07,Jul-21,COTTON CLOSET LTD,J0137,J0137-SET-XXL,XXL,Robe/Jupe,1.0,893.06,813.0,491.18,321.82,39.58
TXN_000349,2021-09-07,Jul-21,COTTON CLOSET LTD,J0137,J0137-SET-XXXL,XXXL,Robe/Jupe,1.0,893.06,813.0,491.18,321.82,39.58
TXN_000350,2021-09-07,Jul-21,COTTON CLOSET LTD,J0009,J0009-SKD-XS,XS,Robe/Jupe,1.0,1064.94,969.0,585.72,383.28,39.55
TXN_000351,2021-09-07,Jul-21,COTTON CLOSET LTD,J0009,J0009-SKD-S,S,Robe/Jupe,1.0,1064.94,969.0,585.72,383.28,39.55
TXN_000329,2021-09-07,Jul-21,COTTON CLOSET LTD,SET270,SET270-KR-PP-XXL,XXL,Ensemble,1.0,868.75,791.0,477.81,313.19,39.59
TXN_000303,2021-09-07,Jul-21,COTTON CLOSET LTD,SET251,SET251-KR-PP-L,L,Ensemble,1.0,806.25,734.0,443.44,290.56,39.59
TXN_000328,2021-09-07,Jul-21,COTTON CLOSET LTD,SET270,SET270-KR-PP-XL,XL,Ensemble,1.0,868.75,791.0,477.81,313.19,39.59
TXN_000326,2021-09-07,Jul-21,COTTON CLOSET LTD,SET270,SET270-KR-PP-M,M,Ensemble,1.0,868.75,791.0,477.81,313.19,39.59
TXN_000305,2021-09-07,Jul-21,COTTON CLOSET LTD,SET251,SET251-KR-PP-XXL,XXL,Ensemble,1.0,806.25,734.0,443.44,290.56,39.59
TXN_000306,2021-09-07,Jul-21,COTTON CLOSET LTD,SET251,SET251-KR-PP-XXXL,XXXL,Ensemble,1.0,806.25,734.0,443.44,290.56,39.59
TXN_000307,2021-09-07,Jul-21,COTTON CLOSET LTD,SET205,SET205-KR-DPT-XS,XS,Ensemble,1.0,825.31,751.0,453.92,297.08,39.56
TXN_000308,2021-09-07,Jul-21,COTTON CLOSET LTD,SET205,SET205-KR-DPT-S,S,Ensemble,1.0,825.31,751.0,453.92,297.08,39.56
TXN_000309,2021-09-07,Jul-21,COTTON CLOSET LTD,SET205,SET205-KR-DPT-M,M,Ensemble,1.0,825.31,751.0,453.92,297.08,39.56
TXN_000310,2021-09-07,Jul-21,COTTON CLOSET LTD,SET205,SET205-KR-DPT-XL,XL,Ensemble,1.0,825.31,751.0,453.92,297.08,39.56
TXN_000311,2021-09-07,Jul-21,COTTON CLOSET LTD,SET205,SET205-KR-DPT-XXL,XXL,Ensemble,1.0,825.31,751.0,453.92,297.08,39.56
TXN_000312,2021-09-07,Jul-21,COTTON CLOSET LTD,SET205,SET205-KR-DPT-XXXL,XXXL,Ensemble,1.0,825.31,751.0,453.92,297.08,39.56
TXN_000313,2021-09-07,Jul-21,COTTON CLOSET LTD,J0134,J0134-SET-XS,XS,Robe/Jupe,1.0,843.13,767.0,463.72,303.28,39.54
TXN_000314,2021-09-07,Jul-21,COTTON CLOSET LTD,J0134,J0134-SET-S,S,Robe/Jupe,1.0,843.13,767.0,463.72,303.28,39.54
TXN_000315,2021-09-07,Jul-21,COTTON CLOSET LTD,J0134,J0134-SET-M,M,Robe/Jupe,1.0,843.13,767.0,463.72,303.28,39.54
TXN_000316,2021-09-07,Jul-21,COTTON CLOSET LTD,J0134,J0134-SET-L,L,Robe/Jupe,1.0,843.13,767.0,463.72,303.28,39.54
TXN_000317,2021-09-07,Jul-21,COTTON CLOSET LTD,J0134,J0134-SET-XL,XL,Robe/Jupe,1.0,843.13,767.0,463.72,303.28,39.54
TXN_000318,2021-09-07,Jul-21,COTTON CLOSET LTD,J0134,J0134-SET-XXL,XXL,Robe/Jupe,1.0,843.13,767.0,463.72,303.28,39.54
TXN_000319,2021-09-07,Jul-21,COTTON CLOSET LTD,J0134,J0134-SET-XXXL,XXXL,Robe/Jupe,1.0,843.13,767.0,463.72,303.28,39.54
TXN_000320,2021-09-07,Jul-21,COTTON CLOSET LTD,SET197,SET197-KR-NP-XS,XS,Ensemble,1.0,868.75,791.0,477.81,313.19,39.59
TXN_000321,2021-09-07,Jul-21,COTTON CLOSET LTD,SET197,SET197-KR-NP-L,L,Ensemble,1.0,868.75,791.0,477.81,313.19,39.59
TXN_000322,2021-09-07,Jul-21,COTTON CLOSET LTD,SET197,SET197-KR-NP-XL,XL,Ensemble,1.0,868.75,791.0,477.81,313.19,39.59
TXN_000323,2021-09-07,Jul-21,COTTON CLOSET LTD,SET197,SET197-KR-NP-XXL,XXL,Ensemble,1.0,868.75,791.0,477.81,313.19,39.59
TXN_000324,2021-09-07,Jul-21,COTTON CLOSET LTD,SET197,SET197-KR-NP-XXXL,XXXL,Ensemble,1.0,868.75,791.0,477.81,313.19,39.59
TXN_000325,2021-09-07,Jul-21,COTTON CLOSET LTD,SET270,SET270-KR-PP-S,S,Ensemble,1.0,868.75,791.0,477.81,313.19,39.59
TXN_000327,2021-09-07,Jul-21,COTTON CLOSET LTD,SET270,SET270-KR-PP-L,L,Ensemble,1.0,868.75,791.0,477.81,313.19,39.59
TXN_000271,2021-09-07,Jul-21,COTTON CLOSET LTD,SET235,SET235-KR-PP-S,S,Ensemble,1.0,583.33,531.0,320.83,210.17,39.58
TXN_000792,2021-09-07,Jul-21,COTTON CLOSET LTD,JNE2307,JNE2307-KR-572-L,L,Robe/Jupe,1.0,444.38,404.0,244.41,159.59,39.5
TXN_000709,2021-09-07,Jul-21,COTTON CLOSET LTD,JNE3455,JNE3455-KR-XL,XL,Robe/Jupe,1.0,356.89,325.0,196.29,128.71,39.6
TXN_000696,2021-09-07,Jul-21,COTTON CLOSET LTD,JNE1977,JNE1977-KR-237-XXL,XXL,Robe/Jupe,1.0,396.75,361.0,218.21,142.79,39.55
TXN_000695,2021-09-07,Jul-21,COTTON CLOSET LTD,JNE1977,JNE1977-KR-237-XL,XL,Robe/Jupe,1.0,396.75,361.0,218.21,142.79,39.55
TXN_000694,2021-09-07,Jul-21,COTTON CLOSET LTD,JNE1977,JNE1977-KR-237-L,L,Robe/Jupe,1.0,396.75,361.0,218.21,142.79,39.55
TXN_000693,2021-09-07,Jul-21,COTTON CLOSET LTD,JNE1977,JNE1977-KR-237-S,S,Robe/Jupe,1.0,396.75,361.0,218.21,142.79,39.55
TXN_000692,2021-09-07,Jul-21,COTTON CLOSET LTD,JNE1977,JNE1977-KR-237-XS,XS,Robe/Jupe,1.0,396.75,361.0,218.21,142.79,39.55
TXN_000691,2021-09-07,Jul-21,COTTON CLOSET LTD,JNE3446,JNE3446-KR-XXL,XXL,Robe/Jupe,1.0,387.5,353.0,213.13,139.87,39.62
TXN_000690,2021-09-07,Jul-21,COTTON CLOSET LTD,JNE3446,JNE3446-KR-XL,XL,Robe/Jupe,1.0,387.5,353.0,213.13,139.87,39.62
TXN_000697,2021-09-07,Jul-21,COTTON CLOSET LTD,JNE1977,JNE1977-KR-237-XXXL,XXXL,Robe/Jupe,1.0,396.75,361.0,218.21,142.79,39.55
TXN_000689,2021-09-07,Jul-21,COTTON CLOSET LTD,JNE3446,JNE3446-KR-L,L,Robe/Jupe,1.0,387.5,353.0,213.13,139.87,39.62
TXN_000687,2021-09-07,Jul-21,COTTON CLOSET LTD,JNE3446,JNE3446-KR-S,S,Robe/Jupe,1.0,387.5,353.0,213.13,139.87,39.62
TXN_000686,2021-09-07,Jul-21,COTTON CLOSET LTD,JNE3439,JNE3439-KR-XXL,XXL,Robe/Jupe,1.0,387.5,353.0,213.13,139.87,39.62
TXN_000685,2021-09-07,Jul-21,COTTON CLOSET LTD,JNE3439,JNE3439-KR-XL,XL,Robe/Jupe,1.0,387.5,353.0,213.13,139.87,39.62
TXN_000684,2021-09-07,Jul-21,COTTON CLOSET LTD,JNE3439,JNE3439-KR-L,L,Robe/Jupe,1.0,387.5,353.0,213.13,139.87,39.62
TXN_000683,2021-09-07,Jul-21,COTTON CLOSET LTD,JNE3439,JNE3439-KR-M,M,Robe/Jupe,1.0,387.5,353.0,213.13,139.87,39.62
TXN_000682,2021-09-07,Jul-21,COTTON CLOSET LTD,JNE3439,JNE3439-KR-S,S,Robe/Jupe,1.0,387.5,353.0,213.13,139.87,39.62
TXN_000681,2021-09-07,Jul-21,COTTON CLOSET LTD,JNE3423,JNE3423-KR-XXL,XXL,Robe/Jupe,1.0,387.5,353.0,213.13,139.87,39.62
TXN_000688,2021-09-07,Jul-21,COTTON CLOSET LTD,JNE3446,JNE3446-KR-M,M,Robe/Jupe,1.0,387.5,353.0,213.13,139.87,39.62
TXN_000698,2021-09-07,Jul-21,COTTON CLOSET LTD,JNE1978,JNE1978-KR-238-XS,XS,Robe/Jupe,1.0,396.75,361.0,218.21,142.79,39.55
TXN_000699,2021-09-07,Jul-21,COTTON CLOSET LTD,JNE1978,JNE1978-KR-238-S,S,Robe/Jupe,1.0,396.75,361.0,218.21,142.79,39.55
TXN_000700,2021-09-07,Jul-21,COTTON CLOSET LTD,JNE1978,JNE1978-KR-238-M,M,Robe/Jupe,1.0,396.75,361.0,218.21,142.79,39.55
TXN_000717,2021-09-07,Jul-21,COTTON CLOSET LTD,JNE3042,JNE3042-KR-XS,XS,Robe/Jupe,1.0,409.69,373.0,225.33,147.67,39.59
TXN_000716,2021-09-07,Jul-21,COTTON CLOSET LTD,JNE1998,JNE1998-KR-311-XXL,XXL,Robe/Jupe,1.0,409.69,373.0,225.33,147.67,39.59
TXN_000715,2021-09-07,Jul-21,COTTON CLOSET LTD,JNE1998,JNE1998-KR-311-XL,XL,Robe/Jupe,1.0,409.69,373.0,225.33,147.67,39.59
TXN_000714,2021-09-07,Jul-21,COTTON CLOSET LTD,JNE1998,JNE1998-KR-311-L,L,Robe/Jupe,1.0,409.69,373.0,225.33,147.67,39.59
TXN_000713,2021-09-07,Jul-21,COTTON CLOSET LTD,JNE1998,JNE1998-KR-311-M,M,Robe/Jupe,1.0,409.69,373.0,225.33,147.67,39.59
TXN_000712,2021-09-07,Jul-21,COTTON CLOSET LTD,JNE1998,JNE1998-KR-311-S,S,Robe/Jupe,1.0,409.69,373.0,225.33,147.67,39.59
TXN_000711,2021-09-07,Jul-21,COTTON CLOSET LTD,JNE3455,JNE3455-KR-XXXL,XXXL,Robe/Jupe,1.0,356.89,325.0,196.29,128.71,39.6
TXN_000710,2021-09-07,Jul-21,COTTON CLOSET LTD,JNE3455,JNE3455-KR-XXL,XXL,Robe/Jupe,1.0,356.89,325.0,196.29,128.71,39.6
TXN_000459,2021-09-07,Jul-21,COTTON CLOSET LTD,J0118,J0118-TP-XXXL,XXXL,Robe/Jupe,1.0,446.19,406.0,245.4,160.6,39.56
TXN_000708,2021-09-07,Jul-21,COTTON CLOSET LTD,JNE3455,JNE3455-KR-L,L,Robe/Jupe,1.0,356.89,325.0,196.29,128.71,39.6
TXN_000707,2021-09-07,Jul-21,COTTON CLOSET LTD,JNE3455,JNE3455-KR-M,M,Robe/Jupe,1.0,356.89,325.0,196.29,128.71,39.6
TXN_000706,2021-09-07,Jul-21,COTTON CLOSET LTD,JNE3455,JNE3455-KR-S,S,Robe/Jupe,1.0,356.89,325.0,196.29,128.71,39.6
TXN_000705,2021-09-07,Jul-21,COTTON CLOSET LTD,JNE3455,JNE3455-KR-XS,XS,Robe/Jupe,1.0,356.89,325.0,196.29,128.71,39.6
TXN_000704,2021-09-07,Jul-21,COTTON CLOSET LTD,JNE1978,JNE1978-KR-238-XXXL,XXXL,Robe/Jupe,1.0,396.75,361.0,218.21,142.79,39.55
TXN_000703,2021-09-07,Jul-21,COTTON CLOSET LTD,JNE1978,JNE1978-KR-238-XXL,XXL,Robe/Jupe,1.0,396.75,361.0,218.21,142.79,39.55
TXN_000702,2021-09-07,Jul-21,COTTON CLOSET LTD,JNE1978,JNE1978-KR-238-XL,XL,Robe/Jupe,1.0,396.75,361.0,218.21,142.79,39.55
TXN_000701,2021-09-07,Jul-21,COTTON CLOSET LTD,JNE1978,JNE1978-KR-238-L,L,Robe/Jupe,1.0,396.75,361.0,218.21,142.79,39.55
TXN_000680,2021-09-07,Jul-21,COTTON CLOSET LTD,JNE3423,JNE3423-KR-XL,XL,Robe/Jupe,1.0,387.5,353.0,213.13,139.87,39.62
TXN_000718,2021-09-07,Jul-21,COTTON CLOSET LTD,JNE3042,JNE3042-KR-S,S,Robe/Jupe,1.0,409.69,373.0,225.33,147.67,39.59
TXN_000679,2021-09-07,Jul-21,COTTON CLOSET LTD,JNE3423,JNE3423-KR-L,L,Robe/Jupe,1.0,387.5,353.0,213.13,139.87,39.62
TXN_000677,2021-09-07,Jul-21,COTTON CLOSET LTD,JNE3423,JNE3423-KR-S,S,Robe/Jupe,1.0,387.5,353.0,213.13,139.87,39.62
TXN_000597,2021-09-07,Jul-21,COTTON CLOSET LTD,BTM041,BTM041-PP-XXL,XXL,Autre,1.0,446.19,406.0,245.4,160.6,39.56
TXN_000596,2021-09-07,Jul-21,COTTON CLOSET LTD,BTM041,BTM041-PP-XL,XL,Autre,1.0,446.19,406.0,245.4,160.6,39.56
TXN_000595,2021-09-07,Jul-21,COTTON CLOSET LTD,BTM041,BTM041-PP-L,L,Autre,1.0,446.19,406.0,245.4,160.6,39.56
TXN_000594,2021-09-07,Jul-21,COTTON CLOSET LTD,BTM041,BTM041-PP-M,M,Autre,1.0,446.19,406.0,245.4,160.6,39.56
TXN_000593,2021-09-07,Jul-21,COTTON CLOSET LTD,BTM041,BTM041-PP-S,S,Autre,1.0,446.19,406.0,245.4,160.6,39.56
TXN_000592,2021-09-07,Jul-21,COTTON CLOSET LTD,BTM041,BTM041-PP-XS,XS,Autre,1.0,446.19,406.0,245.4,160.6,39.56
TXN_000591,2021-09-07,Jul-21,COTTON CLOSET LTD,BTM035,BTM035-NP-XXXL,XXXL,Autre,1.0,343.06,312.0,188.68,123.32,39.53
TXN_000598,2021-09-07,Jul-21,COTTON CLOSET LTD,BTM041,BTM041-PP-XXXL,XXXL,Autre,1.0,446.19,406.0,245.4,160.6,39.56
TXN_000590,2021-09-07,Jul-21,COTTON CLOSET LTD,BTM035,BTM035-NP-XXL,XXL,Autre,1.0,343.06,312.0,188.68,123.32,39.53
TXN_000588,2021-09-07,Jul-21,COTTON CLOSET LTD,BTM035,BTM035-NP-L,L,Autre,1.0,343.06,312.0,188.68,123.32,39.53
TXN_000587,2021-09-07,Jul-21,COTTON CLOSET LTD,BTM035,BTM035-NP-M,M,Autre,1.0,343.06,312.0,188.68,123.32,39.53
TXN_000586,2021-09-07,Jul-21,COTTON CLOSET LTD,BTM035,BTM035-NP-S,S,Autre,1.0,343.06,312.0,188.68,123.32,39.53
TXN_000585,2021-09-07,Jul-21,COTTON CLOSET LTD,BTM035,BTM035-NP-XS,XS,Autre,1.0,343.06,312.0,188.68,123.32,39.53
TXN_000584,2021-09-07,Jul-21,COTTON CLOSET LTD,BTM030,BTM030-NP-XXXL,XXXL,Autre,1.0,343.06,312.0,188.68,123.32,39.53
TXN_000583,2021-09-07,Jul-21,COTTON CLOSET LTD,BTM030,BTM030-NP-XXL,XXL,Autre,1.0,343.06,312.0,188.68,123.32,39.53
TXN_000582,2021-09-07,Jul-21,COTTON CLOSET LTD,BTM030,BTM030-NP-XL,XL,Autre,1.0,343.06,312.0,188.68,123.32,39.53
TXN_000589,2021-09-07,Jul-21,COTTON CLOSET LTD,BTM035,BTM035-NP-XL,XL,Autre,1.0,343.06,312.0,188.68,123.32,39.53
TXN_000599,2021-09-07,Jul-21,COTTON CLOSET LTD,BTM045,BTM045-PP-XS,XS,Autre,1.0,446.19,406.0,245.4,160.6,39.56
TXN_000600,2021-09-07,Jul-21,COTTON CLOSET LTD,BTM045,BTM045-PP-S,S,Autre,1.0,446.19,406.0,245.4,160.6,39.56
TXN_000601,2021-09-07,Jul-21,COTTON CLOSET LTD,BTM045,BTM045-PP-M,M,Autre,1.0,446.19,406.0,245.4,160.6,39.56
TXN_000676,2021-09-07,Jul-21,COTTON CLOSET LTD,JNE3574,JNE3574-KR-XXL,XXL,Robe/Jupe,1.0,387.5,353.0,213.13,139.87,39.62
TXN_000675,2021-09-07,Jul-21,COTTON CLOSET LTD,JNE3574,JNE3574-KR-XL,XL,Robe/Jupe,1.0,387.5,353.0,213.13,139.87,39.62
TXN_000674,2021-09-07,Jul-21,COTTON CLOSET LTD,JNE3574,JNE3574-KR-L,L,Robe/Jupe,1.0,387.5,353.0,213.13,139.87,39.62
TXN_000673,2021-09-07,Jul-21,COTTON CLOSET LTD,JNE3574,JNE3574-KR-M,M,Robe/Jupe,1.0,387.5,353.0,213.13,139.87,39.62
TXN_000672,2021-09-07,Jul-21,COTTON CLOSET LTD,JNE3574,JNE3574-KR-S,S,Robe/Jupe,1.0,387.5,353.0,213.13,139.87,39.62
TXN_000671,2021-09-07,Jul-21,COTTON CLOSET LTD,JNE3440,JNE3440-KR-XXL,XXL,Robe/Jupe,1.0,368.13,335.0,202.47,132.53,39.56
TXN_000670,2021-09-07,Jul-21,COTTON CLOSET LTD,JNE3440,JNE3440-KR-XL,XL,Robe/Jupe,1.0,368.13,335.0,202.47,132.53,39.56
TXN_000669,2021-09-07,Jul-21,COTTON CLOSET LTD,JNE3440,JNE3440-KR-L,L,Robe/Jupe,1.0,368.13,335.0,202.47,132.53,39.56
TXN_000668,2021-09-07,Jul-21,COTTON CLOSET LTD,JNE3440,JNE3440-KR-M,M,Robe/Jupe,1.0,368.13,335.0,202.47,132.53,39.56
TXN_000667,2021-09-07,Jul-21,COTTON CLOSET LTD,JNE3440,JNE3440-KR-S,S,Robe/Jupe,1.0,368.13,335.0,202.47,132.53,39.56
TXN_000666,2021-09-07,Jul-21,COTTON CLOSET LTD,JNE3422,JNE3422-KR-XXL,XXL,Robe/Jupe,1.0,368.13,335.0,202.47,132.53,39.56
TXN_000665,2021-09-07,Jul-21,COTTON CLOSET LTD,JNE3422,JNE3422-KR-XL,XL,Robe/Jupe,1.0,368.13,335.0,202.47,132.53,39.56
TXN_000664,2021-09-07,Jul-21,COTTON CLOSET LTD,JNE3422,JNE3422-KR-L,L,Robe/Jupe,1.0,368.13,335.0,202.47,132.53,39.56
TXN_000663,2021-09-07,Jul-21,COTTON CLOSET LTD,JNE3422,JNE3422-KR-M,M,Robe/Jupe,1.0,368.13,335.0,202.47,132.53,39.56
TXN_000662,2021-09-07,Jul-21,COTTON CLOSET LTD,JNE3422,JNE3422-KR-S,S,Robe/Jupe,1.0,368.13,335.0,202.47,132.53,39.56
TXN_000661,2021-09-07,Jul-21,COTTON CLOSET LTD,J0081,J0081-DR-XXXL,XXXL,Robe/Jupe,1.0,893.06,813.0,491.18,321.82,39.58
TXN_000660,2021-09-07,Jul-21,COTTON CLOSET LTD,J0081,J0081-DR-XXL,XXL,Robe/Jupe,1.0,893.06,813.0,491.18,321.82,39.58
TXN_000678,2021-09-07,Jul-21,COTTON CLOSET LTD,JNE3423,JNE3423-KR-M,M,Robe/Jupe,1.0,387.5,353.0,213.13,139.87,39.62
TXN_000719,2021-09-07,Jul-21,COTTON CLOSET LTD,JNE3042,JNE3042-KR-L,L,Robe/Jupe,1.0,409.69,373.0,225.33,147.67,39.59
TXN_000720,2021-09-07,Jul-21,COTTON CLOSET LTD,JNE3042,JNE3042-KR-XL,XL,Robe/Jupe,1.0,409.69,373.0,225.33,147.67,39.59
TXN_000721,2021-09-07,Jul-21,COTTON CLOSET LTD,JNE3042,JNE3042-KR-XXL,XXL,Robe/Jupe,1.0,409.69,373.0,225.33,147.67,39.59
TXN_000779,2021-09-07,Jul-21,COTTON CLOSET LTD,JNE3443,JNE3443-KR-M,M,Robe/Jupe,1.0,431.25,392.0,237.19,154.81,39.49
TXN_000778,2021-09-07,Jul-21,COTTON CLOSET LTD,JNE3443,JNE3443-KR-S,S,Robe/Jupe,1.0,431.25,392.0,237.19,154.81,39.49
TXN_000777,2021-09-07,Jul-21,COTTON CLOSET LTD,JNE3420,JNE3420-KR-XXL,XXL,Robe/Jupe,1.0,431.25,392.0,237.19,154.81,39.49
TXN_000776,2021-09-07,Jul-21,COTTON CLOSET LTD,JNE3420,JNE3420-KR-XL,XL,Robe/Jupe,1.0,431.25,392.0,237.19,154.81,39.49
TXN_000775,2021-09-07,Jul-21,COTTON CLOSET LTD,JNE3420,JNE3420-KR-L,L,Robe/Jupe,1.0,431.25,392.0,237.19,154.81,39.49
TXN_000774,2021-09-07,Jul-21,COTTON CLOSET LTD,JNE3420,JNE3420-KR-M,M,Robe/Jupe,1.0,431.25,392.0,237.19,154.81,39.49
TXN_000773,2021-09-07,Jul-21,COTTON CLOSET LTD,JNE3420,JNE3420-KR-S,S,Robe/Jupe,1.0,431.25,392.0,237.19,154.81,39.49
TXN_000780,2021-09-07,Jul-21,COTTON CLOSET LTD,JNE3443,JNE3443-KR-L,L,Robe/Jupe,1.0,431.25,392.0,237.19,154.81,39.49
TXN_000772,2021-09-07,Jul-21,COTTON CLOSET LTD,JNE3405,JNE3405-KR-XXXL,XXXL,Robe/Jupe,1.0,431.25,392.0,237.19,154.81,39.49
TXN_000770,2021-09-07,Jul-21,COTTON CLOSET LTD,JNE3405,JNE3405-KR-XL,XL,Robe/Jupe,1.0,431.25,392.0,237.19,154.81,39.49
TXN_000769,2021-09-07,Jul-21,COTTON CLOSET LTD,JNE3405,JNE3405-KR-L,L,Robe/Jupe,1.0,431.25,392.0,237.19,154.81,39.49
TXN_000768,2021-09-07,Jul-21,COTTON CLOSET LTD,JNE3405,JNE3405-KR-M,M,Robe/Jupe,1.0,431.25,392.0,237.19,154.81,39.49
TXN_000767,2021-09-07,Jul-21,COTTON CLOSET LTD,JNE3405,JNE3405-KR-S,S,Robe/Jupe,1.0,431.25,392.0,237.19,154.81,39.49
TXN_000766,2021-09-07,Jul-21,COTTON CLOSET LTD,JNE3405,JNE3405-KR-XS,XS,Robe/Jupe,1.0,431.25,392.0,237.19,154.81,39.49
TXN_000765,2021-09-07,Jul-21,COTTON CLOSET LTD,JNE2014,JNE2014-KR-178-XXXL,XXXL,Robe/Jupe,1.0,431.25,392.0,237.19,154.81,39.49
TXN_000764,2021-09-07,Jul-21,COTTON CLOSET LTD,JNE2014,JNE2014-KR-178-XXL,XXL,Robe/Jupe,1.0,431.25,392.0,237.19,154.81,39.49
TXN_000771,2021-09-07,Jul-21,COTTON CLOSET LTD,JNE3405,JNE3405-KR-XXL,XXL,Robe/Jupe,1.0,431.25,392.0,237.19,154.81,39.49
TXN_000781,2021-09-07,Jul-21,COTTON CLOSET LTD,JNE3443,JNE3443-KR-XL,XL,Robe/Jupe,1.0,431.25,392.0,237.19,154.81,39.49
TXN_000782,2021-09-07,Jul-21,COTTON CLOSET LTD,JNE3443,JNE3443-KR-XXL,XXL,Robe/Jupe,1.0,431.25,392.0,237.19,154.81,39.49
TXN_000783,2021-09-07,Jul-21,COTTON CLOSET LTD,JNE3386,JNE3386-KR-XS,XS,Robe/Jupe,1.0,431.25,392.0,237.19,154.81,39.49
TXN_000901,2021-09-07,Jul-21,COTTON CLOSET LTD,J0138,J0138-KR-XL,XL,Robe/Jupe,1.0,686.81,625.0,377.75,247.25,39.56
TXN_000902,2021-09-07,Jul-21,COTTON CLOSET LTD,J0138,J0138-KR-XXL,XXL,Robe/Jupe,1.0,686.81,625.0,377.75,247.25,39.56
TXN_000903,2021-09-07,Jul-21,COTTON CLOSET LTD,J0138,J0138-KR-XXXL,XXXL,Robe/Jupe,1.0,686.81,625.0,377.75,247.25,39.56
TXN_000904,2021-09-07,Jul-21,COTTON CLOSET LTD,JNE3313,JNE3313-KR-XS,XS,Robe/Jupe,1.0,748.13,681.0,411.47,269.53,39.58
TXN_000905,2021-09-07,Jul-21,COTTON CLOSET LTD,JNE3313,JNE3313-KR-S,S,Robe/Jupe,1.0,748.13,681.0,411.47,269.53,39.58
TXN_000906,2021-09-07,Jul-21,COTTON CLOSET LTD,JNE3313,JNE3313-KR-M,M,Robe/Jupe,1.0,748.13,681.0,411.47,269.53,39.58
TXN_000907,2021-09-07,Jul-21,COTTON CLOSET LTD,JNE3313,JNE3313-KR-L,L,Robe/Jupe,1.0,748.13,681.0,411.47,269.53,39.58
TXN_000908,2021-09-07,Jul-21,COTTON CLOSET LTD,JNE3313,JNE3313-KR-XL,XL,Robe/Jupe,1.0,748.13,681.0,411.47,269.53,39.58
TXN_000909,2021-09-07,Jul-21,COTTON CLOSET LTD,JNE3313,JNE3313-KR-XXL,XXL,Robe/Jupe,1.0,748.13,681.0,411.47,269.53,39.58
TXN_000910,2021-09-07,Jul-21,COTTON CLOSET LTD,JNE3313,JNE3313-KR-XXXL,XXXL,Robe/Jupe,1.0,748.13,681.0,411.47,269.53,39.58
TXN_000790,2021-09-07,Jul-21,COTTON CLOSET LTD,JNE2307,JNE2307-KR-572-S,S,Robe/Jupe,1.0,444.38,404.0,244.41,159.59,39.5
TXN_000789,2021-09-07,Jul-21,COTTON CLOSET LTD,JNE3386,JNE3386-KR-XXXL,XXXL,Robe/Jupe,1.0,431.25,392.0,237.19,154.81,39.49
TXN_000788,2021-09-07,Jul-21,COTTON CLOSET LTD,JNE3386,JNE3386-KR-XXL,XXL,Robe/Jupe,1.0,431.25,392.0,237.19,154.81,39.49
TXN_000787,2021-09-07,Jul-21,COTTON CLOSET LTD,JNE3386,JNE3386-KR-XL,XL,Robe/Jupe,1.0,431.25,392.0,237.19,154.81,39.49
TXN_000786,2021-09-07,Jul-21,COTTON CLOSET LTD,JNE3386,JNE3386-KR-L,L,Robe/Jupe,1.0,431.25,392.0,237.19,154.81,39.49
TXN_000785,2021-09-07,Jul-21,COTTON CLOSET LTD,JNE3386,JNE3386-KR-M,M,Robe/Jupe,1.0,431.25,392.0,237.19,154.81,39.49
TXN_000784,2021-09-07,Jul-21,COTTON CLOSET LTD,JNE3386,JNE3386-KR-S,S,Robe/Jupe,1.0,431.25,392.0,237.19,154.81,39.49
TXN_000763,2021-09-07,Jul-21,COTTON CLOSET LTD,JNE2014,JNE2014-KR-178-XL,XL,Robe/Jupe,1.0,431.25,392.0,237.19,154.81,39.49
TXN_000762,2021-09-07,Jul-21,COTTON CLOSET LTD,JNE2014,JNE2014-KR-178-L,L,Robe/Jupe,1.0,431.25,392.0,237.19,154.81,39.49
TXN_000761,2021-09-07,Jul-21,COTTON CLOSET LTD,JNE2014,JNE2014-KR-178-M,M,Robe/Jupe,1.0,431.25,392.0,237.19,154.81,39.49
TXN_000760,2021-09-07,Jul-21,COTTON CLOSET LTD,JNE2014,JNE2014-KR-178-S,S,Robe/Jupe,1.0,431.25,392.0,237.19,154.81,39.49
TXN_000738,2021-09-07,Jul-21,COTTON CLOSET LTD,JNE3606,JNE3606-KR-XS,XS,Robe/Jupe,1.0,431.25,392.0,237.19,154.81,39.49
TXN_000737,2021-09-07,Jul-21,COTTON CLOSET LTD,JNE3627,JNE3627-KR-XXL,XXL,Robe/Jupe,1.0,431.25,392.0,237.19,154.81,39.49
TXN_000736,2021-09-07,Jul-21,COTTON CLOSET LTD,JNE3627,JNE3627-KR-XL,XL,Robe/Jupe,1.0,431.25,392.0,237.19,154.81,39.49
TXN_000735,2021-09-07,Jul-21,COTTON CLOSET LTD,JNE3627,JNE3627-KR-L,L,Robe/Jupe,1.0,431.25,392.0,237.19,154.81,39.49
TXN_000734,2021-09-07,Jul-21,COTTON CLOSET LTD,JNE3627,JNE3627-KR-M,M,Robe/Jupe,1.0,431.25,392.0,237.19,154.81,39.49
TXN_000733,2021-09-07,Jul-21,COTTON CLOSET LTD,JNE3627,JNE3627-KR-S,S,Robe/Jupe,1.0,431.25,392.0,237.19,154.81,39.49
TXN_000732,2021-09-07,Jul-21,COTTON CLOSET LTD,JNE3575,JNE3575-KR-XXL,XXL,Robe/Jupe,1.0,431.25,392.0,237.19,154.81,39.49
TXN_000731,2021-09-07,Jul-21,COTTON CLOSET LTD,JNE3575,JNE3575-KR-XL,XL,Robe/Jupe,1.0,431.25,392.0,237.19,154.81,39.49
TXN_000730,2021-09-07,Jul-21,COTTON CLOSET LTD,JNE3575,JNE3575-KR-L,L,Robe/Jupe,1.0,431.25,392.0,237.19,154.81,39.49
TXN_000729,2021-09-07,Jul-21,COTTON CLOSET LTD,JNE3575,JNE3575-KR-M,M,Robe/Jupe,1.0,431.25,392.0,237.19,154.81,39.49
TXN_000728,2021-09-07,Jul-21,COTTON CLOSET LTD,JNE3575,JNE3575-KR-S,S,Robe/Jupe,1.0,431.25,392.0,237.19,154.81,39.49
TXN_000727,2021-09-07,Jul-21,COTTON CLOSET LTD,JNE3489,JNE3489-KR-XXL,XXL,Robe/Jupe,1.0,431.25,392.0,237.19,154.81,39.49
TXN_000726,2021-09-07,Jul-21,COTTON CLOSET LTD,JNE3489,JNE3489-KR-XL,XL,Robe/Jupe,1.0,431.25,392.0,237.19,154.81,39.49
TXN_000725,2021-09-07,Jul-21,COTTON CLOSET LTD,JNE3489,JNE3489-KR-L,L,Robe/Jupe,1.0,431.25,392.0,237.19,154.81,39.49
TXN_000724,2021-09-07,Jul-21,COTTON CLOSET LTD,JNE3489,JNE3489-KR-M,M,Robe/Jupe,1.0,431.25,392.0,237.19,154.81,39.49
TXN_000723,2021-09-07,Jul-21,COTTON CLOSET LTD,JNE3489,JNE3489-KR-S,S,Robe/Jupe,1.0,431.25,392.0,237.19,154.81,39.49
TXN_000722,2021-09-07,Jul-21,COTTON CLOSET LTD,JNE3042,JNE3042-KR-XXXL,XXXL,Robe/Jupe,1.0,409.69,373.0,225.33,147.67,39.59
TXN_000739,2021-09-07,Jul-21,COTTON CLOSET LTD,JNE3606,JNE3606-KR-S,S,Robe/Jupe,1.0,431.25,392.0,237.19,154.81,39.49
TXN_000581,2021-09-07,Jul-21,COTTON CLOSET LTD,BTM030,BTM030-NP-L,L,Autre,1.0,343.06,312.0,188.68,123.32,39.53
TXN_000740,2021-09-07,Jul-21,COTTON CLOSET LTD,JNE3606,JNE3606-KR-M,M,Robe/Jupe,1.0,431.25,392.0,237.19,154.81,39.49
TXN_000742,2021-09-07,Jul-21,COTTON CLOSET LTD,JNE3606,JNE3606-KR-XL,XL,Robe/Jupe,1.0,431.25,392.0,237.19,154.81,39.49
TXN_000759,2021-09-07,Jul-21,COTTON CLOSET LTD,JNE2014,JNE2014-KR-178-XS,XS,Robe/Jupe,1.0,431.25,392.0,237.19,154.81,39.49
TXN_000758,2021-09-07,Jul-21,COTTON CLOSET LTD,JNE3605,JNE3605-KR-XXXL,XXXL,Robe/Jupe,1.0,431.25,392.0,237.19,154.81,39.49
TXN_000757,2021-09-07,Jul-21,COTTON CLOSET LTD,JNE3605,JNE3605-KR-XXL,XXL,Robe/Jupe,1.0,431.25,392.0,237.19,154.81,39.49
TXN_000756,2021-09-07,Jul-21,COTTON CLOSET LTD,JNE3605,JNE3605-KR-XL,XL,Robe/Jupe,1.0,431.25,392.0,237.19,154.81,39.49
TXN_000755,2021-09-07,Jul-21,COTTON CLOSET LTD,JNE3605,JNE3605-KR-L,L,Robe/Jupe,1.0,431.25,392.0,237.19,154.81,39.49
TXN_000754,2021-09-07,Jul-21,COTTON CLOSET LTD,JNE3605,JNE3605-KR-M,M,Robe/Jupe,1.0,431.25,392.0,237.19,154.81,39.49
TXN_000753,2021-09-07,Jul-21,COTTON CLOSET LTD,JNE3605,JNE3605-KR-S,S,Robe/Jupe,1.0,431.25,392.0,237.19,154.81,39.49
TXN_000752,2021-09-07,Jul-21,COTTON CLOSET LTD,JNE3605,JNE3605-KR-XS,XS,Robe/Jupe,1.0,431.25,392.0,237.19,154.81,39.49
TXN_000751,2021-09-07,Jul-21,COTTON CLOSET LTD,JNE3576,JNE3576-KR-XXXL,XXXL,Robe/Jupe,1.0,431.25,392.0,237.19,154.81,39.49
TXN_000750,2021-09-07,Jul-21,COTTON CLOSET LTD,JNE3576,JNE3576-KR-XXL,XXL,Robe/Jupe,1.0,431.25,392.0,237.19,154.81,39.49
TXN_000749,2021-09-07,Jul-21,COTTON CLOSET LTD,JNE3576,JNE3576-KR-XL,XL,Robe/Jupe,1.0,431.25,392.0,237.19,154.81,39.49
TXN_000748,2021-09-07,Jul-21,COTTON CLOSET LTD,JNE3576,JNE3576-KR-L,L,Robe/Jupe,1.0,431.25,392.0,237.19,154.81,39.49
TXN_000747,2021-09-07,Jul-21,COTTON CLOSET LTD,JNE3576,JNE3576-KR-M,M,Robe/Jupe,1.0,431.25,392.0,237.19,154.81,39.49
TXN_000746,2021-09-07,Jul-21,COTTON CLOSET LTD,JNE3576,JNE3576-KR-S,S,Robe/Jupe,1.0,431.25,392.0,237.19,154.81,39.49
TXN_000745,2021-09-07,Jul-21,COTTON CLOSET LTD,JNE3576,JNE3576-KR-XS,XS,Robe/Jupe,1.0,431.25,392.0,237.19,154.81,39.49
TXN_000744,2021-09-07,Jul-21,COTTON CLOSET LTD,JNE3606,JNE3606-KR-XXXL,XXXL,Robe/Jupe,1.0,431.25,392.0,237.19,154.81,39.49
TXN_000743,2021-09-07,Jul-21,COTTON CLOSET LTD,JNE3606,JNE3606-KR-XXL,XXL,Robe/Jupe,1.0,431.25,392.0,237.19,154.81,39.49
TXN_000741,2021-09-07,Jul-21,COTTON CLOSET LTD,JNE3606,JNE3606-KR-L,L,Robe/Jupe,1.0,431.25,392.0,237.19,154.81,39.49
TXN_000580,2021-09-07,Jul-21,COTTON CLOSET LTD,BTM030,BTM030-NP-M,M,Autre,1.0,343.06,312.0,188.68,123.32,39.53
TXN_000579,2021-09-07,Jul-21,COTTON CLOSET LTD,BTM030,BTM030-NP-S,S,Autre,1.0,343.06,312.0,188.68,123.32,39.53
TXN_000578,2021-09-07,Jul-21,COTTON CLOSET LTD,BTM030,BTM030-NP-XS,XS,Autre,1.0,343.06,312.0,188.68,123.32,39.53
TXN_000474,2021-09-07,Jul-21,COTTON CLOSET LTD,JNE3664,JNE3664-TP-XS,XS,Robe/Jupe,1.0,531.25,483.0,292.19,190.81,39.51
TXN_000473,2021-09-07,Jul-21,COTTON CLOSET LTD,JNE3674,JNE3674-TU-XXXL,XXXL,Robe/Jupe,1.0,450.0,410.0,247.5,162.5,39.63
TXN_000472,2021-09-07,Jul-21,COTTON CLOSET LTD,JNE3674,JNE3674-TU-XXL,XXL,Robe/Jupe,1.0,450.0,410.0,247.5,162.5,39.63
TXN_000415,2021-09-07,Jul-21,COTTON CLOSET LTD,JNE3651,JNE3651-TP-S,S,Robe/Jupe,1.0,431.25,392.0,237.19,154.81,39.49
TXN_000416,2021-09-07,Jul-21,COTTON CLOSET LTD,JNE3651,JNE3651-TP-M,M,Robe/Jupe,1.0,431.25,392.0,237.19,154.81,39.49
TXN_000417,2021-09-07,Jul-21,COTTON CLOSET LTD,JNE3651,JNE3651-TP-L,L,Robe/Jupe,1.0,431.25,392.0,237.19,154.81,39.49
TXN_000418,2021-09-07,Jul-21,COTTON CLOSET LTD,JNE3651,JNE3651-TP-XL,XL,Robe/Jupe,1.0,431.25,392.0,237.19,154.81,39.49
TXN_000475,2021-09-07,Jul-21,COTTON CLOSET LTD,JNE3664,JNE3664-TP-S,S,Robe/Jupe,1.0,531.25,483.0,292.19,190.81,39.51
TXN_000419,2021-09-07,Jul-21,COTTON CLOSET LTD,JNE3651,JNE3651-TP-XXL,XXL,Robe/Jupe,1.0,431.25,392.0,237.19,154.81,39.49
TXN_000421,2021-09-07,Jul-21,COTTON CLOSET LTD,JNE3656,JNE3656-TP-S,S,Robe/Jupe,1.0,431.25,392.0,237.19,154.81,39.49
TXN_000422,2021-09-07,Jul-21,COTTON CLOSET LTD,JNE3656,JNE3656-TP-M,M,Robe/Jupe,1.0,431.25,392.0,237.19,154.81,39.49
TXN_000423,2021-09-07,Jul-21,COTTON CLOSET LTD,JNE3656,JNE3656-TP-L,L,Robe/Jupe,1.0,431.25,392.0,237.19,154.81,39.49
TXN_000424,2021-09-07,Jul-21,COTTON CLOSET LTD,JNE3656,JNE3656-TP-XL,XL,Robe/Jupe,1.0,431.25,392.0,237.19,154.81,39.49
TXN_000425,2021-09-07,Jul-21,COTTON CLOSET LTD,JNE3656,JNE3656-TP-XXL,XXL,Robe/Jupe,1.0,431.25,392.0,237.19,154.81,39.49
TXN_000426,2021-09-07,Jul-21,COTTON CLOSET LTD,JNE3712,JNE3712-TP-XS,XS,Robe/Jupe,1.0,431.25,392.0,237.19,154.81,39.49
TXN_000427,2021-09-07,Jul-21,COTTON CLOSET LTD,JNE3712,JNE3712-TP-S,S,Robe/Jupe,1.0,431.25,392.0,237.19,154.81,39.49
TXN_000420,2021-09-07,Jul-21,COTTON CLOSET LTD,JNE3656,JNE3656-TP-XS,XS,Robe/Jupe,1.0,431.25,392.0,237.19,154.81,39.49
TXN_000476,2021-09-07,Jul-21,COTTON CLOSET LTD,JNE3664,JNE3664-TP-M,M,Robe/Jupe,1.0,531.25,483.0,292.19,190.81,39.51
TXN_000477,2021-09-07,Jul-21,COTTON CLOSET LTD,JNE3664,JNE3664-TP-L,L,Robe/Jupe,1.0,531.25,483.0,292.19,190.81,39.51
TXN_000478,2021-09-07,Jul-21,COTTON CLOSET LTD,JNE3664,JNE3664-TP-XL,XL,Robe/Jupe,1.0,531.25,483.0,292.19,190.81,39.51
TXN_000495,2021-09-07,Jul-21,COTTON CLOSET LTD,J0080,J0080-TP-S,S,Robe/Jupe,1.0,686.81,625.0,377.75,247.25,39.56
TXN_000494,2021-09-07,Jul-21,COTTON CLOSET LTD,J0080,J0080-TP-XS,XS,Robe/Jupe,1.0,686.81,625.0,377.75,247.25,39.56
TXN_000493,2021-09-07,Jul-21,COTTON CLOSET LTD,J0114,J0114-TP-XXXL,XXXL,Robe/Jupe,1.0,549.31,500.0,302.12,197.88,39.58
TXN_000492,2021-09-07,Jul-21,COTTON CLOSET LTD,J0114,J0114-TP-XXL,XXL,Robe/Jupe,1.0,549.31,500.0,302.12,197.88,39.58
TXN_000491,2021-09-07,Jul-21,COTTON CLOSET LTD,J0114,J0114-TP-XL,XL,Robe/Jupe,1.0,549.31,500.0,302.12,197.88,39.58
TXN_000490,2021-09-07,Jul-21,COTTON CLOSET LTD,J0114,J0114-TP-L,L,Robe/Jupe,1.0,549.31,500.0,302.12,197.88,39.58
TXN_000489,2021-09-07,Jul-21,COTTON CLOSET LTD,J0114,J0114-TP-M,M,Robe/Jupe,1.0,549.31,500.0,302.12,197.88,39.58
TXN_000488,2021-09-07,Jul-21,COTTON CLOSET LTD,J0114,J0114-TP-S,S,Robe/Jupe,1.0,549.31,500.0,302.12,197.88,39.58
TXN_000487,2021-09-07,Jul-21,COTTON CLOSET LTD,J0114,J0114-TP-XS,XS,Robe/Jupe,1.0,549.31,500.0,302.12,197.88,39.58
TXN_000486,2021-09-07,Jul-21,COTTON CLOSET LTD,J0098,J0098-TP-XXXL,XXXL,Robe/Jupe,1.0,549.31,500.0,302.12,197.88,39.58
TXN_000485,2021-09-07,Jul-21,COTTON CLOSET LTD,J0098,J0098-TP-XXL,XXL,Robe/Jupe,1.0,549.31,500.0,302.12,197.88,39.58
TXN_000484,2021-09-07,Jul-21,COTTON CLOSET LTD,J0098,J0098-TP-XL,XL,Robe/Jupe,1.0,549.31,500.0,302.12,197.88,39.58
TXN_000483,2021-09-07,Jul-21,COTTON CLOSET LTD,J0098,J0098-TP-L,L,Robe/Jupe,1.0,549.31,500.0,302.12,197.88,39.58
TXN_000482,2021-09-07,Jul-21,COTTON CLOSET LTD,J0098,J0098-TP-M,M,Robe/Jupe,1.0,549.31,500.0,302.12,197.88,39.58
TXN_000481,2021-09-07,Jul-21,COTTON CLOSET LTD,J0098,J0098-TP-S,S,Robe/Jupe,1.0,549.31,500.0,302.12,197.88,39.58
TXN_000480,2021-09-07,Jul-21,COTTON CLOSET LTD,J0098,J0098-TP-XS,XS,Robe/Jupe,1.0,549.31,500.0,302.12,197.88,39.58
TXN_000479,2021-09-07,Jul-21,COTTON CLOSET LTD,JNE3664,JNE3664-TP-XXL,XXL,Robe/Jupe,1.0,531.25,483.0,292.19,190.81,39.51
TXN_000428,2021-09-07,Jul-21,COTTON CLOSET LTD,JNE3712,JNE3712-TP-M,M,Robe/Jupe,1.0,431.25,392.0,237.19,154.81,39.49
TXN_000429,2021-09-07,Jul-21,COTTON CLOSET LTD,JNE3712,JNE3712-TP-L,L,Robe/Jupe,1.0,431.25,392.0,237.19,154.81,39.49
TXN_000430,2021-09-07,Jul-21,COTTON CLOSET LTD,JNE3712,JNE3712-TP-XL,XL,Robe/Jupe,1.0,431.25,392.0,237.19,154.81,39.49
TXN_000431,2021-09-07,Jul-21,COTTON CLOSET LTD,JNE3712,JNE3712-TP-XXL,XXL,Robe/Jupe,1.0,431.25,392.0,237.19,154.81,39.49
TXN_000466,2021-09-07,Jul-21,COTTON CLOSET LTD,JNE3672,JNE3672-TU-XXXL,XXXL,Robe/Jupe,1.0,450.0,410.0,247.5,162.5,39.63
TXN_000465,2021-09-07,Jul-21,COTTON CLOSET LTD,JNE3672,JNE3672-TU-XXL,XXL,Robe/Jupe,1.0,450.0,410.0,247.5,162.5,39.63
TXN_000464,2021-09-07,Jul-21,COTTON CLOSET LTD,JNE3672,JNE3672-TU-XL,XL,Robe/Jupe,1.0,450.0,410.0,247.5,162.5,39.63
TXN_000463,2021-09-07,Jul-21,COTTON CLOSET LTD,JNE3672,JNE3672-TU-L,L,Robe/Jupe,1.0,450.0,410.0,247.5,162.5,39.63
TXN_000462,2021-09-07,Jul-21,COTTON CLOSET LTD,JNE3672,JNE3672-TU-M,M,Robe/Jupe,1.0,450.0,410.0,247.5,162.5,39.63
TXN_000461,2021-09-07,Jul-21,COTTON CLOSET LTD,JNE3672,JNE3672-TU-S,S,Robe/Jupe,1.0,450.0,410.0,247.5,162.5,39.63
TXN_000448,2021-09-07,Jul-21,COTTON CLOSET LTD,J0117,J0117-TP-M,M,Robe/Jupe,1.0,446.19,406.0,245.4,160.6,39.56
TXN_000449,2021-09-07,Jul-21,COTTON CLOSET LTD,J0117,J0117-TP-L,L,Robe/Jupe,1.0,446.19,406.0,245.4,160.6,39.56
TXN_000450,2021-09-07,Jul-21,COTTON CLOSET LTD,J0117,J0117-TP-XL,XL,Robe/Jupe,1.0,446.19,406.0,245.4,160.6,39.56
TXN_000451,2021-09-07,Jul-21,COTTON CLOSET LTD,J0117,J0117-TP-XXL,XXL,Robe/Jupe,1.0,446.19,406.0,245.4,160.6,39.56
TXN_000452,2021-09-07,Jul-21,COTTON CLOSET LTD,J0117,J0117-TP-XXXL,XXXL,Robe/Jupe,1.0,446.19,406.0,245.4,160.6,39.56
TXN_000453,2021-09-07,Jul-21,COTTON CLOSET LTD,J0118,J0118-TP-XS,XS,Robe/Jupe,1.0,446.19,406.0,245.4,160.6,39.56
TXN_000454,2021-09-07,Jul-21,COTTON CLOSET LTD,J0118,J0118-TP-S,S,Robe/Jupe,1.0,446.19,406.0,245.4,160.6,39.56
TXN_000455,2021-09-07,Jul-21,COTTON CLOSET LTD,J0118,J0118-TP-M,M,Robe/Jupe,1.0,446.19,406.0,245.4,160.6,39.56
TXN_000456,2021-09-07,Jul-21,COTTON CLOSET LTD,J0118,J0118-TP-L,L,Robe/Jupe,1.0,446.19,406.0,245.4,160.6,39.56
TXN_000457,2021-09-07,Jul-21,COTTON CLOSET LTD,J0118,J0118-TP-XL,XL,Robe/Jupe,1.0,446.19,406.0,245.4,160.6,39.56
TXN_000458,2021-09-07,Jul-21,COTTON CLOSET LTD,J0118,J0118-TP-XXL,XXL,Robe/Jupe,1.0,446.19,406.0,245.4,160.6,39.56
TXN_000467,2021-09-07,Jul-21,COTTON CLOSET LTD,JNE3674,JNE3674-TU-XS,XS,Robe/Jupe,1.0,450.0,410.0,247.5,162.5,39.63
TXN_000496,2021-09-07,Jul-21,COTTON CLOSET LTD,J0080,J0080-TP-M,M,Robe/Jupe,1.0,686.81,625.0,377.75,247.25,39.56
TXN_000468,2021-09-07,Jul-21,COTTON CLOSET LTD,JNE3674,JNE3674-TU-S,S,Robe/Jupe,1.0,450.0,410.0,247.5,162.5,39.63
TXN_000470,2021-09-07,Jul-21,COTTON CLOSET LTD,JNE3674,JNE3674-TU-L,L,Robe/Jupe,1.0,450.0,410.0,247.5,162.5,39.63
TXN_000432,2021-09-07,Jul-21,COTTON CLOSET LTD,J0176,J0176-TP-XS,XS,Robe/Jupe,1.0,436.88,398.0,240.28,157.72,39.63
TXN_000433,2021-09-07,Jul-21,COTTON CLOSET LTD,J0176,J0176-TP-S,S,Robe/Jupe,1.0,436.88,398.0,240.28,157.72,39.63
TXN_000434,2021-09-07,Jul-21,COTTON CLOSET LTD,J0176,J0176-TP-M,M,Robe/Jupe,1.0,436.88,398.0,240.28,157.72,39.63
TXN_000435,2021-09-07,Jul-21,COTTON CLOSET LTD,J0176,J0176-TP-L,L,Robe/Jupe,1.0,436.88,398.0,240.28,157.72,39.63
TXN_000436,2021-09-07,Jul-21,COTTON CLOSET LTD,J0176,J0176-TP-XL,XL,Robe/Jupe,1.0,436.88,398.0,240.28,157.72,39.63
TXN_000437,2021-09-07,Jul-21,COTTON CLOSET LTD,J0176,J0176-TP-XXL,XXL,Robe/Jupe,1.0,436.88,398.0,240.28,157.72,39.63
TXN_000438,2021-09-07,Jul-21,COTTON CLOSET LTD,J0176,J0176-TP-XXXL,XXXL,Robe/Jupe,1.0,436.88,398.0,240.28,157.72,39.63
TXN_000439,2021-09-07,Jul-21,COTTON CLOSET LTD,J0189,J0189-TP-XS,XS,Robe/Jupe,1.0,436.88,398.0,240.28,157.72,39.63
TXN_000440,2021-09-07,Jul-21,COTTON CLOSET LTD,J0189,J0189-TP-S,S,Robe/Jupe,1.0,436.88,398.0,240.28,157.72,39.63
TXN_000441,2021-09-07,Jul-21,COTTON CLOSET LTD,J0189,J0189-TP-M,M,Robe/Jupe,1.0,436.88,398.0,240.28,157.72,39.63
TXN_000442,2021-09-07,Jul-21,COTTON CLOSET LTD,J0189,J0189-TP-L,L,Robe/Jupe,1.0,436.88,398.0,240.28,157.72,39.63
TXN_000443,2021-09-07,Jul-21,COTTON CLOSET LTD,J0189,J0189-TP-XL,XL,Robe/Jupe,1.0,436.88,398.0,240.28,157.72,39.63
TXN_000444,2021-09-07,Jul-21,COTTON CLOSET LTD,J0189,J0189-TP-XXL,XXL,Robe/Jupe,1.0,436.88,398.0,240.28,157.72,39.63
TXN_000445,2021-09-07,Jul-21,COTTON CLOSET LTD,J0189,J0189-TP-XXXL,XXXL,Robe/Jupe,1.0,436.88,398.0,240.28,157.72,39.63
TXN_000446,2021-09-07,Jul-21,COTTON CLOSET LTD,J0117,J0117-TP-XS,XS,Robe/Jupe,1.0,446.19,406.0,245.4,160.6,39.56
TXN_000447,2021-09-07,Jul-21,COTTON CLOSET LTD,J0117,J0117-TP-S,S,Robe/Jupe,1.0,446.19,406.0,245.4,160.6,39.56
TXN_000471,2021-09-07,Jul-21,COTTON CLOSET LTD,JNE3674,JNE3674-TU-XL,XL,Robe/Jupe,1.0,450.0,410.0,247.5,162.5,39.63
TXN_000469,2021-09-07,Jul-21,COTTON CLOSET LTD,JNE3674,JNE3674-TU-M,M,Robe/Jupe,1.0,450.0,410.0,247.5,162.5,39.63
TXN_000900,2021-09-07,Jul-21,COTTON CLOSET LTD,J0138,J0138-KR-L,L,Robe/Jupe,1.0,686.81,625.0,377.75,247.25,39.56
TXN_000497,2021-09-07,Jul-21,COTTON CLOSET LTD,J0080,J0080-TP-L,L,Robe/Jupe,1.0,686.81,625.0,377.75,247.25,39.56
TXN_000499,2021-09-07,Jul-21,COTTON CLOSET LTD,J0080,J0080-TP-XXL,XXL,Robe/Jupe,1.0,686.81,625.0,377.75,247.25,39.56
TXN_000556,2021-09-07,Jul-21,COTTON CLOSET LTD,BTM031,BTM031-NP-XXXL,XXXL,Autre,1.0,343.06,312.0,188.68,123.32,39.53
TXN_000555,2021-09-07,Jul-21,COTTON CLOSET LTD,BTM031,BTM031-NP-XXL,XXL,Autre,1.0,343.06,312.0,188.68,123.32,39.53
TXN_000554,2021-09-07,Jul-21,COTTON CLOSET LTD,BTM031,BTM031-NP-XL,XL,Autre,1.0,343.06,312.0,188.68,123.32,39.53
TXN_000553,2021-09-07,Jul-21,COTTON CLOSET LTD,BTM031,BTM031-NP-L,L,Autre,1.0,343.06,312.0,188.68,123.32,39.53
TXN_000791,2021-09-07,Jul-21,COTTON CLOSET LTD,JNE2307,JNE2307-KR-572-M,M,Robe/Jupe,1.0,444.38,404.0,244.41,159.59,39.5
TXN_000552,2021-09-07,Jul-21,COTTON CLOSET LTD,BTM031,BTM031-NP-M,M,Autre,1.0,343.06,312.0,188.68,123.32,39.53
TXN_000551,2021-09-07,Jul-21,COTTON CLOSET LTD,BTM031,BTM031-NP-S,S,Autre,1.0,343.06,312.0,188.68,123.32,39.53
TXN_000557,2021-09-07,Jul-21,COTTON CLOSET LTD,BTM002,BTM002-XS,XS,Autre,1.0,343.06,312.0,188.68,123.32,39.53
TXN_000550,2021-09-07,Jul-21,COTTON CLOSET LTD,BTM031,BTM031-NP-XS,XS,Autre,1.0,343.06,312.0,188.68,123.32,39.53
TXN_000548,2021-09-07,Jul-21,COTTON CLOSET LTD,BTM005,BTM005-XXL,XXL,Autre,1.0,343.06,312.0,188.68,123.32,39.53
TXN_000547,2021-09-07,Jul-21,COTTON CLOSET LTD,BTM005,BTM005-XL,XL,Autre,1.0,343.06,312.0,188.68,123.32,39.53
TXN_000546,2021-09-07,Jul-21,COTTON CLOSET LTD,BTM005,BTM005-L,L,Autre,1.0,343.06,312.0,188.68,123.32,39.53
TXN_000545,2021-09-07,Jul-21,COTTON CLOSET LTD,BTM005,BTM005-M,M,Autre,1.0,343.06,312.0,188.68,123.32,39.53
TXN_000544,2021-09-07,Jul-21,COTTON CLOSET LTD,BTM005,BTM005-S,S,Autre,1.0,343.06,312.0,188.68,123.32,39.53
TXN_000543,2021-09-07,Jul-21,COTTON CLOSET LTD,BTM005,BTM005-XS,XS,Autre,1.0,343.06,312.0,188.68,123.32,39.53
TXN_000542,2021-09-07,Jul-21,COTTON CLOSET LTD,JNE3679,JNE3679-TU-XXXL,XXXL,Robe/Jupe,1.0,450.0,410.0,247.5,162.5,39.63
TXN_000549,2021-09-07,Jul-21,COTTON CLOSET LTD,BTM005,BTM005-XXXL,XXXL,Autre,1.0,343.06,312.0,188.68,123.32,39.53
TXN_000558,2021-09-07,Jul-21,COTTON CLOSET LTD,BTM002,BTM002-S,S,Autre,1.0,343.06,312.0,188.68,123.32,39.53
TXN_000559,2021-09-07,Jul-21,COTTON CLOSET LTD,BTM002,BTM002-M,M,Autre,1.0,343.06,312.0,188.68,123.32,39.53
TXN_000560,2021-09-07,Jul-21,COTTON CLOSET LTD,BTM002,BTM002-L,L,Autre,1.0,343.06,312.0,188.68,123.32,39.53
TXN_000577,2021-09-07,Jul-21,COTTON CLOSET LTD,BTM027,BTM027-NP-XXXL,XXXL,Autre,1.0,343.06,312.0,188.68,123.32,39.53
TXN_000576,2021-09-07,Jul-21,COTTON CLOSET LTD,BTM027,BTM027-NP-XXL,XXL,Autre,1.0,343.06,312.0,188.68,123.32,39.53
TXN_000575,2021-09-07,Jul-21,COTTON CLOSET LTD,BTM027,BTM027-NP-XL,XL,Autre,1.0,343.06,312.0,188.68,123.32,39.53
TXN_000574,2021-09-07,Jul-21,COTTON CLOSET LTD,BTM027,BTM027-NP-L,L,Autre,1.0,343.06,312.0,188.68,123.32,39.53
TXN_000573,2021-09-07,Jul-21,COTTON CLOSET LTD,BTM027,BTM027-NP-M,M,Autre,1.0,343.06,312.0,188.68,123.32,39.53
TXN_000572,2021-09-07,Jul-21,COTTON CLOSET LTD,BTM027,BTM027-NP-S,S,Autre,1.0,343.06,312.0,188.68,123.32,39.53
TXN_000571,2021-09-07,Jul-21,COTTON CLOSET LTD,BTM027,BTM027-NP-XS,XS,Autre,1.0,343.06,312.0,188.68,123.32,39.53
TXN_000570,2021-09-07,Jul-21,COTTON CLOSET LTD,BTM021,BTM021-XXXL,XXXL,Autre,1.0,343.06,312.0,188.68,123.32,39.53
TXN_000569,2021-09-07,Jul-21,COTTON CLOSET LTD,BTM021,BTM021-XXL,XXL,Autre,1.0,343.06,312.0,188.68,123.32,39.53
TXN_000568,2021-09-07,Jul-21,COTTON CLOSET LTD,BTM021,BTM021-XL,XL,Autre,1.0,343.06,312.0,188.68,123.32,39.53
TXN_000567,2021-09-07,Jul-21,COTTON CLOSET LTD,BTM021,BTM021-L,L,Autre,1.0,343.06,312.0,188.68,123.32,39.53
TXN_000566,2021-09-07,Jul-21,COTTON CLOSET LTD,BTM021,BTM021-M,M,Autre,1.0,343.06,312.0,188.68,123.32,39.53
TXN_000565,2021-09-07,Jul-21,COTTON CLOSET LTD,BTM021,BTM021-S,S,Autre,1.0,343.06,312.0,188.68,123.32,39.53
TXN_000564,2021-09-07,Jul-21,COTTON CLOSET LTD,BTM021,BTM021-XS,XS,Autre,1.0,343.06,312.0,188.68,123.32,39.53
TXN_000563,2021-09-07,Jul-21,COTTON CLOSET LTD,BTM002,BTM002-XXXL,XXXL,Autre,1.0,343.06,312.0,188.68,123.32,39.53
TXN_000562,2021-09-07,Jul-21,COTTON CLOSET LTD,BTM002,BTM002-XXL,XXL,Autre,1.0,343.06,312.0,188.68,123.32,39.53
TXN_000561,2021-09-07,Jul-21,COTTON CLOSET LTD,BTM002,BTM002-XL,XL,Autre,1.0,343.06,312.0,188.68,123.32,39.53
TXN_000541,2021-09-07,Jul-21,COTTON CLOSET LTD,JNE3679,JNE3679-TU-XXL,XXL,Robe/Jupe,1.0,450.0,410.0,247.5,162.5,39.63
TXN_000540,2021-09-07,Jul-21,COTTON CLOSET LTD,JNE3679,JNE3679-TU-XL,XL,Robe/Jupe,1.0,450.0,410.0,247.5,162.5,39.63
TXN_000539,2021-09-07,Jul-21,COTTON CLOSET LTD,JNE3679,JNE3679-TU-L,L,Robe/Jupe,1.0,450.0,410.0,247.5,162.5,39.63
TXN_000538,2021-09-07,Jul-21,COTTON CLOSET LTD,JNE3679,JNE3679-TU-M,M,Robe/Jupe,1.0,450.0,410.0,247.5,162.5,39.63
TXN_000516,2021-09-07,Jul-21,COTTON CLOSET LTD,JNE3684,JNE3684-TU-S,S,Robe/Jupe,1.0,387.5,353.0,213.13,139.87,39.62
TXN_000515,2021-09-07,Jul-21,COTTON CLOSET LTD,JNE3684,JNE3684-TU-XS,XS,Robe/Jupe,1.0,387.5,353.0,213.13,139.87,39.62
TXN_000514,2021-09-07,Jul-21,COTTON CLOSET LTD,JNE3678,JNE3678-TU-XXXL,XXXL,Robe/Jupe,1.0,387.5,353.0,213.13,139.87,39.62
TXN_000513,2021-09-07,Jul-21,COTTON CLOSET LTD,JNE3678,JNE3678-TU-XXL,XXL,Robe/Jupe,1.0,387.5,353.0,213.13,139.87,39.62
TXN_000512,2021-09-07,Jul-21,COTTON CLOSET LTD,JNE3678,JNE3678-TU-XL,XL,Robe/Jupe,1.0,387.5,353.0,213.13,139.87,39.62
TXN_000511,2021-09-07,Jul-21,COTTON CLOSET LTD,JNE3678,JNE3678-TU-L,L,Robe/Jupe,1.0,387.5,353.0,213.13,139.87,39.62
TXN_000510,2021-09-07,Jul-21,COTTON CLOSET LTD,JNE3678,JNE3678-TU-M,M,Robe/Jupe,1.0,387.5,353.0,213.13,139.87,39.62
TXN_000509,2021-09-07,Jul-21,COTTON CLOSET LTD,JNE3678,JNE3678-TU-S,S,Robe/Jupe,1.0,387.5,353.0,213.13,139.87,39.62
TXN_000508,2021-09-07,Jul-21,COTTON CLOSET LTD,JNE3678,JNE3678-TU-XS,XS,Robe/Jupe,1.0,387.5,353.0,213.13,139.87,39.62
TXN_000507,2021-09-07,Jul-21,COTTON CLOSET LTD,J0084,J0084-TP-XXXL,XXXL,Robe/Jupe,1.0,858.69,781.0,472.28,308.72,39.53
TXN_000506,2021-09-07,Jul-21,COTTON CLOSET LTD,J0084,J0084-TP-XXL,XXL,Robe/Jupe,1.0,858.69,781.0,472.28,308.72,39.53
TXN_000505,2021-09-07,Jul-21,COTTON CLOSET LTD,J0084,J0084-TP-XL,XL,Robe/Jupe,1.0,858.69,781.0,472.28,308.72,39.53
TXN_000504,2021-09-07,Jul-21,COTTON CLOSET LTD,J0084,J0084-TP-L,L,Robe/Jupe,1.0,858.69,781.0,472.28,308.72,39.53
TXN_000503,2021-09-07,Jul-21,COTTON CLOSET LTD,J0084,J0084-TP-M,M,Robe/Jupe,1.0,858.69,781.0,472.28,308.72,39.53
TXN_000502,2021-09-07,Jul-21,COTTON CLOSET LTD,J0084,J0084-TP-S,S,Robe/Jupe,1.0,858.69,781.0,472.28,308.72,39.53
TXN_000501,2021-09-07,Jul-21,COTTON CLOSET LTD,J0084,J0084-TP-XS,XS,Robe/Jupe,1.0,858.69,781.0,472.28,308.72,39.53
TXN_000500,2021-09-07,Jul-21,COTTON CLOSET LTD,J0080,J0080-TP-XXXL,XXXL,Robe/Jupe,1.0,686.81,625.0,377.75,247.25,39.56
TXN_000517,2021-09-07,Jul-21,COTTON CLOSET LTD,JNE3684,JNE3684-TU-M,M,Robe/Jupe,1.0,387.5,353.0,213.13,139.87,39.62
TXN_000498,2021-09-07,Jul-21,COTTON CLOSET LTD,J0080,J0080-TP-XL,XL,Robe/Jupe,1.0,686.81,625.0,377.75,247.25,39.56
TXN_000518,2021-09-07,Jul-21,COTTON CLOSET LTD,JNE3684,JNE3684-TU-L,L,Robe/Jupe,1.0,387.5,353.0,213.13,139.87,39.62
TXN_000520,2021-09-07,Jul-21,COTTON CLOSET LTD,JNE3684,JNE3684-TU-XXL,XXL,Robe/Jupe,1.0,387.5,353.0,213.13,139.87,39.62
TXN_000537,2021-09-07,Jul-21,COTTON CLOSET LTD,JNE3679,JNE3679-TU-S,S,Robe/Jupe,1.0,450.0,410.0,247.5,162.5,39.63
TXN_000536,2021-09-07,Jul-21,COTTON CLOSET LTD,JNE3679,JNE3679-TU-XS,XS,Robe/Jupe,1.0,450.0,410.0,247.5,162.5,39.63
TXN_000535,2021-09-07,Jul-21,COTTON CLOSET LTD,JNE3669,JNE3669-TU-XXXL,XXXL,Robe/Jupe,1.0,450.0,410.0,247.5,162.5,39.63
TXN_000534,2021-09-07,Jul-21,COTTON CLOSET LTD,JNE3669,JNE3669-TU-XXL,XXL,Robe/Jupe,1.0,450.0,410.0,247.5,162.5,39.63
TXN_000533,2021-09-07,Jul-21,COTTON CLOSET LTD,JNE3669,JNE3669-TU-XL,XL,Robe/Jupe,1.0,450.0,410.0,247.5,162.5,39.63
TXN_000532,2021-09-07,Jul-21,COTTON CLOSET LTD,JNE3669,JNE3669-TU-L,L,Robe/Jupe,1.0,450.0,410.0,247.5,162.5,39.63
TXN_000531,2021-09-07,Jul-21,COTTON CLOSET LTD,JNE3669,JNE3669-TU-M,M,Robe/Jupe,1.0,450.0,410.0,247.5,162.5,39.63
TXN_000530,2021-09-07,Jul-21,COTTON CLOSET LTD,JNE3669,JNE3669-TU-S,S,Robe/Jupe,1.0,450.0,410.0,247.5,162.5,39.63
TXN_000529,2021-09-07,Jul-21,COTTON CLOSET LTD,JNE3669,JNE3669-TU-XS,XS,Robe/Jupe,1.0,450.0,410.0,247.5,162.5,39.63
TXN_000528,2021-09-07,Jul-21,COTTON CLOSET LTD,JNE3683,JNE3683-TU-XXXL,XXXL,Robe/Jupe,1.0,431.25,392.0,237.19,154.81,39.49
TXN_000527,2021-09-07,Jul-21,COTTON CLOSET LTD,JNE3683,JNE3683-TU-XXL,XXL,Robe/Jupe,1.0,431.25,392.0,237.19,154.81,39.49
TXN_000526,2021-09-07,Jul-21,COTTON CLOSET LTD,JNE3683,JNE3683-TU-XL,XL,Robe/Jupe,1.0,431.25,392.0,237.19,154.81,39.49
TXN_000525,2021-09-07,Jul-21,COTTON CLOSET LTD,JNE3683,JNE3683-TU-L,L,Robe/Jupe,1.0,431.25,392.0,237.19,154.81,39.49
TXN_000524,2021-09-07,Jul-21,COTTON CLOSET LTD,JNE3683,JNE3683-TU-M,M,Robe/Jupe,1.0,431.25,392.0,237.19,154.81,39.49
TXN_000523,2021-09-07,Jul-21,COTTON CLOSET LTD,JNE3683,JNE3683-TU-S,S,Robe/Jupe,1.0,431.25,392.0,237.19,154.81,39.49
TXN_000522,2021-09-07,Jul-21,COTTON CLOSET LTD,JNE3683,JNE3683-TU-XS,XS,Robe/Jupe,1.0,431.25,392.0,237.19,154.81,39.49
TXN_000521,2021-09-07,Jul-21,COTTON CLOSET LTD,JNE3684,JNE3684-TU-XXXL,XXXL,Robe/Jupe,1.0,387.5,353.0,213.13,139.87,39.62
TXN_000519,2021-09-07,Jul-21,COTTON CLOSET LTD,JNE3684,JNE3684-TU-XL,XL,Robe/Jupe,1.0,387.5,353.0,213.13,139.87,39.62
TXN_000899,2021-09-07,Jul-21,COTTON CLOSET LTD,J0138,J0138-KR-M,M,Robe/Jupe,1.0,686.81,625.0,377.75,247.25,39.56
TXN_000460,2021-09-07,Jul-21,COTTON CLOSET LTD,JNE3672,JNE3672-TU-XS,XS,Robe/Jupe,1.0,450.0,410.0,247.5,162.5,39.63
TXN_000897,2021-09-07,Jul-21,COTTON CLOSET LTD,J0138,J0138-KR-XS,XS,Robe/Jupe,1.0,686.81,625.0,377.75,247.25,39.56
TXN_000831,2021-09-07,Jul-21,COTTON CLOSET LTD,J0142,J0142-KR-S,S,Robe/Jupe,1.0,561.88,511.0,309.03,201.97,39.52
TXN_000832,2021-09-07,Jul-21,COTTON CLOSET LTD,J0142,J0142-KR-M,M,Robe/Jupe,1.0,561.88,511.0,309.03,201.97,39.52
TXN_000833,2021-09-07,Jul-21,COTTON CLOSET LTD,J0142,J0142-KR-XL,XL,Robe/Jupe,1.0,561.88,511.0,309.03,201.97,39.52
TXN_000834,2021-09-07,Jul-21,COTTON CLOSET LTD,J0142,J0142-KR-XXL,XXL,Robe/Jupe,1.0,561.88,511.0,309.03,201.97,39.52
TXN_000835,2021-09-07,Jul-21,COTTON CLOSET LTD,J0142,J0142-KR-XXXL,XXXL,Robe/Jupe,1.0,561.88,511.0,309.03,201.97,39.52
TXN_000836,2021-09-07,Jul-21,COTTON CLOSET LTD,JNE3578,JNE3578-KR-S,S,Robe/Jupe,1.0,681.25,620.0,374.69,245.31,39.57
TXN_000837,2021-09-07,Jul-21,COTTON CLOSET LTD,JNE3578,JNE3578-KR-L,L,Robe/Jupe,1.0,681.25,620.0,374.69,245.31,39.57
TXN_000838,2021-09-07,Jul-21,COTTON CLOSET LTD,JNE3578,JNE3578-KR-XL,XL,Robe/Jupe,1.0,681.25,620.0,374.69,245.31,39.57
TXN_000839,2021-09-07,Jul-21,COTTON CLOSET LTD,JNE3578,JNE3578-KR-XXL,XXL,Robe/Jupe,1.0,681.25,620.0,374.69,245.31,39.57
TXN_000840,2021-09-07,Jul-21,COTTON CLOSET LTD,JNE3454,JNE3454-KR-XS,XS,Robe/Jupe,1.0,556.25,506.0,305.94,200.06,39.54
TXN_000841,2021-09-07,Jul-21,COTTON CLOSET LTD,JNE3454,JNE3454-KR-S,S,Robe/Jupe,1.0,556.25,506.0,305.94,200.06,39.54
TXN_000842,2021-09-07,Jul-21,COTTON CLOSET LTD,JNE3454,JNE3454-KR-M,M,Robe/Jupe,1.0,556.25,506.0,305.94,200.06,39.54
TXN_000843,2021-09-07,Jul-21,COTTON CLOSET LTD,JNE3454,JNE3454-KR-L,L,Robe/Jupe,1.0,556.25,506.0,305.94,200.06,39.54
TXN_000844,2021-09-07,Jul-21,COTTON CLOSET LTD,JNE3454,JNE3454-KR-XL,XL,Robe/Jupe,1.0,556.25,506.0,305.94,200.06,39.54
TXN_000845,2021-09-07,Jul-21,COTTON CLOSET LTD,JNE3454,JNE3454-KR-XXL,XXL,Robe/Jupe,1.0,556.25,506.0,305.94,200.06,39.54
TXN_000846,2021-09-07,Jul-21,COTTON CLOSET LTD,JNE3454,JNE3454-KR-XXXL,XXXL,Robe/Jupe,1.0,556.25,506.0,305.94,200.06,39.54
TXN_000847,2021-09-07,Jul-21,COTTON CLOSET LTD,JNE3562,JNE3562-KR-S,S,Robe/Jupe,1.0,681.25,620.0,374.69,245.31,39.57
TXN_000848,2021-09-07,Jul-21,COTTON CLOSET LTD,JNE3562,JNE3562-KR-M,M,Robe/Jupe,1.0,681.25,620.0,374.69,245.31,39.57
TXN_000849,2021-09-07,Jul-21,COTTON CLOSET LTD,JNE3562,JNE3562-KR-L,L,Robe/Jupe,1.0,681.25,620.0,374.69,245.31,39.57
TXN_000850,2021-09-07,Jul-21,COTTON CLOSET LTD,JNE3562,JNE3562-KR-XL,XL,Robe/Jupe,1.0,681.25,620.0,374.69,245.31,39.57
TXN_000851,2021-09-07,Jul-21,COTTON CLOSET LTD,JNE3562,JNE3562-KR-XXL,XXL,Robe/Jupe,1.0,681.25,620.0,374.69,245.31,39.57
TXN_000659,2021-09-07,Jul-21,COTTON CLOSET LTD,J0081,J0081-DR-XL,XL,Robe/Jupe,1.0,893.06,813.0,491.18,321.82,39.58
TXN_000658,2021-09-07,Jul-21,COTTON CLOSET LTD,J0081,J0081-DR-L,L,Robe/Jupe,1.0,893.06,813.0,491.18,321.82,39.58
TXN_000830,2021-09-07,Jul-21,COTTON CLOSET LTD,J0142,J0142-KR-XS,XS,Robe/Jupe,1.0,561.88,511.0,309.03,201.97,39.52
TXN_000898,2021-09-07,Jul-21,COTTON CLOSET LTD,J0138,J0138-KR-S,S,Robe/Jupe,1.0,686.81,625.0,377.75,247.25,39.56
TXN_000829,2021-09-07,Jul-21,COTTON CLOSET LTD,J0022,J0022-KR-XXXL,XXXL,Robe/Jupe,1.0,500.0,455.0,275.0,180.0,39.56
TXN_000827,2021-09-07,Jul-21,COTTON CLOSET LTD,J0022,J0022-KR-XL,XL,Robe/Jupe,1.0,500.0,455.0,275.0,180.0,39.56
TXN_000805,2021-09-07,Jul-21,COTTON CLOSET LTD,JNE3554,JNE3554-KR-M,M,Robe/Jupe,1.0,450.0,410.0,247.5,162.5,39.63
TXN_000806,2021-09-07,Jul-21,COTTON CLOSET LTD,JNE3554,JNE3554-KR-L,L,Robe/Jupe,1.0,450.0,410.0,247.5,162.5,39.63
TXN_000807,2021-09-07,Jul-21,COTTON CLOSET LTD,JNE3554,JNE3554-KR-XL,XL,Robe/Jupe,1.0,450.0,410.0,247.5,162.5,39.63
TXN_000808,2021-09-07,Jul-21,COTTON CLOSET LTD,JNE3554,JNE3554-KR-XXL,XXL,Robe/Jupe,1.0,450.0,410.0,247.5,162.5,39.63
TXN_000809,2021-09-07,Jul-21,COTTON CLOSET LTD,JNE3256,JNE3256-KR-XS,XS,Robe/Jupe,1.0,556.25,506.0,305.94,200.06,39.54
TXN_000810,2021-09-07,Jul-21,COTTON CLOSET LTD,JNE3256,JNE3256-KR-S,S,Robe/Jupe,1.0,556.25,506.0,305.94,200.06,39.54
TXN_000811,2021-09-07,Jul-21,COTTON CLOSET LTD,JNE3256,JNE3256-KR-M,M,Robe/Jupe,1.0,556.25,506.0,305.94,200.06,39.54
TXN_000655,2021-09-07,Jul-21,COTTON CLOSET LTD,J0081,J0081-DR-XS,XS,Robe/Jupe,1.0,893.06,813.0,491.18,321.82,39.58
TXN_000812,2021-09-07,Jul-21,COTTON CLOSET LTD,JNE3256,JNE3256-KR-L,L,Robe/Jupe,1.0,556.25,506.0,305.94,200.06,39.54
TXN_000813,2021-09-07,Jul-21,COTTON CLOSET LTD,JNE3256,JNE3256-KR-XL,XL,Robe/Jupe,1.0,556.25,506.0,305.94,200.06,39.54
TXN_000814,2021-09-07,Jul-21,COTTON CLOSET LTD,JNE3256,JNE3256-KR-XXL,XXL,Robe/Jupe,1.0,556.25,506.0,305.94,200.06,39.54
TXN_000815,2021-09-07,Jul-21,COTTON CLOSET LTD,JNE3256,JNE3256-KR-XXXL,XXXL,Robe/Jupe,1.0,556.25,506.0,305.94,200.06,39.54
TXN_000816,2021-09-07,Jul-21,COTTON CLOSET LTD,JNE3396,JNE3396-KR-XS,XS,Robe/Jupe,1.0,556.25,506.0,305.94,200.06,39.54
TXN_000817,2021-09-07,Jul-21,COTTON CLOSET LTD,JNE3396,JNE3396-KR-S,S,Robe/Jupe,1.0,556.25,506.0,305.94,200.06,39.54
TXN_000818,2021-09-07,Jul-21,COTTON CLOSET LTD,JNE3396,JNE3396-KR-M,M,Robe/Jupe,1.0,556.25,506.0,305.94,200.06,39.54
TXN_000819,2021-09-07,Jul-21,COTTON CLOSET LTD,JNE3396,JNE3396-KR-L,L,Robe/Jupe,1.0,556.25,506.0,305.94,200.06,39.54
TXN_000820,2021-09-07,Jul-21,COTTON CLOSET LTD,JNE3396,JNE3396-KR-XL,XL,Robe/Jupe,1.0,556.25,506.0,305.94,200.06,39.54
TXN_000821,2021-09-07,Jul-21,COTTON CLOSET LTD,JNE3396,JNE3396-KR-XXL,XXL,Robe/Jupe,1.0,556.25,506.0,305.94,200.06,39.54
TXN_000822,2021-09-07,Jul-21,COTTON CLOSET LTD,JNE3396,JNE3396-KR-XXXL,XXXL,Robe/Jupe,1.0,556.25,506.0,305.94,200.06,39.54
TXN_000823,2021-09-07,Jul-21,COTTON CLOSET LTD,J0022,J0022-KR-XS,XS,Robe/Jupe,1.0,500.0,455.0,275.0,180.0,39.56
TXN_000824,2021-09-07,Jul-21,COTTON CLOSET LTD,J0022,J0022-KR-S,S,Robe/Jupe,1.0,500.0,455.0,275.0,180.0,39.56
TXN_000825,2021-09-07,Jul-21,COTTON CLOSET LTD,J0022,J0022-KR-M,M,Robe/Jupe,1.0,500.0,455.0,275.0,180.0,39.56
TXN_000826,2021-09-07,Jul-21,COTTON CLOSET LTD,J0022,J0022-KR-L,L,Robe/Jupe,1.0,500.0,455.0,275.0,180.0,39.56
TXN_000828,2021-09-07,Jul-21,COTTON CLOSET LTD,J0022,J0022-KR-XXL,XXL,Robe/Jupe,1.0,500.0,455.0,275.0,180.0,39.56
TXN_000657,2021-09-07,Jul-21,COTTON CLOSET LTD,J0081,J0081-DR-M,M,Robe/Jupe,1.0,893.06,813.0,491.18,321.82,39.58
TXN_000602,2021-09-07,Jul-21,COTTON CLOSET LTD,BTM045,BTM045-PP-L,L,Autre,1.0,446.19,406.0,245.4,160.6,39.56
TXN_000603,2021-09-07,Jul-21,COTTON CLOSET LTD,BTM045,BTM045-PP-XL,XL,Autre,1.0,446.19,406.0,245.4,160.6,39.56
TXN_000632,2021-09-07,Jul-21,COTTON CLOSET LTD,J0016,J0016-DR-XXL,XXL,Robe/Jupe,1.0,681.25,620.0,374.69,245.31,39.57
TXN_000633,2021-09-07,Jul-21,COTTON CLOSET LTD,J0016,J0016-DR-XXXL,XXXL,Robe/Jupe,1.0,681.25,620.0,374.69,245.31,39.57
TXN_000634,2021-09-07,Jul-21,COTTON CLOSET LTD,J0158,J0158-DR-XS,XS,Robe/Jupe,1.0,686.81,625.0,377.75,247.25,39.56
TXN_000635,2021-09-07,Jul-21,COTTON CLOSET LTD,J0158,J0158-DR-S,S,Robe/Jupe,1.0,686.81,625.0,377.75,247.25,39.56
TXN_000636,2021-09-07,Jul-21,COTTON CLOSET LTD,J0158,J0158-DR-M,M,Robe/Jupe,1.0,686.81,625.0,377.75,247.25,39.56
TXN_000637,2021-09-07,Jul-21,COTTON CLOSET LTD,J0158,J0158-DR-L,L,Robe/Jupe,1.0,686.81,625.0,377.75,247.25,39.56
TXN_000638,2021-09-07,Jul-21,COTTON CLOSET LTD,J0158,J0158-DR-XL,XL,Robe/Jupe,1.0,686.81,625.0,377.75,247.25,39.56
TXN_000639,2021-09-07,Jul-21,COTTON CLOSET LTD,J0158,J0158-DR-XXL,XXL,Robe/Jupe,1.0,686.81,625.0,377.75,247.25,39.56
TXN_000640,2021-09-07,Jul-21,COTTON CLOSET LTD,J0158,J0158-DR-XXXL,XXXL,Robe/Jupe,1.0,686.81,625.0,377.75,247.25,39.56
TXN_000641,2021-09-07,Jul-21,COTTON CLOSET LTD,J0093,J0093-DR-XS,XS,Robe/Jupe,1.0,765.94,697.0,421.27,275.73,39.56
TXN_000642,2021-09-07,Jul-21,COTTON CLOSET LTD,J0093,J0093-DR-S,S,Robe/Jupe,1.0,765.94,697.0,421.27,275.73,39.56
TXN_000643,2021-09-07,Jul-21,COTTON CLOSET LTD,J0093,J0093-DR-M,M,Robe/Jupe,1.0,765.94,697.0,421.27,275.73,39.56
TXN_000644,2021-09-07,Jul-21,COTTON CLOSET LTD,J0093,J0093-DR-L,L,Robe/Jupe,1.0,765.94,697.0,421.27,275.73,39.56
TXN_000645,2021-09-07,Jul-21,COTTON CLOSET LTD,J0093,J0093-DR-XL,XL,Robe/Jupe,1.0,765.94,697.0,421.27,275.73,39.56
TXN_000646,2021-09-07,Jul-21,COTTON CLOSET LTD,J0093,J0093-DR-XXL,XXL,Robe/Jupe,1.0,765.94,697.0,421.27,275.73,39.56
TXN_000647,2021-09-07,Jul-21,COTTON CLOSET LTD,J0093,J0093-DR-XXXL,XXXL,Robe/Jupe,1.0,765.94,697.0,421.27,275.73,39.56
TXN_000648,2021-09-07,Jul-21,COTTON CLOSET LTD,J0154,J0154-DR-XS,XS,Robe/Jupe,1.0,583.69,531.0,321.03,209.97,39.54
TXN_000649,2021-09-07,Jul-21,COTTON CLOSET LTD,J0154,J0154-DR-S,S,Robe/Jupe,1.0,583.69,531.0,321.03,209.97,39.54
TXN_000650,2021-09-07,Jul-21,COTTON CLOSET LTD,J0154,J0154-DR-M,M,Robe/Jupe,1.0,583.69,531.0,321.03,209.97,39.54
TXN_000651,2021-09-07,Jul-21,COTTON CLOSET LTD,J0154,J0154-DR-L,L,Robe/Jupe,1.0,583.69,531.0,321.03,209.97,39.54
TXN_000652,2021-09-07,Jul-21,COTTON CLOSET LTD,J0154,J0154-DR-XL,XL,Robe/Jupe,1.0,583.69,531.0,321.03,209.97,39.54
TXN_000653,2021-09-07,Jul-21,COTTON CLOSET LTD,J0154,J0154-DR-XXL,XXL,Robe/Jupe,1.0,583.69,531.0,321.03,209.97,39.54
TXN_000654,2021-09-07,Jul-21,COTTON CLOSET LTD,J0154,J0154-DR-XXXL,XXXL,Robe/Jupe,1.0,583.69,531.0,321.03,209.97,39.54
TXN_000631,2021-09-07,Jul-21,COTTON CLOSET LTD,J0016,J0016-DR-XL,XL,Robe/Jupe,1.0,681.25,620.0,374.69,245.31,39.57
TXN_000630,2021-09-07,Jul-21,COTTON CLOSET LTD,J0016,J0016-DR-L,L,Robe/Jupe,1.0,681.25,620.0,374.69,245.31,39.57
TXN_000629,2021-09-07,Jul-21,COTTON CLOSET LTD,J0016,J0016-DR-M,M,Robe/Jupe,1.0,681.25,620.0,374.69,245.31,39.57
TXN_000628,2021-09-07,Jul-21,COTTON CLOSET LTD,J0016,J0016-DR-S,S,Robe/Jupe,1.0,681.25,620.0,374.69,245.31,39.57
TXN_000604,2021-09-07,Jul-21,COTTON CLOSET LTD,BTM045,BTM045-PP-XXL,XXL,Autre,1.0,446.19,406.0,245.4,160.6,39.56
TXN_000605,2021-09-07,Jul-21,COTTON CLOSET LTD,BTM045,BTM045-PP-XXXL,XXXL,Autre,1.0,446.19,406.0,245.4,160.6,39.56
TXN_000606,2021-09-07,Jul-21,COTTON CLOSET LTD,BTM047,BTM047-PP-XS,XS,Autre,1.0,446.19,406.0,245.4,160.6,39.56
TXN_000607,2021-09-07,Jul-21,COTTON CLOSET LTD,BTM047,BTM047-PP-S,S,Autre,1.0,446.19,406.0,245.4,160.6,39.56
TXN_000608,2021-09-07,Jul-21,COTTON CLOSET LTD,BTM047,BTM047-PP-M,M,Autre,1.0,446.19,406.0,245.4,160.6,39.56
TXN_000609,2021-09-07,Jul-21,COTTON CLOSET LTD,BTM047,BTM047-PP-L,L,Autre,1.0,446.19,406.0,245.4,160.6,39.56
TXN_000610,2021-09-07,Jul-21,COTTON CLOSET LTD,BTM047,BTM047-PP-XL,XL,Autre,1.0,446.19,406.0,245.4,160.6,39.56
TXN_000611,2021-09-07,Jul-21,COTTON CLOSET LTD,BTM047,BTM047-PP-XXL,XXL,Autre,1.0,446.19,406.0,245.4,160.6,39.56
TXN_000612,2021-09-07,Jul-21,COTTON CLOSET LTD,BTM047,BTM047-PP-XXXL,XXXL,Autre,1.0,446.19,406.0,245.4,160.6,39.56
TXN_000613,2021-09-07,Jul-21,COTTON CLOSET LTD,BTM040,BTM040-PP-XS,XS,Autre,1.0,446.19,406.0,245.4,160.6,39.56
TXN_000614,2021-09-07,Jul-21,COTTON CLOSET LTD,BTM040,BTM040-PP-S,S,Autre,1.0,446.19,406.0,245.4,160.6,39.56
TXN_000804,2021-09-07,Jul-21,COTTON CLOSET LTD,JNE3554,JNE3554-KR-S,S,Robe/Jupe,1.0,450.0,410.0,247.5,162.5,39.63
TXN_000615,2021-09-07,Jul-21,COTTON CLOSET LTD,BTM040,BTM040-PP-M,M,Autre,1.0,446.19,406.0,245.4,160.6,39.56
TXN_000617,2021-09-07,Jul-21,COTTON CLOSET LTD,BTM040,BTM040-PP-XL,XL,Autre,1.0,446.19,406.0,245.4,160.6,39.56
TXN_000618,2021-09-07,Jul-21,COTTON CLOSET LTD,BTM040,BTM040-PP-XXL,XXL,Autre,1.0,446.19,406.0,245.4,160.6,39.56
TXN_000619,2021-09-07,Jul-21,COTTON CLOSET LTD,BTM040,BTM040-PP-XXXL,XXXL,Autre,1.0,446.19,406.0,245.4,160.6,39.56
TXN_000620,2021-09-07,Jul-21,COTTON CLOSET LTD,BTM042,BTM042-PP-XS,XS,Autre,1.0,446.19,406.0,245.4,160.6,39.56
TXN_000621,2021-09-07,Jul-21,COTTON CLOSET LTD,BTM042,BTM042-PP-S,S,Autre,1.0,446.19,406.0,245.4,160.6,39.56
TXN_000622,2021-09-07,Jul-21,COTTON CLOSET LTD,BTM042,BTM042-PP-M,M,Autre,1.0,446.19,406.0,245.4,160.6,39.56
TXN_000623,2021-09-07,Jul-21,COTTON CLOSET LTD,BTM042,BTM042-PP-L,L,Autre,1.0,446.19,406.0,245.4,160.6,39.56
TXN_000624,2021-09-07,Jul-21,COTTON CLOSET LTD,BTM042,BTM042-PP-XL,XL,Autre,1.0,446.19,406.0,245.4,160.6,39.56
TXN_000625,2021-09-07,Jul-21,COTTON CLOSET LTD,BTM042,BTM042-PP-XXL,XXL,Autre,1.0,446.19,406.0,245.4,160.6,39.56
TXN_000626,2021-09-07,Jul-21,COTTON CLOSET LTD,BTM042,BTM042-PP-XXXL,XXXL,Autre,1.0,446.19,406.0,245.4,160.6,39.56
TXN_000627,2021-09-07,Jul-21,COTTON CLOSET LTD,J0016,J0016-DR-XS,XS,Robe/Jupe,1.0,681.25,620.0,374.69,245.31,39.57
TXN_000616,2021-09-07,Jul-21,COTTON CLOSET LTD,BTM040,BTM040-PP-L,L,Autre,1.0,446.19,406.0,245.4,160.6,39.56
TXN_000803,2021-09-07,Jul-21,COTTON CLOSET LTD,JNE3547,JNE3547-KR-XXL,XXL,Robe/Jupe,1.0,450.0,410.0,247.5,162.5,39.63
TXN_000656,2021-09-07,Jul-21,COTTON CLOSET LTD,J0081,J0081-DR-S,S,Robe/Jupe,1.0,893.06,813.0,491.18,321.82,39.58
TXN_000873,2021-09-07,Jul-21,COTTON CLOSET LTD,JNE3506,JNE3506-KR-XL,XL,Robe/Jupe,1.0,787.5,717.0,433.13,283.87,39.59
TXN_000882,2021-09-07,Jul-21,COTTON CLOSET LTD,J0083,J0083-KR-XXXL,XXXL,Robe/Jupe,1.0,858.69,781.0,472.28,308.72,39.53
TXN_000881,2021-09-07,Jul-21,COTTON CLOSET LTD,J0083,J0083-KR-XXL,XXL,Robe/Jupe,1.0,858.69,781.0,472.28,308.72,39.53
TXN_000880,2021-09-07,Jul-21,COTTON CLOSET LTD,J0083,J0083-KR-XL,XL,Robe/Jupe,1.0,858.69,781.0,472.28,308.72,39.53
TXN_000879,2021-09-07,Jul-21,COTTON CLOSET LTD,J0083,J0083-KR-L,L,Robe/Jupe,1.0,858.69,781.0,472.28,308.72,39.53
TXN_000878,2021-09-07,Jul-21,COTTON CLOSET LTD,J0083,J0083-KR-M,M,Robe/Jupe,1.0,858.69,781.0,472.28,308.72,39.53
TXN_000877,2021-09-07,Jul-21,COTTON CLOSET LTD,J0083,J0083-KR-S,S,Robe/Jupe,1.0,858.69,781.0,472.28,308.72,39.53
TXN_000876,2021-09-07,Jul-21,COTTON CLOSET LTD,J0083,J0083-KR-XS,XS,Robe/Jupe,1.0,858.69,781.0,472.28,308.72,39.53
TXN_000875,2021-09-07,Jul-21,COTTON CLOSET LTD,JNE3506,JNE3506-KR-XXXL,XXXL,Robe/Jupe,1.0,787.5,717.0,433.13,283.87,39.59
TXN_000874,2021-09-07,Jul-21,COTTON CLOSET LTD,JNE3506,JNE3506-KR-XXL,XXL,Robe/Jupe,1.0,787.5,717.0,433.13,283.87,39.59
TXN_000872,2021-09-07,Jul-21,COTTON CLOSET LTD,JNE3506,JNE3506-KR-L,L,Robe/Jupe,1.0,787.5,717.0,433.13,283.87,39.59
TXN_000871,2021-09-07,Jul-21,COTTON CLOSET LTD,JNE3506,JNE3506-KR-M,M,Robe/Jupe,1.0,787.5,717.0,433.13,283.87,39.59
TXN_000870,2021-09-07,Jul-21,COTTON CLOSET LTD,JNE3506,JNE3506-KR-S,S,Robe/Jupe,1.0,787.5,717.0,433.13,283.87,39.59
TXN_000869,2021-09-07,Jul-21,COTTON CLOSET LTD,JNE3506,JNE3506-KR-XS,XS,Robe/Jupe,1.0,787.5,717.0,433.13,283.87,39.59
TXN_000868,2021-09-07,Jul-21,COTTON CLOSET LTD,JNE2270,JNE2270-KR-487-XXL,XXL,Robe/Jupe,1.0,681.25,620.0,374.69,245.31,39.57
TXN_000867,2021-09-07,Jul-21,COTTON CLOSET LTD,JNE2270,JNE2270-KR-487-XL,XL,Robe/Jupe,1.0,681.25,620.0,374.69,245.31,39.57
TXN_000866,2021-09-07,Jul-21,COTTON CLOSET LTD,JNE2270,JNE2270-KR-487-L,L,Robe/Jupe,1.0,681.25,620.0,374.69,245.31,39.57
TXN_000865,2021-09-07,Jul-21,COTTON CLOSET LTD,JNE2270,JNE2270-KR-487-M,M,Robe/Jupe,1.0,681.25,620.0,374.69,245.31,39.57
TXN_000864,2021-09-07,Jul-21,COTTON CLOSET LTD,JNE2270,JNE2270-KR-487-S,S,Robe/Jupe,1.0,681.25,620.0,374.69,245.31,39.57
TXN_000863,2021-09-07,Jul-21,COTTON CLOSET LTD,JNE2270,JNE2270-KR-487-XS,XS,Robe/Jupe,1.0,681.25,620.0,374.69,245.31,39.57
TXN_000861,2021-09-07,Jul-21,COTTON CLOSET LTD,JNE3609,JNE3609-KR-XXL,XXL,Robe/Jupe,1.0,681.25,620.0,374.69,245.31,39.57
TXN_000860,2021-09-07,Jul-21,COTTON CLOSET LTD,JNE3609,JNE3609-KR-XL,XL,Robe/Jupe,1.0,681.25,620.0,374.69,245.31,39.57
TXN_000859,2021-09-07,Jul-21,COTTON CLOSET LTD,JNE3609,JNE3609-KR-L,L,Robe/Jupe,1.0,681.25,620.0,374.69,245.31,39.57
TXN_000858,2021-09-07,Jul-21,COTTON CLOSET LTD,JNE3609,JNE3609-KR-M,M,Robe/Jupe,1.0,681.25,620.0,374.69,245.31,39.57
TXN_000857,2021-09-07,Jul-21,COTTON CLOSET LTD,JNE3609,JNE3609-KR-S,S,Robe/Jupe,1.0,681.25,620.0,374.69,245.31,39.57
TXN_000856,2021-09-07,Jul-21,COTTON CLOSET LTD,JNE3609,JNE3609-KR-XS,XS,Robe/Jupe,1.0,681.25,620.0,374.69,245.31,39.57
TXN_000855,2021-09-07,Jul-21,COTTON CLOSET LTD,JNE3577,JNE3577-KR-XXL,XXL,Robe/Jupe,1.0,681.25,620.0,374.69,245.31,39.57
TXN_000854,2021-09-07,Jul-21,COTTON CLOSET LTD,JNE3577,JNE3577-KR-XL,XL,Robe/Jupe,1.0,681.25,620.0,374.69,245.31,39.57
TXN_000853,2021-09-07,Jul-21,COTTON CLOSET LTD,JNE3577,JNE3577-KR-M,M,Robe/Jupe,1.0,681.25,620.0,374.69,245.31,39.57
TXN_000852,2021-09-07,Jul-21,COTTON CLOSET LTD,JNE3577,JNE3577-KR-S,S,Robe/Jupe,1.0,681.25,620.0,374.69,245.31,39.57
TXN_000883,2021-09-07,Jul-21,COTTON CLOSET LTD,JNE3288,JNE3288-KR-XS,XS,Robe/Jupe,1.0,681.25,620.0,374.69,245.31,39.57
TXN_000884,2021-09-07,Jul-21,COTTON CLOSET LTD,JNE3288,JNE3288-KR-S,S,Robe/Jupe,1.0,681.25,620.0,374.69,245.31,39.57
TXN_000862,2021-09-07,Jul-21,COTTON CLOSET LTD,JNE3609,JNE3609-KR-XXXL,XXXL,Robe/Jupe,1.0,681.25,620.0,374.69,245.31,39.57
TXN_000802,2021-09-07,Jul-21,COTTON CLOSET LTD,JNE3547,JNE3547-KR-XL,XL,Robe/Jupe,1.0,450.0,410.0,247.5,162.5,39.63
TXN_000885,2021-09-07,Jul-21,COTTON CLOSET LTD,JNE3288,JNE3288-KR-M,M,Robe/Jupe,1.0,681.25,620.0,374.69,245.31,39.57
TXN_000893,2021-09-07,Jul-21,COTTON CLOSET LTD,J0187,J0187-KR-L,L,Robe/Jupe,1.0,961.81,875.0,529.0,346.0,39.54
TXN_000894,2021-09-07,Jul-21,COTTON CLOSET LTD,J0187,J0187-KR-XL,XL,Robe/Jupe,1.0,961.81,875.0,529.0,346.0,39.54
TXN_000892,2021-09-07,Jul-21,COTTON CLOSET LTD,J0187,J0187-KR-M,M,Robe/Jupe,1.0,961.81,875.0,529.0,346.0,39.54
TXN_000891,2021-09-07,Jul-21,COTTON CLOSET LTD,J0187,J0187-KR-S,S,Robe/Jupe,1.0,961.81,875.0,529.0,346.0,39.54
TXN_000890,2021-09-07,Jul-21,COTTON CLOSET LTD,J0187,J0187-KR-XS,XS,Robe/Jupe,1.0,961.81,875.0,529.0,346.0,39.54
TXN_000888,2021-09-07,Jul-21,COTTON CLOSET LTD,JNE3288,JNE3288-KR-XXL,XXL,Robe/Jupe,1.0,681.25,620.0,374.69,245.31,39.57
TXN_000887,2021-09-07,Jul-21,COTTON CLOSET LTD,JNE3288,JNE3288-KR-XL,XL,Robe/Jupe,1.0,681.25,620.0,374.69,245.31,39.57
TXN_000895,2021-09-07,Jul-21,COTTON CLOSET LTD,J0187,J0187-KR-XXL,XXL,Robe/Jupe,1.0,961.81,875.0,529.0,346.0,39.54
TXN_000896,2021-09-07,Jul-21,COTTON CLOSET LTD,J0187,J0187-KR-XXXL,XXXL,Robe/Jupe,1.0,961.81,875.0,529.0,346.0,39.54
TXN_000889,2021-09-07,Jul-21,COTTON CLOSET LTD,JNE3288,JNE3288-KR-XXXL,XXXL,Robe/Jupe,1.0,681.25,620.0,374.69,245.31,39.57
TXN_000796,2021-09-07,Jul-21,COTTON CLOSET LTD,JNE3560,JNE3560-KR-L,L,Robe/Jupe,1.0,450.0,410.0,247.5,162.5,39.63
TXN_000800,2021-09-07,Jul-21,COTTON CLOSET LTD,JNE3547,JNE3547-KR-M,M,Robe/Jupe,1.0,450.0,410.0,247.5,162.5,39.63
TXN_000886,2021-09-07,Jul-21,COTTON CLOSET LTD,JNE3288,JNE3288-KR-L,L,Robe/Jupe,1.0,681.25,620.0,374.69,245.31,39.57
TXN_000799,2021-09-07,Jul-21,COTTON CLOSET LTD,JNE3547,JNE3547-KR-S,S,Robe/Jupe,1.0,450.0,410.0,247.5,162.5,39.63
TXN_000798,2021-09-07,Jul-21,COTTON CLOSET LTD,JNE3560,JNE3560-KR-XXL,XXL,Robe/Jupe,1.0,450.0,410.0,247.5,162.5,39.63
TXN_000797,2021-09-07,Jul-21,COTTON CLOSET LTD,JNE3560,JNE3560-KR-XL,XL,Robe/Jupe,1.0,450.0,410.0,247.5,162.5,39.63
TXN_000801,2021-09-07,Jul-21,COTTON CLOSET LTD,JNE3547,JNE3547-KR-L,L,Robe/Jupe,1.0,450.0,410.0,247.5,162.5,39.63
TXN_000795,2021-09-07,Jul-21,COTTON CLOSET LTD,JNE3560,JNE3560-KR-M,M,Robe/Jupe,1.0,450.0,410.0,247.5,162.5,39.63
TXN_000794,2021-09-07,Jul-21,COTTON CLOSET LTD,JNE2307,JNE2307-KR-572-XXL,XXL,Robe/Jupe,1.0,444.38,404.0,244.41,159.59,39.5
TXN_000793,2021-09-07,Jul-21,COTTON CLOSET LTD,JNE2307,JNE2307-KR-572-XL,XL,Robe/Jupe,1.0,444.38,404.0,244.41,159.59,39.5
TXN_001482,2021-09-09,Sep-21,KIRUTHIKA V SURESHBABU,JNE3648,JNE3648-TP-M,M,Robe/Jupe,1.0,431.0,431.0,237.05,193.95,45.0
TXN_001474,2021-09-09,Sep-21,KIRUTHIKA V SURESHBABU,JNE3651,JNE3651-TP-S,S,Robe/Jupe,1.0,431.0,431.0,237.05,193.95,45.0
TXN_001481,2021-09-09,Sep-21,KIRUTHIKA V SURESHBABU,J0291,J0291-JS-L,L,Robe/Jupe,1.0,664.0,664.0,365.2,298.8,45.0
TXN_001473,2021-09-09,Sep-21,KIRUTHIKA V SURESHBABU,J0196,J0196-TP-S,S,Robe/Jupe,1.0,585.0,585.0,321.75,263.25,45.0
TXN_001479,2021-09-09,Sep-21,KIRUTHIKA V SURESHBABU,JNE3666,JNE3666-TP-M,M,Robe/Jupe,1.0,431.0,431.0,237.05,193.95,45.0
TXN_001478,2021-09-09,Sep-21,KIRUTHIKA V SURESHBABU,JNE3580,JNE3580-DR-M,M,Robe/Jupe,1.0,619.0,619.0,340.45,278.55,45.0
TXN_001480,2021-09-09,Sep-21,KIRUTHIKA V SURESHBABU,J0302,J0302-DR-L,L,Robe/Jupe,1.0,664.0,664.0,365.2,298.8,45.0
TXN_001476,2021-09-09,Sep-21,KIRUTHIKA V SURESHBABU,JNE3713,JNE3713-TP-S,S,Robe/Jupe,1.0,431.0,431.0,237.05,193.95,45.0
TXN_001475,2021-09-09,Sep-21,KIRUTHIKA V SURESHBABU,J0197,J0197-TP-S,S,Robe/Jupe,1.0,585.0,585.0,321.75,263.25,45.0
TXN_001477,2021-09-09,Sep-21,KIRUTHIKA V SURESHBABU,J0307,J0307-TP-M,M,Robe/Jupe,1.0,390.0,390.0,214.5,175.5,45.0
TXN_002281,2021-09-10,Oct-21,ALAMELOO(MALA),JNE3405,JNE3405-KR-XXL,XXL,Robe/Jupe,1.0,431.0,431.0,237.05,193.95,45.0
TXN_002282,2021-09-10,Oct-21,RINO SANDARAN,SET138,SET138-KR-PP-XL,XL,Ensemble,1.0,994.0,994.0,546.7,447.3,45.0
TXN_002280,2021-09-10,Oct-21,ALAMELOO(MALA),JNE3405,JNE3405-KR-XL,XL,Robe/Jupe,1.0,431.0,431.0,237.05,193.95,45.0
TXN_002279,2021-09-10,Oct-21,ALAMELOO(MALA),JNE3637,JNE3637-KR-XL,XL,Robe/Jupe,1.0,681.0,681.0,374.55,306.45,45.0
TXN_002278,2021-09-10,Oct-21,ALAMELOO(MALA),JNE3637,JNE3637-KR-L,L,Robe/Jupe,1.0,681.0,681.0,374.55,306.45,45.0
TXN_002277,2021-09-10,Oct-21,ALAMELOO(MALA),SET268,SET268-KR-NP-L,L,Ensemble,1.0,931.0,931.0,512.05,418.95,45.0
TXN_002276,2021-09-10,Oct-21,ALAMELOO(MALA),SET138,SET138-KR-PP-XL,XL,Ensemble,2.0,994.0,1988.0,1093.4,894.6,45.0
TXN_002275,2021-09-10,Oct-21,ALAMELOO(MALA),SET138,SET138-KR-PP-S,S,Ensemble,1.0,994.0,994.0,546.7,447.3,45.0
TXN_002274,2021-09-10,Oct-21,ALAMELOO(MALA),JNE3288,JNE3288-KR-XL,XL,Robe/Jupe,1.0,681.0,681.0,374.55,306.45,45.0
TXN_002265,2021-09-10,Oct-21,ALAMELOO(MALA),SET262,SET262-KR-NP-XXL,XXL,Ensemble,1.0,894.0,894.0,491.7,402.3,45.0
TXN_002271,2021-09-10,Oct-21,ALAMELOO(MALA),SET147,SET147-KR-NP-XL,XL,Ensemble,1.0,931.0,931.0,512.05,418.95,45.0
TXN_002270,2021-09-10,Oct-21,ALAMELOO(MALA),SET147,SET147-KR-NP-L,L,Ensemble,1.0,931.0,931.0,512.05,418.95,45.0
TXN_002269,2021-09-10,Oct-21,ALAMELOO(MALA),SET147,SET147-KR-NP-M,M,Ensemble,1.0,931.0,931.0,512.05,418.95,45.0
TXN_002268,2021-09-10,Oct-21,ALAMELOO(MALA),SET147,SET147-KR-NP-S,S,Ensemble,1.0,931.0,931.0,512.05,418.95,45.0
TXN_002267,2021-09-10,Oct-21,ALAMELOO(MALA),SET154,SET154-KR-NP-XL,XL,Ensemble,1.0,894.0,894.0,491.7,402.3,45.0
TXN_002266,2021-09-10,Oct-21,ALAMELOO(MALA),SET154,SET154-KR-NP-L,L,Ensemble,1.0,894.0,894.0,491.7,402.3,45.0
TXN_002264,2021-09-10,Oct-21,ALAMELOO(MALA),SET262,SET262-KR-NP-XL,XL,Ensemble,2.0,894.0,1788.0,983.4,804.6,45.0
TXN_002283,2021-09-10,Oct-21,RINO SANDARAN,J0277,J0277-SKD-M,M,Robe/Jupe,2.0,1758.0,3516.0,1933.8,1582.2,45.0
TXN_002273,2021-09-10,Oct-21,ALAMELOO(MALA),JNE3288,JNE3288-KR-L,L,Robe/Jupe,1.0,681.0,681.0,374.55,306.45,45.0
TXN_002284,2021-09-10,Oct-21,RINO SANDARAN,SET043,SET043-KR-NP-XL,XL,Ensemble,2.0,1181.0,2362.0,1299.1,1062.9,45.0
TXN_002298,2021-09-10,Oct-21,RINO SANDARAN,J0013,J0013-SKD-M,M,Robe/Jupe,1.0,1210.0,1210.0,665.5,544.5,45.0
TXN_002286,2021-09-10,Oct-21,RINO SANDARAN,JNE3560,JNE3560-KR-M,M,Robe/Jupe,4.0,450.0,1800.0,990.0,810.0,45.0
TXN_004724,2021-09-10,Oct-21,ALAMELOO(MALA),SET147,SET147-KR-NP-L,L,Ensemble,1.0,931.0,931.0,512.05,418.95,45.0
TXN_004718,2021-09-10,Oct-21,ALAMELOO(MALA),SET262,SET262-KR-NP-XL,XL,Ensemble,2.0,894.0,1788.0,983.4,804.6,45.0
TXN_002308,2021-09-10,Oct-21,RINO SANDARAN,J0242,J0242-SKD-S,S,Robe/Jupe,1.0,1366.0,1366.0,751.3,614.7,45.0
TXN_002307,2021-09-10,Oct-21,RINO SANDARAN,J0242,J0242-SKD-XS,XS,Robe/Jupe,1.0,1366.0,1366.0,751.3,614.7,45.0
TXN_002306,2021-09-10,Oct-21,RINO SANDARAN,J0277,J0277-SKD-XL,XL,Robe/Jupe,1.0,1758.0,1758.0,966.9,791.1,45.0
TXN_002305,2021-09-10,Oct-21,RINO SANDARAN,J0285,J0285-SKD-L,L,Robe/Jupe,2.0,1719.0,3438.0,1890.9,1547.1,45.0
TXN_002304,2021-09-10,Oct-21,RINO SANDARAN,J0285,J0285-SKD-M,M,Robe/Jupe,2.0,1719.0,3438.0,1890.9,1547.1,45.0
TXN_002303,2021-09-10,Oct-21,RINO SANDARAN,J0285,J0285-SKD-S,S,Robe/Jupe,2.0,1719.0,3438.0,1890.9,1547.1,45.0
TXN_002302,2021-09-10,Oct-21,RINO SANDARAN,J0285,J0285-SKD-XS,XS,Robe/Jupe,1.0,1719.0,1719.0,945.45,773.55,45.0
TXN_002301,2021-09-10,Oct-21,RINO SANDARAN,J0277,J0277-SKD-M,M,Robe/Jupe,2.0,1758.0,3516.0,1933.8,1582.2,45.0
TXN_002300,2021-09-10,Oct-21,RINO SANDARAN,J0277,J0277-SKD-S,S,Robe/Jupe,2.0,1758.0,3516.0,1933.8,1582.2,45.0
TXN_002299,2021-09-10,Oct-21,RINO SANDARAN,J0277,J0277-SKD-XS,XS,Robe/Jupe,1.0,1758.0,1758.0,966.9,791.1,45.0
TXN_002297,2021-09-10,Oct-21,RINO SANDARAN,JNE3728,JNE3728-KR-XL,XL,Robe/Jupe,1.0,513.0,513.0,282.15,230.85,45.0
TXN_002296,2021-09-10,Oct-21,RINO SANDARAN,SET043,SET043-KR-NP-L,L,Ensemble,3.0,1181.0,3543.0,1948.65,1594.35,45.0
TXN_002295,2021-09-10,Oct-21,RINO SANDARAN,J0004,J0004-SKD-XS,XS,Robe/Jupe,1.0,1366.0,1366.0,751.3,614.7,45.0
TXN_002294,2021-09-10,Oct-21,RINO SANDARAN,J0277,J0277-SKD-XL,XL,Robe/Jupe,1.0,1758.0,1758.0,966.9,791.1,45.0
TXN_002293,2021-09-10,Oct-21,RINO SANDARAN,J0277,J0277-SKD-L,L,Robe/Jupe,1.0,1758.0,1758.0,966.9,791.1,45.0
TXN_002292,2021-09-10,Oct-21,RINO SANDARAN,J0242,J0242-SKD-XS,XS,Robe/Jupe,1.0,1366.0,1366.0,751.3,614.7,45.0
TXN_002291,2021-09-10,Oct-21,RINO SANDARAN,J0006,J0006-SET-XXXL,XXXL,Robe/Jupe,1.0,938.0,938.0,515.9,422.1,45.0
TXN_002290,2021-09-10,Oct-21,RINO SANDARAN,JNE3725,JNE3725-KR-XL,XL,Robe/Jupe,1.0,513.0,513.0,282.15,230.85,45.0
TXN_002289,2021-09-10,Oct-21,RINO SANDARAN,JNE3546,JNE3546-KR-L,L,Robe/Jupe,2.0,431.0,862.0,474.1,387.9,45.0
TXN_002288,2021-09-10,Oct-21,RINO SANDARAN,JNE3546,JNE3546-KR-M,M,Robe/Jupe,2.0,431.0,862.0,474.1,387.9,45.0
TXN_002287,2021-09-10,Oct-21,RINO SANDARAN,JNE3560,JNE3560-KR-L,L,Robe/Jupe,2.0,450.0,900.0,495.0,405.0,45.0
TXN_002285,2021-09-10,Oct-21,RINO SANDARAN,JNE3697,JNE3697-KR-M,M,Robe/Jupe,1.0,431.0,431.0,237.05,193.95,45.0
TXN_004719,2021-09-10,Oct-21,ALAMELOO(MALA),SET262,SET262-KR-NP-XXL,XXL,Ensemble,1.0,894.0,894.0,491.7,402.3,45.0
TXN_004725,2021-09-10,Oct-21,ALAMELOO(MALA),SET147,SET147-KR-NP-XL,XL,Ensemble,1.0,931.0,931.0,512.05,418.95,45.0
TXN_002272,2021-09-10,Oct-21,ALAMELOO(MALA),JNE3065,JNE3065-KR-XL,XL,Robe/Jupe,1.0,556.0,556.0,305.8,250.2,45.0
TXN_004762,2021-09-10,Oct-21,RINO SANDARAN,J0242,J0242-SKD-S,S,Robe/Jupe,1.0,1366.0,1366.0,751.3,614.7,45.0
TXN_004761,2021-09-10,Oct-21,RINO SANDARAN,J0242,J0242-SKD-XS,XS,Robe/Jupe,1.0,1366.0,1366.0,751.3,614.7,45.0
TXN_004760,2021-09-10,Oct-21,RINO SANDARAN,J0277,J0277-SKD-XL,XL,Robe/Jupe,1.0,1758.0,1758.0,966.9,791.1,45.0
TXN_004759,2021-09-10,Oct-21,RINO SANDARAN,J0285,J0285-SKD-L,L,Robe/Jupe,2.0,1719.0,3438.0,1890.9,1547.1,45.0
TXN_004758,2021-09-10,Oct-21,RINO SANDARAN,J0285,J0285-SKD-M,M,Robe/Jupe,2.0,1719.0,3438.0,1890.9,1547.1,45.0
TXN_004756,2021-09-10,Oct-21,RINO SANDARAN,J0285,J0285-SKD-XS,XS,Robe/Jupe,1.0,1719.0,1719.0,945.45,773.55,45.0
TXN_004755,2021-09-10,Oct-21,RINO SANDARAN,J0277,J0277-SKD-M,M,Robe/Jupe,2.0,1758.0,3516.0,1933.8,1582.2,45.0
TXN_004754,2021-09-10,Oct-21,RINO SANDARAN,J0277,J0277-SKD-S,S,Robe/Jupe,2.0,1758.0,3516.0,1933.8,1582.2,45.0
TXN_004753,2021-09-10,Oct-21,RINO SANDARAN,J0277,J0277-SKD-XS,XS,Robe/Jupe,1.0,1758.0,1758.0,966.9,791.1,45.0
TXN_004752,2021-09-10,Oct-21,RINO SANDARAN,J0013,J0013-SKD-M,M,Robe/Jupe,1.0,1210.0,1210.0,665.5,544.5,45.0
TXN_004751,2021-09-10,Oct-21,RINO SANDARAN,JNE3728,JNE3728-KR-XL,XL,Robe/Jupe,1.0,513.0,513.0,282.15,230.85,45.0
TXN_004750,2021-09-10,Oct-21,RINO SANDARAN,SET043,SET043-KR-NP-L,L,Ensemble,3.0,1181.0,3543.0,1948.65,1594.35,45.0
TXN_004749,2021-09-10,Oct-21,RINO SANDARAN,J0004,J0004-SKD-XS,XS,Robe/Jupe,1.0,1366.0,1366.0,751.3,614.7,45.0
TXN_004748,2021-09-10,Oct-21,RINO SANDARAN,J0277,J0277-SKD-XL,XL,Robe/Jupe,1.0,1758.0,1758.0,966.9,791.1,45.0
TXN_004747,2021-09-10,Oct-21,RINO SANDARAN,J0277,J0277-SKD-L,L,Robe/Jupe,1.0,1758.0,1758.0,966.9,791.1,45.0
TXN_004746,2021-09-10,Oct-21,RINO SANDARAN,J0242,J0242-SKD-XS,XS,Robe/Jupe,1.0,1366.0,1366.0,751.3,614.7,45.0
TXN_004745,2021-09-10,Oct-21,RINO SANDARAN,J0006,J0006-SET-XXXL,XXXL,Robe/Jupe,1.0,938.0,938.0,515.9,422.1,45.0
TXN_004744,2021-09-10,Oct-21,RINO SANDARAN,JNE3725,JNE3725-KR-XL,XL,Robe/Jupe,1.0,513.0,513.0,282.15,230.85,45.0
TXN_004743,2021-09-10,Oct-21,RINO SANDARAN,JNE3546,JNE3546-KR-L,L,Robe/Jupe,2.0,431.0,862.0,474.1,387.9,45.0
TXN_004742,2021-09-10,Oct-21,RINO SANDARAN,JNE3546,JNE3546-KR-M,M,Robe/Jupe,2.0,431.0,862.0,474.1,387.9,45.0
TXN_004741,2021-09-10,Oct-21,RINO SANDARAN,JNE3560,JNE3560-KR-L,L,Robe/Jupe,2.0,450.0,900.0,495.0,405.0,45.0
TXN_004740,2021-09-10,Oct-21,RINO SANDARAN,JNE3560,JNE3560-KR-M,M,Robe/Jupe,4.0,450.0,1800.0,990.0,810.0,45.0
TXN_004739,2021-09-10,Oct-21,RINO SANDARAN,JNE3697,JNE3697-KR-M,M,Robe/Jupe,1.0,431.0,431.0,237.05,193.95,45.0
TXN_004738,2021-09-10,Oct-21,RINO SANDARAN,SET043,SET043-KR-NP-XL,XL,Ensemble,2.0,1181.0,2362.0,1299.1,1062.9,45.0
TXN_004737,2021-09-10,Oct-21,RINO SANDARAN,J0277,J0277-SKD-M,M,Robe/Jupe,2.0,1758.0,3516.0,1933.8,1582.2,45.0
TXN_004736,2021-09-10,Oct-21,RINO SANDARAN,SET138,SET138-KR-PP-XL,XL,Ensemble,1.0,994.0,994.0,546.7,447.3,45.0
TXN_004722,2021-09-10,Oct-21,ALAMELOO(MALA),SET147,SET147-KR-NP-S,S,Ensemble,1.0,931.0,931.0,512.05,418.95,45.0
TXN_004721,2021-09-10,Oct-21,ALAMELOO(MALA),SET154,SET154-KR-NP-XL,XL,Ensemble,1.0,894.0,894.0,491.7,402.3,45.0
TXN_004720,2021-09-10,Oct-21,ALAMELOO(MALA),SET154,SET154-KR-NP-L,L,Ensemble,1.0,894.0,894.0,491.7,402.3,45.0
TXN_004723,2021-09-10,Oct-21,ALAMELOO(MALA),SET147,SET147-KR-NP-M,M,Ensemble,1.0,931.0,931.0,512.05,418.95,45.0
TXN_004735,2021-09-10,Oct-21,ALAMELOO(MALA),JNE3405,JNE3405-KR-XXL,XXL,Robe/Jupe,1.0,431.0,431.0,237.05,193.95,45.0
TXN_004757,2021-09-10,Oct-21,RINO SANDARAN,J0285,J0285-SKD-S,S,Robe/Jupe,2.0,1719.0,3438.0,1890.9,1547.1,45.0
TXN_004733,2021-09-10,Oct-21,ALAMELOO(MALA),JNE3637,JNE3637-KR-XL,XL,Robe/Jupe,1.0,681.0,681.0,374.55,306.45,45.0
TXN_004732,2021-09-10,Oct-21,ALAMELOO(MALA),JNE3637,JNE3637-KR-L,L,Robe/Jupe,1.0,681.0,681.0,374.55,306.45,45.0
TXN_004731,2021-09-10,Oct-21,ALAMELOO(MALA),SET268,SET268-KR-NP-L,L,Ensemble,1.0,931.0,931.0,512.05,418.95,45.0
TXN_004730,2021-09-10,Oct-21,ALAMELOO(MALA),SET138,SET138-KR-PP-XL,XL,Ensemble,2.0,994.0,1988.0,1093.4,894.6,45.0
TXN_004729,2021-09-10,Oct-21,ALAMELOO(MALA),SET138,SET138-KR-PP-S,S,Ensemble,1.0,994.0,994.0,546.7,447.3,45.0
TXN_004728,2021-09-10,Oct-21,ALAMELOO(MALA),JNE3288,JNE3288-KR-XL,XL,Robe/Jupe,1.0,681.0,681.0,374.55,306.45,45.0
TXN_004727,2021-09-10,Oct-21,ALAMELOO(MALA),JNE3288,JNE3288-KR-L,L,Robe/Jupe,1.0,681.0,681.0,374.55,306.45,45.0
TXN_004726,2021-09-10,Oct-21,ALAMELOO(MALA),JNE3065,JNE3065-KR-XL,XL,Robe/Jupe,1.0,556.0,556.0,305.8,250.2,45.0
TXN_004734,2021-09-10,Oct-21,ALAMELOO(MALA),JNE3405,JNE3405-KR-XL,XL,Robe/Jupe,1.0,431.0,431.0,237.05,193.95,45.0
TXN_002858,2021-09-12,Dec-21,SUUMAYA CLOTHING,SET293,SET293-KR-NP-XL,XL,Ensemble,1.0,775.0,775.0,426.25,348.75,45.0
TXN_002859,2021-09-12,Dec-21,SUUMAYA CLOTHING,SET293,SET293-KR-NP-XXL,XXL,Ensemble,1.0,775.0,775.0,426.25,348.75,45.0
TXN_002860,2021-09-12,Dec-21,SUUMAYA CLOTHING,SET293,SET293-KR-NP-XXXL,XXXL,Ensemble,1.0,775.0,775.0,426.25,348.75,45.0
TXN_002861,2021-09-12,Dec-21,SUUMAYA CLOTHING,SET278,SET278-KR-NP-L,L,Ensemble,1.0,1775.0,1775.0,976.25,798.75,45.0
TXN_005337,2021-09-12,Dec-21,NALINI,SET217,SET217-KR-PP-XXL,XXL,Ensemble,1.0,1200.0,1200.0,660.0,540.0,45.0
TXN_005338,2021-09-12,Dec-21,NALINI,SET219,SET219-KR-PP-XXL,XXL,Ensemble,1.0,1125.0,1125.0,618.75,506.25,45.0
TXN_005339,2021-09-12,Dec-21,NALINI,SET228,SET228-KR-PP-XXL,XXL,Ensemble,1.0,850.0,850.0,467.5,382.5,45.0
TXN_005340,2021-09-12,Dec-21,NALINI,SET239,SET239-KR-NP-XXL,XXL,Ensemble,1.0,1000.0,1000.0,550.0,450.0,45.0
TXN_005341,2021-09-12,Dec-21,NALINI,SET250,SET250-KR-SHA-L,L,Ensemble,1.0,926.0,926.0,509.3,416.7,45.0
TXN_005342,2021-09-12,Dec-21,NALINI,SET264,SET264-KR-NP-XL,XL,Ensemble,1.0,975.0,975.0,536.25,438.75,45.0
TXN_005343,2021-09-12,Dec-21,NALINI,SET385,SET385-KR-NP-XXL,XXL,Ensemble,1.0,925.0,925.0,508.75,416.25,45.0
TXN_002864,2021-09-12,Dec-21,SUUMAYA CLOTHING,SET278,SET278-KR-NP-XXXL,XXXL,Ensemble,1.0,1775.0,1775.0,976.25,798.75,45.0
TXN_002865,2021-09-12,Dec-21,SUUMAYA CLOTHING,SET276,SET276-KR-PP-L,L,Ensemble,1.0,1425.0,1425.0,783.75,641.25,45.0
TXN_002862,2021-09-12,Dec-21,SUUMAYA CLOTHING,SET278,SET278-KR-NP-XL,XL,Ensemble,1.0,1775.0,1775.0,976.25,798.75,45.0
TXN_002863,2021-09-12,Dec-21,SUUMAYA CLOTHING,SET278,SET278-KR-NP-XXL,XXL,Ensemble,1.0,1775.0,1775.0,976.25,798.75,45.0
TXN_005303,2021-09-12,Dec-21,SUUMAYA CLOTHING,SET236,SET236-KR-PP-M,M,Ensemble,1.0,850.0,850.0,467.5,382.5,45.0
TXN_005299,2021-09-12,Dec-21,SUUMAYA CLOTHING,SET223,SET223-KR-NP-XXL,XXL,Ensemble,1.0,975.0,975.0,536.25,438.75,45.0
TXN_005298,2021-09-12,Dec-21,SUUMAYA CLOTHING,SET223,SET223-KR-NP-XL,XL,Ensemble,1.0,975.0,975.0,536.25,438.75,45.0
TXN_005297,2021-09-12,Dec-21,SUUMAYA CLOTHING,SET223,SET223-KR-NP-L,L,Ensemble,2.0,975.0,1950.0,1072.5,877.5,45.0
TXN_005296,2021-09-12,Dec-21,SUUMAYA CLOTHING,SET223,SET223-KR-NP-M,M,Ensemble,1.0,975.0,975.0,536.25,438.75,45.0
TXN_005295,2021-09-12,Dec-21,SUUMAYA CLOTHING,SET223,SET223-KR-NP-S,S,Ensemble,1.0,975.0,975.0,536.25,438.75,45.0
TXN_005294,2021-09-12,Dec-21,SUUMAYA CLOTHING,SET223,SET223-KR-NP-XS,XS,Ensemble,1.0,975.0,975.0,536.25,438.75,45.0
TXN_002867,2021-09-12,Dec-21,SUUMAYA CLOTHING,SET276,SET276-KR-PP-XXL,XXL,Ensemble,1.0,1425.0,1425.0,783.75,641.25,45.0
TXN_002866,2021-09-12,Dec-21,SUUMAYA CLOTHING,SET276,SET276-KR-PP-XL,XL,Ensemble,1.0,1425.0,1425.0,783.75,641.25,45.0
TXN_005300,2021-09-12,Dec-21,SUUMAYA CLOTHING,SET223,SET223-KR-NP-XXXL,XXXL,Ensemble,1.0,975.0,975.0,536.25,438.75,45.0
TXN_005344,2021-09-12,Dec-21,NALINI,SET386,SET386-KR-NP-XXL,XXL,Ensemble,1.0,925.0,925.0,508.75,416.25,45.0
TXN_005304,2021-09-12,Dec-21,SUUMAYA CLOTHING,SET236,SET236-KR-PP-L,L,Ensemble,1.0,850.0,850.0,467.5,382.5,45.0
TXN_005306,2021-09-12,Dec-21,SUUMAYA CLOTHING,SET236,SET236-KR-PP-XXL,XXL,Ensemble,1.0,850.0,850.0,467.5,382.5,45.0
TXN_005325,2021-09-12,Dec-21,NALINI,J0122,J0122-TP-XL,XL,Robe/Jupe,1.0,388.0,388.0,213.4,174.6,45.0
TXN_005326,2021-09-12,Dec-21,NALINI,J0127,J0127-SKD-XXL,XXL,Robe/Jupe,1.0,1350.0,1350.0,742.5,607.5,45.0
TXN_005327,2021-09-12,Dec-21,NALINI,J0345,J0345-SET-S,S,Robe/Jupe,2.0,775.0,1550.0,852.5,697.5,45.0
TXN_005328,2021-09-12,Dec-21,NALINI,J0347,J0347-SET-S,S,Robe/Jupe,1.0,813.0,813.0,447.15,365.85,45.0
TXN_005329,2021-09-12,Dec-21,NALINI,J0349,J0349-SET-S,S,Robe/Jupe,2.0,888.0,1776.0,976.8,799.2,45.0
TXN_005330,2021-09-12,Dec-21,NALINI,JNE3429,JNE3429-KR-S,S,Robe/Jupe,1.0,563.0,563.0,309.65,253.35,45.0
TXN_005331,2021-09-12,Dec-21,NALINI,JNE3576,JNE3576-KR-S,S,Robe/Jupe,1.0,404.0,404.0,222.2,181.8,45.0
TXN_005332,2021-09-12,Dec-21,NALINI,JNE3645,JNE3645-TP-XXL,XXL,Robe/Jupe,1.0,350.0,350.0,192.5,157.5,45.0
TXN_005333,2021-09-12,Dec-21,NALINI,JNE3661,JNE3661-TP-XXL,XXL,Robe/Jupe,1.0,368.0,368.0,202.4,165.6,45.0
TXN_005334,2021-09-12,Dec-21,NALINI,JNE3684,JNE3684-TU-XXL,XXL,Robe/Jupe,1.0,388.0,388.0,213.4,174.6,45.0
TXN_005335,2021-09-12,Dec-21,NALINI,JNE3691,JNE3691-TU-XXL,XXL,Robe/Jupe,1.0,563.0,563.0,309.65,253.35,45.0
TXN_005336,2021-09-12,Dec-21,NALINI,JNE3744,JNE3744-TU-XL,XL,Robe/Jupe,1.0,563.0,563.0,309.65,253.35,45.0
TXN_005324,2021-09-12,Dec-21,NALINI,J0109,J0109-SKD-XL,XL,Robe/Jupe,1.0,1313.0,1313.0,722.15,590.85,45.0
TXN_005323,2021-09-12,Dec-21,NALINI,J0095,J0095-SET-XXL,XXL,Robe/Jupe,1.0,1038.0,1038.0,570.9,467.1,45.0
TXN_005322,2021-09-12,Dec-21,SUUMAYA CLOTHING,SET276,SET276-KR-PP-XXXL,XXXL,Ensemble,1.0,1425.0,1425.0,783.75,641.25,45.0
TXN_005321,2021-09-12,Dec-21,SUUMAYA CLOTHING,SET276,SET276-KR-PP-XXL,XXL,Ensemble,1.0,1425.0,1425.0,783.75,641.25,45.0
TXN_005320,2021-09-12,Dec-21,SUUMAYA CLOTHING,SET276,SET276-KR-PP-XL,XL,Ensemble,1.0,1425.0,1425.0,783.75,641.25,45.0
TXN_005307,2021-09-12,Dec-21,SUUMAYA CLOTHING,SET236,SET236-KR-PP-XXXL,XXXL,Ensemble,1.0,850.0,850.0,467.5,382.5,45.0
TXN_005308,2021-09-12,Dec-21,SUUMAYA CLOTHING,SET293,SET293-KR-NP-XS,XS,Ensemble,1.0,775.0,775.0,426.25,348.75,45.0
TXN_005309,2021-09-12,Dec-21,SUUMAYA CLOTHING,SET293,SET293-KR-NP-S,S,Ensemble,1.0,775.0,775.0,426.25,348.75,45.0
TXN_005310,2021-09-12,Dec-21,SUUMAYA CLOTHING,SET293,SET293-KR-NP-M,M,Ensemble,1.0,775.0,775.0,426.25,348.75,45.0
TXN_005311,2021-09-12,Dec-21,SUUMAYA CLOTHING,SET293,SET293-KR-NP-L,L,Ensemble,1.0,775.0,775.0,426.25,348.75,45.0
TXN_005312,2021-09-12,Dec-21,SUUMAYA CLOTHING,SET293,SET293-KR-NP-XL,XL,Ensemble,1.0,775.0,775.0,426.25,348.75,45.0
TXN_005305,2021-09-12,Dec-21,SUUMAYA CLOTHING,SET236,SET236-KR-PP-XL,XL,Ensemble,1.0,850.0,850.0,467.5,382.5,45.0
TXN_005313,2021-09-12,Dec-21,SUUMAYA CLOTHING,SET293,SET293-KR-NP-XXL,XXL,Ensemble,1.0,775.0,775.0,426.25,348.75,45.0
TXN_005315,2021-09-12,Dec-21,SUUMAYA CLOTHING,SET278,SET278-KR-NP-L,L,Ensemble,1.0,1775.0,1775.0,976.25,798.75,45.0
TXN_005316,2021-09-12,Dec-21,SUUMAYA CLOTHING,SET278,SET278-KR-NP-XL,XL,Ensemble,1.0,1775.0,1775.0,976.25,798.75,45.0
TXN_005317,2021-09-12,Dec-21,SUUMAYA CLOTHING,SET278,SET278-KR-NP-XXL,XXL,Ensemble,1.0,1775.0,1775.0,976.25,798.75,45.0
TXN_005318,2021-09-12,Dec-21,SUUMAYA CLOTHING,SET278,SET278-KR-NP-XXXL,XXXL,Ensemble,1.0,1775.0,1775.0,976.25,798.75,45.0
TXN_005319,2021-09-12,Dec-21,SUUMAYA CLOTHING,SET276,SET276-KR-PP-L,L,Ensemble,1.0,1425.0,1425.0,783.75,641.25,45.0
TXN_002857,2021-09-12,Dec-21,SUUMAYA CLOTHING,SET293,SET293-KR-NP-L,L,Ensemble,1.0,775.0,775.0,426.25,348.75,45.0
TXN_005314,2021-09-12,Dec-21,SUUMAYA CLOTHING,SET293,SET293-KR-NP-XXXL,XXXL,Ensemble,1.0,775.0,775.0,426.25,348.75,45.0
TXN_002856,2021-09-12,Dec-21,SUUMAYA CLOTHING,SET293,SET293-KR-NP-M,M,Ensemble,1.0,775.0,775.0,426.25,348.75,45.0
TXN_005301,2021-09-12,Dec-21,SUUMAYA CLOTHING,SET236,SET236-KR-PP-XS,XS,Ensemble,1.0,850.0,850.0,467.5,382.5,45.0
TXN_002854,2021-09-12,Dec-21,SUUMAYA CLOTHING,SET293,SET293-KR-NP-XS,XS,Ensemble,1.0,775.0,775.0,426.25,348.75,45.0
TXN_005302,2021-09-12,Dec-21,SUUMAYA CLOTHING,SET236,SET236-KR-PP-S,S,Ensemble,1.0,850.0,850.0,467.5,382.5,45.0
TXN_002875,2021-09-12,Dec-21,NALINI,J0349,J0349-SET-S,S,Robe/Jupe,2.0,888.0,1776.0,976.8,799.2,45.0
TXN_002876,2021-09-12,Dec-21,NALINI,JNE3429,JNE3429-KR-S,S,Robe/Jupe,1.0,563.0,563.0,309.65,253.35,45.0
TXN_002877,2021-09-12,Dec-21,NALINI,JNE3576,JNE3576-KR-S,S,Robe/Jupe,1.0,404.0,404.0,222.2,181.8,45.0
TXN_002878,2021-09-12,Dec-21,NALINI,JNE3645,JNE3645-TP-XXL,XXL,Robe/Jupe,1.0,350.0,350.0,192.5,157.5,45.0
TXN_002879,2021-09-12,Dec-21,NALINI,JNE3661,JNE3661-TP-XXL,XXL,Robe/Jupe,1.0,368.0,368.0,202.4,165.6,45.0
TXN_002880,2021-09-12,Dec-21,NALINI,JNE3684,JNE3684-TU-XXL,XXL,Robe/Jupe,1.0,388.0,388.0,213.4,174.6,45.0
TXN_002881,2021-09-12,Dec-21,NALINI,JNE3691,JNE3691-TU-XXL,XXL,Robe/Jupe,1.0,563.0,563.0,309.65,253.35,45.0
TXN_002882,2021-09-12,Dec-21,NALINI,JNE3744,JNE3744-TU-XL,XL,Robe/Jupe,1.0,563.0,563.0,309.65,253.35,45.0
TXN_002883,2021-09-12,Dec-21,NALINI,SET217,SET217-KR-PP-XXL,XXL,Ensemble,1.0,1200.0,1200.0,660.0,540.0,45.0
TXN_002884,2021-09-12,Dec-21,NALINI,SET219,SET219-KR-PP-XXL,XXL,Ensemble,1.0,1125.0,1125.0,618.75,506.25,45.0
TXN_002855,2021-09-12,Dec-21,SUUMAYA CLOTHING,SET293,SET293-KR-NP-S,S,Ensemble,1.0,775.0,775.0,426.25,348.75,45.0
TXN_002885,2021-09-12,Dec-21,NALINI,SET228,SET228-KR-PP-XXL,XXL,Ensemble,1.0,850.0,850.0,467.5,382.5,45.0
TXN_002886,2021-09-12,Dec-21,NALINI,SET239,SET239-KR-NP-XXL,XXL,Ensemble,1.0,1000.0,1000.0,550.0,450.0,45.0
TXN_002887,2021-09-12,Dec-21,NALINI,SET250,SET250-KR-SHA-L,L,Ensemble,1.0,926.0,926.0,509.3,416.7,45.0
TXN_002888,2021-09-12,Dec-21,NALINI,SET264,SET264-KR-NP-XL,XL,Ensemble,1.0,975.0,975.0,536.25,438.75,45.0
TXN_002889,2021-09-12,Dec-21,NALINI,SET385,SET385-KR-NP-XXL,XXL,Ensemble,1.0,925.0,925.0,508.75,416.25,45.0
TXN_002874,2021-09-12,Dec-21,NALINI,J0347,J0347-SET-S,S,Robe/Jupe,1.0,813.0,813.0,447.15,365.85,45.0
TXN_002890,2021-09-12,Dec-21,NALINI,SET386,SET386-KR-NP-XXL,XXL,Ensemble,1.0,925.0,925.0,508.75,416.25,45.0
TXN_002873,2021-09-12,Dec-21,NALINI,J0345,J0345-SET-S,S,Robe/Jupe,2.0,775.0,1550.0,852.5,697.5,45.0
TXN_002841,2021-09-12,Dec-21,SUUMAYA CLOTHING,SET223,SET223-KR-NP-S,S,Ensemble,1.0,975.0,975.0,536.25,438.75,45.0
TXN_002853,2021-09-12,Dec-21,SUUMAYA CLOTHING,SET236,SET236-KR-PP-XXXL,XXXL,Ensemble,1.0,850.0,850.0,467.5,382.5,45.0
TXN_002852,2021-09-12,Dec-21,SUUMAYA CLOTHING,SET236,SET236-KR-PP-XXL,XXL,Ensemble,1.0,850.0,850.0,467.5,382.5,45.0
TXN_002851,2021-09-12,Dec-21,SUUMAYA CLOTHING,SET236,SET236-KR-PP-XL,XL,Ensemble,1.0,850.0,850.0,467.5,382.5,45.0
TXN_002850,2021-09-12,Dec-21,SUUMAYA CLOTHING,SET236,SET236-KR-PP-L,L,Ensemble,1.0,850.0,850.0,467.5,382.5,45.0
TXN_002849,2021-09-12,Dec-21,SUUMAYA CLOTHING,SET236,SET236-KR-PP-M,M,Ensemble,1.0,850.0,850.0,467.5,382.5,45.0
TXN_002848,2021-09-12,Dec-21,SUUMAYA CLOTHING,SET236,SET236-KR-PP-S,S,Ensemble,1.0,850.0,850.0,467.5,382.5,45.0
TXN_002847,2021-09-12,Dec-21,SUUMAYA CLOTHING,SET236,SET236-KR-PP-XS,XS,Ensemble,1.0,850.0,850.0,467.5,382.5,45.0
TXN_002846,2021-09-12,Dec-21,SUUMAYA CLOTHING,SET223,SET223-KR-NP-XXXL,XXXL,Ensemble,1.0,975.0,975.0,536.25,438.75,45.0
TXN_002845,2021-09-12,Dec-21,SUUMAYA CLOTHING,SET223,SET223-KR-NP-XXL,XXL,Ensemble,1.0,975.0,975.0,536.25,438.75,45.0
TXN_002844,2021-09-12,Dec-21,SUUMAYA CLOTHING,SET223,SET223-KR-NP-XL,XL,Ensemble,1.0,975.0,975.0,536.25,438.75,45.0
TXN_002843,2021-09-12,Dec-21,SUUMAYA CLOTHING,SET223,SET223-KR-NP-L,L,Ensemble,2.0,975.0,1950.0,1072.5,877.5,45.0
TXN_002868,2021-09-12,Dec-21,SUUMAYA CLOTHING,SET276,SET276-KR-PP-XXXL,XXXL,Ensemble,1.0,1425.0,1425.0,783.75,641.25,45.0
TXN_002869,2021-09-12,Dec-21,NALINI,J0095,J0095-SET-XXL,XXL,Robe/Jupe,1.0,1038.0,1038.0,570.9,467.1,45.0
TXN_002870,2021-09-12,Dec-21,NALINI,J0109,J0109-SKD-XL,XL,Robe/Jupe,1.0,1313.0,1313.0,722.15,590.85,45.0
TXN_002871,2021-09-12,Dec-21,NALINI,J0122,J0122-TP-XL,XL,Robe/Jupe,1.0,388.0,388.0,213.4,174.6,45.0
TXN_002872,2021-09-12,Dec-21,NALINI,J0127,J0127-SKD-XXL,XXL,Robe/Jupe,1.0,1350.0,1350.0,742.5,607.5,45.0
TXN_002842,2021-09-12,Dec-21,SUUMAYA CLOTHING,SET223,SET223-KR-NP-M,M,Ensemble,1.0,975.0,975.0,536.25,438.75,45.0
TXN_002840,2021-09-12,Dec-21,SUUMAYA CLOTHING,SET223,SET223-KR-NP-XS,XS,Ensemble,1.0,975.0,975.0,536.25,438.75,45.0
TXN_000911,2021-10-07,Jul-21,THANA MARIMUTHU,J0012,J0012-SKD-XS,XS,Robe/Jupe,1.0,1406.0,1406.0,773.3,632.7,45.0
TXN_000920,2021-10-07,Jul-21,THANA MARIMUTHU,JNE3635,JNE3635-KR-XL,XL,Robe/Jupe,1.0,588.0,588.0,323.4,264.6,45.0
TXN_000913,2021-10-07,Jul-21,THANA MARIMUTHU,J0012,J0012-SKD-L,L,Robe/Jupe,1.0,1406.0,1406.0,773.3,632.7,45.0
TXN_000930,2021-10-07,Jul-21,THANA MARIMUTHU,SET226,SET226-KR-PP-L,L,Ensemble,1.0,806.0,806.0,443.3,362.7,45.0
TXN_000929,2021-10-07,Jul-21,THANA MARIMUTHU,SET182,SET182-KR-DH-XS,XS,Ensemble,1.0,806.0,806.0,443.3,362.7,45.0
TXN_000928,2021-10-07,Jul-21,THANA MARIMUTHU,SET058,SET058-KR-NP-L,L,Ensemble,1.0,944.0,944.0,519.2,424.8,45.0
TXN_000927,2021-10-07,Jul-21,THANA MARIMUTHU,MEN5031,MEN5031-KR-L,L,Homme,1.0,636.0,636.0,349.8,286.2,45.0
TXN_000912,2021-10-07,Jul-21,THANA MARIMUTHU,J0012,J0012-SKD-S,S,Robe/Jupe,1.0,1406.0,1406.0,773.3,632.7,45.0
TXN_000925,2021-10-07,Jul-21,THANA MARIMUTHU,MEN5025,MEN5025-KR-L,L,Homme,1.0,636.0,636.0,349.8,286.2,45.0
TXN_000924,2021-10-07,Jul-21,THANA MARIMUTHU,MEN5022,MEN5022-KR-L,L,Homme,1.0,636.0,636.0,349.8,286.2,45.0
TXN_000923,2021-10-07,Jul-21,THANA MARIMUTHU,MEN5016,MEN5016-KR-XL,XL,Homme,1.0,599.0,599.0,329.45,269.55,45.0
TXN_000926,2021-10-07,Jul-21,THANA MARIMUTHU,MEN5030,MEN5030-KR-L,L,Homme,1.0,599.0,599.0,329.45,269.55,45.0
TXN_000921,2021-10-07,Jul-21,THANA MARIMUTHU,MEN5008,MEN5008-KR-XL,XL,Homme,1.0,561.0,561.0,308.55,252.45,45.0
TXN_000919,2021-10-07,Jul-21,THANA MARIMUTHU,JNE3635,JNE3635-KR-XS,XS,Robe/Jupe,1.0,588.0,588.0,323.4,264.6,45.0
TXN_000918,2021-10-07,Jul-21,THANA MARIMUTHU,J0243,J0243-DR-XS,XS,Robe/Jupe,1.0,1094.0,1094.0,601.7,492.3,45.0
TXN_000917,2021-10-07,Jul-21,THANA MARIMUTHU,J0214,J0214-TP-XS,XS,Robe/Jupe,1.0,703.0,703.0,386.65,316.35,45.0
TXN_000916,2021-10-07,Jul-21,THANA MARIMUTHU,J0212,J0212-DR-XS,XS,Robe/Jupe,1.0,781.0,781.0,429.55,351.45,45.0
TXN_000915,2021-10-07,Jul-21,THANA MARIMUTHU,J0140,J0140-SET-XXXL,XXXL,Robe/Jupe,1.0,994.0,994.0,546.7,447.3,45.0
TXN_000914,2021-10-07,Jul-21,THANA MARIMUTHU,J0012,J0012-SKD-XL,XL,Robe/Jupe,1.0,1406.0,1406.0,773.3,632.7,45.0
TXN_000922,2021-10-07,Jul-21,THANA MARIMUTHU,MEN5013,MEN5013-KR-L,L,Homme,1.0,599.0,599.0,329.45,269.55,45.0
TXN_001364,2021-10-08,Aug-21,REKA RASAKODY,JNE3480,JNE3480-KR-XXXL,XXXL,Robe/Jupe,1.0,494.0,494.0,271.7,222.3,45.0
TXN_001365,2021-10-08,Aug-21,REKA RASAKODY,JNE2100,JNE2100-KR-144-XXXL,XXXL,Robe/Jupe,1.0,469.0,469.0,257.95,211.05,45.0
TXN_001370,2021-10-08,Aug-21,REKA RASAKODY,JNE3439,JNE3439-KR-XXXL,XXXL,Robe/Jupe,1.0,409.0,409.0,224.95,184.05,45.0
TXN_001369,2021-10-08,Aug-21,REKA RASAKODY,JNE3622,JNE3622-KR-XXXL,XXXL,Robe/Jupe,1.0,513.0,513.0,282.15,230.85,45.0
TXN_001368,2021-10-08,Aug-21,REKA RASAKODY,JNE3546,JNE3546-KR-XXXL,XXXL,Robe/Jupe,1.0,450.0,450.0,247.5,202.5,45.0
TXN_001367,2021-10-08,Aug-21,REKA RASAKODY,JNE3553,JNE3553-KR-XXXL,XXXL,Robe/Jupe,1.0,450.0,450.0,247.5,202.5,45.0
TXN_001366,2021-10-08,Aug-21,REKA RASAKODY,JNE3425,JNE3425-KR-XXXL,XXXL,Robe/Jupe,1.0,556.0,556.0,305.8,250.2,45.0
TXN_001363,2021-10-08,Aug-21,REKA RASAKODY,JNE3616,JNE3616-KR-XXXL,XXXL,Robe/Jupe,1.0,538.0,538.0,295.9,242.1,45.0
TXN_001372,2021-10-08,Aug-21,REKA RASAKODY,JNE3030,JNE3030-KR-L,L,Robe/Jupe,1.0,769.0,769.0,422.95,346.05,45.0
TXN_001388,2021-10-08,Aug-21,RAZIA ROSEANE NASER,SET243,SET243-KR-PP-XL,XL,Ensemble,1.0,769.0,769.0,422.95,346.05,45.0
TXN_001371,2021-10-08,Aug-21,REKA RASAKODY,JNE3547,JNE3547-KR-XXXL,XXXL,Robe/Jupe,1.0,450.0,450.0,247.5,202.5,45.0
TXN_001385,2021-10-08,Aug-21,RAZIA ROSEANE NASER,SET236,SET236-KR-PP-XXL,XXL,Ensemble,2.0,765.0,1530.0,841.5,688.5,45.0
TXN_001384,2021-10-08,Aug-21,RAZIA ROSEANE NASER,SET236,SET236-KR-PP-L,L,Ensemble,2.0,765.0,1530.0,841.5,688.5,45.0
TXN_001386,2021-10-08,Aug-21,RAZIA ROSEANE NASER,SET243,SET243-KR-PP-M,M,Ensemble,1.0,769.0,769.0,422.95,346.05,45.0
TXN_001382,2021-10-08,Aug-21,RAZIA ROSEANE NASER,J0126,J0126-SKD-XL,XL,Robe/Jupe,1.0,1306.0,1306.0,718.3,587.7,45.0
TXN_001381,2021-10-08,Aug-21,RAZIA ROSEANE NASER,J0126,J0126-SKD-L,L,Robe/Jupe,1.0,1306.0,1306.0,718.3,587.7,45.0
TXN_001380,2021-10-08,Aug-21,RAZIA ROSEANE NASER,J0126,J0126-SKD-M,M,Robe/Jupe,1.0,1306.0,1306.0,718.3,587.7,45.0
TXN_001383,2021-10-08,Aug-21,RAZIA ROSEANE NASER,SET236,SET236-KR-PP-M,M,Ensemble,1.0,765.0,765.0,420.75,344.25,45.0
TXN_001378,2021-10-08,Aug-21,RAZIA ROSEANE NASER,SET268,SET268-KR-NP-XXL,XXL,Ensemble,2.0,844.0,1688.0,928.4,759.6,45.0
TXN_001377,2021-10-08,Aug-21,RAZIA ROSEANE NASER,SET268,SET268-KR-NP-XL,XL,Ensemble,2.0,844.0,1688.0,928.4,759.6,45.0
TXN_001376,2021-10-08,Aug-21,REKA RASAKODY,JNE3516,JNE3516-KR-L,L,Robe/Jupe,1.0,619.0,619.0,340.45,278.55,45.0
TXN_001375,2021-10-08,Aug-21,REKA RASAKODY,SET144,SET144-KR-NP-L,L,Ensemble,1.0,931.0,931.0,512.05,418.95,45.0
TXN_001374,2021-10-08,Aug-21,REKA RASAKODY,SET287,SET287-KR-NP-L,L,Ensemble,1.0,681.0,681.0,374.55,306.45,45.0
TXN_001373,2021-10-08,Aug-21,REKA RASAKODY,SET262,SET262-KR-NP-L,L,Ensemble,1.0,894.0,894.0,491.7,402.3,45.0
TXN_001379,2021-10-08,Aug-21,RAZIA ROSEANE NASER,SET268,SET268-KR-NP-XXXL,XXXL,Ensemble,2.0,844.0,1688.0,928.4,759.6,45.0
TXN_001387,2021-10-08,Aug-21,RAZIA ROSEANE NASER,SET243,SET243-KR-PP-L,L,Ensemble,1.0,769.0,769.0,422.95,346.05,45.0
TXN_000092,2021-11-06,Jun-21,MANGALAM SHOP,J0281,J0281-SKD-M,M,Robe/Jupe,1.0,1494.35,1494.0,821.89,672.11,44.99
TXN_000093,2021-11-06,Jun-21,MANGALAM SHOP,J0281,J0281-SKD-L,L,Robe/Jupe,1.0,1494.35,1494.0,821.89,672.11,44.99
TXN_000094,2021-11-06,Jun-21,MANGALAM SHOP,J0281,J0281-SKD-XL,XL,Robe/Jupe,1.0,1494.35,1494.0,821.89,672.11,44.99
TXN_000095,2021-11-06,Jun-21,MANGALAM SHOP,J0281,J0281-SKD-XXL,XXL,Robe/Jupe,1.0,1494.35,1494.0,821.89,672.11,44.99
TXN_000096,2021-11-06,Jun-21,MANGALAM SHOP,J0281,J0281-SKD-XXXL,XXXL,Robe/Jupe,1.0,1494.35,1494.0,821.89,672.11,44.99
TXN_000097,2021-11-06,Jun-21,MANGALAM SHOP,J0285,J0285-SKD-XS,XS,Robe/Jupe,1.0,1494.35,1494.0,821.89,672.11,44.99
TXN_000102,2021-11-06,Jun-21,MANGALAM SHOP,J0285,J0285-SKD-XXL,XXL,Robe/Jupe,1.0,1494.35,1494.0,821.89,672.11,44.99
TXN_000099,2021-11-06,Jun-21,MANGALAM SHOP,J0285,J0285-SKD-M,M,Robe/Jupe,1.0,1494.35,1494.0,821.89,672.11,44.99
TXN_000100,2021-11-06,Jun-21,MANGALAM SHOP,J0285,J0285-SKD-L,L,Robe/Jupe,1.0,1494.35,1494.0,821.89,672.11,44.99
TXN_000101,2021-11-06,Jun-21,MANGALAM SHOP,J0285,J0285-SKD-XL,XL,Robe/Jupe,1.0,1494.35,1494.0,821.89,672.11,44.99
TXN_000091,2021-11-06,Jun-21,MANGALAM SHOP,J0281,J0281-SKD-S,S,Robe/Jupe,1.0,1494.35,1494.0,821.89,672.11,44.99
TXN_000103,2021-11-06,Jun-21,MANGALAM SHOP,J0285,J0285-SKD-XXXL,XXXL,Robe/Jupe,1.0,1494.35,1494.0,821.89,672.11,44.99
TXN_000098,2021-11-06,Jun-21,MANGALAM SHOP,J0285,J0285-SKD-S,S,Robe/Jupe,1.0,1494.35,1494.0,821.89,672.11,44.99
TXN_000090,2021-11-06,Jun-21,MANGALAM SHOP,J0281,J0281-SKD-XS,XS,Robe/Jupe,1.0,1494.35,1494.0,821.89,672.11,44.99
TXN_000076,2021-11-06,Jun-21,MANGALAM SHOP,J0109,J0109-SKD-XL,XL,Robe/Jupe,1.0,1071.85,1072.0,589.52,482.48,45.01
TXN_000088,2021-11-06,Jun-21,MANGALAM SHOP,J0127,J0127-SKD-XXL,XXL,Robe/Jupe,1.0,1104.35,1104.0,607.39,496.61,44.98
TXN_000087,2021-11-06,Jun-21,MANGALAM SHOP,J0110,J0110-SKD-XXXL,XXXL,Robe/Jupe,1.0,1169.35,1169.0,643.14,525.86,44.98
TXN_000086,2021-11-06,Jun-21,MANGALAM SHOP,J0110,J0110-SKD-XXL,XXL,Robe/Jupe,1.0,1169.35,1169.0,643.14,525.86,44.98
TXN_000085,2021-11-06,Jun-21,MANGALAM SHOP,J0110,J0110-SKD-S,S,Robe/Jupe,1.0,1169.35,1169.0,643.14,525.86,44.98
TXN_000084,2021-11-06,Jun-21,MANGALAM SHOP,J0110,J0110-SKD-XS,XS,Robe/Jupe,1.0,1169.35,1169.0,643.14,525.86,44.98
TXN_000083,2021-11-06,Jun-21,MANGALAM SHOP,J0110,J0110-SKD-M,M,Robe/Jupe,1.0,1169.35,1169.0,643.14,525.86,44.98
TXN_000104,2021-11-06,Jun-21,MANGALAM SHOP,JNE3615,JNE3615-KR-XS,XS,Robe/Jupe,1.0,454.35,454.0,249.89,204.11,44.96
TXN_000082,2021-11-06,Jun-21,MANGALAM SHOP,J0110,J0110-SKD-XL,XL,Robe/Jupe,1.0,1169.35,1169.0,643.14,525.86,44.98
TXN_000081,2021-11-06,Jun-21,MANGALAM SHOP,J0110,J0110-SKD-L,L,Robe/Jupe,1.0,1169.35,1169.0,643.14,525.86,44.98
TXN_000080,2021-11-06,Jun-21,MANGALAM SHOP,J0109,J0109-SKD-XXXL,XXXL,Robe/Jupe,1.0,1071.85,1072.0,589.52,482.48,45.01
TXN_000079,2021-11-06,Jun-21,MANGALAM SHOP,J0109,J0109-SKD-M,M,Robe/Jupe,1.0,1071.85,1072.0,589.52,482.48,45.01
TXN_000078,2021-11-06,Jun-21,MANGALAM SHOP,J0109,J0109-SKD-S,S,Robe/Jupe,1.0,1071.85,1072.0,589.52,482.48,45.01
TXN_000077,2021-11-06,Jun-21,MANGALAM SHOP,J0109,J0109-SKD-XS,XS,Robe/Jupe,1.0,1071.85,1072.0,589.52,482.48,45.01
TXN_000074,2021-11-06,Jun-21,MANGALAM SHOP,J0109,J0109-SKD-L,L,Robe/Jupe,1.0,1071.85,1072.0,589.52,482.48,45.01
TXN_000089,2021-11-06,Jun-21,MANGALAM SHOP,J0127,J0127-SKD-XS,XS,Robe/Jupe,1.0,1104.35,1104.0,607.39,496.61,44.98
TXN_000105,2021-11-06,Jun-21,MANGALAM SHOP,JNE3615,JNE3615-KR-S,S,Robe/Jupe,1.0,454.35,454.0,249.89,204.11,44.96
TXN_000114,2021-11-06,Jun-21,MANGALAM SHOP,JNE3619,JNE3619-KR-L,L,Robe/Jupe,1.0,486.85,487.0,267.77,219.23,45.02
TXN_000107,2021-11-06,Jun-21,MANGALAM SHOP,JNE3615,JNE3615-KR-L,L,Robe/Jupe,1.0,454.35,454.0,249.89,204.11,44.96
TXN_000131,2021-11-06,Jun-21,MANGALAM SHOP,SET220,SET220-KR-PP-M,M,Ensemble,1.0,1136.85,1137.0,625.27,511.73,45.01
TXN_000132,2021-11-06,Jun-21,MANGALAM SHOP,SET220,SET220-KR-PP-XXL,XXL,Ensemble,1.0,1136.85,1137.0,625.27,511.73,45.01
TXN_000133,2021-11-06,Jun-21,MANGALAM SHOP,SET220,SET220-KR-PP-L,L,Ensemble,1.0,1136.85,1137.0,625.27,511.73,45.01
TXN_000134,2021-11-06,Jun-21,MANGALAM SHOP,SET220,SET220-KR-PP-XL,XL,Ensemble,1.0,1136.85,1137.0,625.27,511.73,45.01
TXN_000135,2021-11-06,Jun-21,MANGALAM SHOP,SET220,SET220-KR-PP-XXXL,XXXL,Ensemble,1.0,1136.85,1137.0,625.27,511.73,45.01
TXN_000136,2021-11-06,Jun-21,MANGALAM SHOP,SET220,SET220-KR-PP-XS,XS,Ensemble,1.0,1136.85,1137.0,625.27,511.73,45.01
TXN_000137,2021-11-06,Jun-21,MANGALAM SHOP,SET220,SET220-KR-PP-S,S,Ensemble,1.0,1136.85,1137.0,625.27,511.73,45.01
TXN_000130,2021-11-06,Jun-21,MANGALAM SHOP,SET217,SET217-KR-PP-XXXL,XXXL,Ensemble,1.0,1071.85,1072.0,589.52,482.48,45.01
TXN_000129,2021-11-06,Jun-21,MANGALAM SHOP,SET217,SET217-KR-PP-XXL,XXL,Ensemble,1.0,1071.85,1072.0,589.52,482.48,45.01
TXN_000128,2021-11-06,Jun-21,MANGALAM SHOP,SET217,SET217-KR-PP-XL,XL,Ensemble,1.0,1071.85,1072.0,589.52,482.48,45.01
TXN_000126,2021-11-06,Jun-21,MANGALAM SHOP,SET217,SET217-KR-PP-M,M,Ensemble,1.0,1071.85,1072.0,589.52,482.48,45.01
TXN_000125,2021-11-06,Jun-21,MANGALAM SHOP,SET217,SET217-KR-PP-S,S,Ensemble,1.0,1071.85,1072.0,589.52,482.48,45.01
TXN_000124,2021-11-06,Jun-21,MANGALAM SHOP,SET217,SET217-KR-PP-XS,XS,Ensemble,1.0,1071.85,1072.0,589.52,482.48,45.01
TXN_000106,2021-11-06,Jun-21,MANGALAM SHOP,JNE3615,JNE3615-KR-M,M,Robe/Jupe,1.0,454.35,454.0,249.89,204.11,44.96
TXN_000123,2021-11-06,Jun-21,MANGALAM SHOP,NW032,NW032-ST-CP-L,L,Autre,1.0,779.35,779.0,428.64,350.36,44.98
TXN_000121,2021-11-06,Jun-21,MANGALAM SHOP,NW013,NW013-ST-SR-L,L,Autre,1.0,649.35,649.0,357.14,291.86,44.97
TXN_000120,2021-11-06,Jun-21,MANGALAM SHOP,NW006,NW006-ST-SR-L,L,Autre,1.0,811.85,812.0,446.52,365.48,45.01
TXN_000119,2021-11-06,Jun-21,MANGALAM SHOP,NW005,NW005-ST-PJ-XL,XL,Autre,1.0,811.85,812.0,446.52,365.48,45.01
TXN_000118,2021-11-06,Jun-21,MANGALAM SHOP,NW005,NW005-ST-PJ-L,L,Autre,1.0,811.85,812.0,446.52,365.48,45.01
TXN_000117,2021-11-06,Jun-21,MANGALAM SHOP,JNE3619,JNE3619-KR-XXXL,XXXL,Robe/Jupe,1.0,486.85,487.0,267.77,219.23,45.02
TXN_000116,2021-11-06,Jun-21,MANGALAM SHOP,JNE3619,JNE3619-KR-XXL,XXL,Robe/Jupe,1.0,486.85,487.0,267.77,219.23,45.02
TXN_000115,2021-11-06,Jun-21,MANGALAM SHOP,JNE3619,JNE3619-KR-XL,XL,Robe/Jupe,1.0,486.85,487.0,267.77,219.23,45.02
TXN_000113,2021-11-06,Jun-21,MANGALAM SHOP,JNE3619,JNE3619-KR-M,M,Robe/Jupe,1.0,486.85,487.0,267.77,219.23,45.02
TXN_000112,2021-11-06,Jun-21,MANGALAM SHOP,JNE3619,JNE3619-KR-S,S,Robe/Jupe,1.0,486.85,487.0,267.77,219.23,45.02
TXN_000111,2021-11-06,Jun-21,MANGALAM SHOP,JNE3619,JNE3619-KR-XS,XS,Robe/Jupe,1.0,486.85,487.0,267.77,219.23,45.02
TXN_000110,2021-11-06,Jun-21,MANGALAM SHOP,JNE3615,JNE3615-KR-XXXL,XXXL,Robe/Jupe,1.0,454.35,454.0,249.89,204.11,44.96
TXN_000109,2021-11-06,Jun-21,MANGALAM SHOP,JNE3615,JNE3615-KR-XXL,XXL,Robe/Jupe,1.0,454.35,454.0,249.89,204.11,44.96
TXN_000108,2021-11-06,Jun-21,MANGALAM SHOP,JNE3615,JNE3615-KR-XL,XL,Robe/Jupe,1.0,454.35,454.0,249.89,204.11,44.96
TXN_000122,2021-11-06,Jun-21,MANGALAM SHOP,NW031,NW031-TP-PJ-XL,XL,Autre,1.0,779.35,779.0,428.64,350.36,44.98
TXN_000075,2021-11-06,Jun-21,MANGALAM SHOP,J0109,J0109-SKD-XXL,XXL,Robe/Jupe,1.0,1071.85,1072.0,589.52,482.48,45.01
TXN_000127,2021-11-06,Jun-21,MANGALAM SHOP,SET217,SET217-KR-PP-L,L,Ensemble,1.0,1071.85,1072.0,589.52,482.48,45.01
TXN_001501,2021-11-09,Sep-21,MONISYAA,SET280,SET280-KR-PP-XL,XL,Ensemble,1.0,1306.0,1306.0,718.3,587.7,45.0
TXN_001502,2021-11-09,Sep-21,MONISYAA,SET280,SET280-KR-PP-XXL,XXL,Ensemble,1.0,1306.0,1306.0,718.3,587.7,45.0
TXN_001500,2021-11-09,Sep-21,MONISYAA,SET280,SET280-KR-PP-L,L,Ensemble,1.0,1306.0,1306.0,718.3,587.7,45.0
TXN_001499,2021-11-09,Sep-21,MONISYAA,SET271,SET271-KR-NP-XXL,XXL,Ensemble,1.0,1244.0,1244.0,684.2,559.8,45.0
TXN_001498,2021-11-09,Sep-21,MONISYAA,SET271,SET271-KR-NP-XL,XL,Ensemble,1.0,1244.0,1244.0,684.2,559.8,45.0
TXN_001497,2021-11-09,Sep-21,MONISYAA,SET271,SET271-KR-NP-L,L,Ensemble,1.0,1244.0,1244.0,684.2,559.8,45.0
TXN_001496,2021-11-09,Sep-21,MONISYAA,JNE3577,JNE3577-KR-L,L,Robe/Jupe,1.0,681.0,681.0,374.55,306.45,45.0
TXN_001494,2021-11-09,Sep-21,MONISYAA,JNE3506,JNE3506-KR-XXL,XXL,Robe/Jupe,1.0,788.0,788.0,433.4,354.6,45.0
TXN_001493,2021-11-09,Sep-21,MONISYAA,JNE3506,JNE3506-KR-XL,XL,Robe/Jupe,1.0,788.0,788.0,433.4,354.6,45.0
TXN_001492,2021-11-09,Sep-21,MONISYAA,JNE3506,JNE3506-KR-S,S,Robe/Jupe,1.0,788.0,788.0,433.4,354.6,45.0
TXN_001495,2021-11-09,Sep-21,MONISYAA,JNE3506,JNE3506-KR-XXXL,XXXL,Robe/Jupe,1.0,788.0,788.0,433.4,354.6,45.0
TXN_001490,2021-11-09,Sep-21,MONISYAA,JNE3506,JNE3506-KR-L,L,Robe/Jupe,1.0,788.0,788.0,433.4,354.6,45.0
TXN_001489,2021-11-09,Sep-21,MONISYAA,J0121,J0121-TP-M,M,Robe/Jupe,1.0,247.0,247.0,135.85,111.15,45.0
TXN_001488,2021-11-09,Sep-21,MONISYAA,J0094,J0094-KR-XXXL,XXXL,Robe/Jupe,1.0,894.0,894.0,491.7,402.3,45.0
TXN_001487,2021-11-09,Sep-21,MONISYAA,J0094,J0094-KR-XXL,XXL,Robe/Jupe,1.0,894.0,894.0,491.7,402.3,45.0
TXN_001486,2021-11-09,Sep-21,MONISYAA,J0094,J0094-KR-XL,XL,Robe/Jupe,1.0,894.0,894.0,491.7,402.3,45.0
TXN_001485,2021-11-09,Sep-21,MONISYAA,J0094,J0094-KR-S,S,Robe/Jupe,1.0,894.0,894.0,491.7,402.3,45.0
TXN_001484,2021-11-09,Sep-21,MONISYAA,J0094,J0094-KR-M,M,Robe/Jupe,1.0,894.0,894.0,491.7,402.3,45.0
TXN_001491,2021-11-09,Sep-21,MONISYAA,JNE3506,JNE3506-KR-M,M,Robe/Jupe,1.0,788.0,788.0,433.4,354.6,45.0
TXN_001483,2021-11-09,Sep-21,MONISYAA,J0094,J0094-KR-L,L,Robe/Jupe,1.0,894.0,894.0,491.7,402.3,45.0
TXN_004814,2021-11-10,Oct-21,DHENOOGA RAVINTHERAN,BTM021,BTM021-XL,XL,Autre,1.0,315.0,315.0,173.25,141.75,45.0
TXN_002309,2021-11-10,Oct-21,DHENOOGA RAVINTHERAN,MEN5023,MEN5023-KR-S,S,Homme,1.0,649.0,649.0,356.95,292.05,45.0
TXN_002310,2021-11-10,Oct-21,DHENOOGA RAVINTHERAN,MEN5004,MEN5004-KR-L,L,Homme,1.0,586.0,586.0,322.3,263.7,45.0
TXN_002313,2021-11-10,Oct-21,DHENOOGA RAVINTHERAN,MEN5002,MEN5002-KR-XXXL,XXXL,Homme,1.0,586.0,586.0,322.3,263.7,45.0
TXN_002312,2021-11-10,Oct-21,DHENOOGA RAVINTHERAN,MEN5018,MEN5018-KR-M,M,Homme,1.0,574.0,574.0,315.7,258.3,45.0
TXN_004813,2021-11-10,Oct-21,DHENOOGA RAVINTHERAN,SET197,SET197-KR-NP-XL,XL,Ensemble,1.0,869.0,869.0,477.95,391.05,45.0
TXN_002311,2021-11-10,Oct-21,DHENOOGA RAVINTHERAN,MEN5020,MEN5020-KR-M,M,Homme,1.0,536.0,536.0,294.8,241.2,45.0
TXN_004812,2021-11-10,Oct-21,DHENOOGA RAVINTHERAN,JNE3664,JNE3664-TP-XL,XL,Robe/Jupe,1.0,531.0,531.0,292.05,238.95,45.0
TXN_004822,2021-11-10,Oct-21,DHENOOGA RAVINTHERAN,BTM005,BTM005-M,M,Autre,1.0,315.0,315.0,173.25,141.75,45.0
TXN_004810,2021-11-10,Oct-21,DHENOOGA RAVINTHERAN,NW016,NW016-ST-SR-S,S,Autre,1.0,769.0,769.0,422.95,346.05,45.0
TXN_004809,2021-11-10,Oct-21,DHENOOGA RAVINTHERAN,NW008,NW008-ST-CP-S,S,Autre,1.0,850.0,850.0,467.5,382.5,45.0
TXN_004808,2021-11-10,Oct-21,DHENOOGA RAVINTHERAN,JNE3668,JNE3668-TP-S,S,Robe/Jupe,1.0,431.0,431.0,237.05,193.95,45.0
TXN_004807,2021-11-10,Oct-21,DHENOOGA RAVINTHERAN,BTM005,BTM005-XXXL,XXXL,Autre,1.0,315.0,315.0,173.25,141.75,45.0
TXN_004806,2021-11-10,Oct-21,DHENOOGA RAVINTHERAN,SET236,SET236-KR-PP-XS,XS,Ensemble,1.0,850.0,850.0,467.5,382.5,45.0
TXN_004805,2021-11-10,Oct-21,DHENOOGA RAVINTHERAN,BTM027,BTM027-NP-XL,XL,Autre,1.0,315.0,315.0,173.25,141.75,45.0
TXN_004804,2021-11-10,Oct-21,DHENOOGA RAVINTHERAN,JNE3440,JNE3440-KR-XXL,XXL,Robe/Jupe,1.0,388.0,388.0,213.4,174.6,45.0
TXN_002314,2021-11-10,Oct-21,DHENOOGA RAVINTHERAN,MEN5002,MEN5002-KR-S,S,Homme,1.0,586.0,586.0,322.3,263.7,45.0
TXN_004811,2021-11-10,Oct-21,DHENOOGA RAVINTHERAN,J0118,J0118-TP-XL,XL,Robe/Jupe,1.0,390.0,390.0,214.5,175.5,45.0
TXN_002315,2021-11-10,Oct-21,DHENOOGA RAVINTHERAN,MEN5004,MEN5004-KR-XL,XL,Homme,1.0,586.0,586.0,322.3,263.7,45.0
TXN_002326,2021-11-10,Oct-21,DHENOOGA RAVINTHERAN,JNE2305,JNE2305-KR-533-L,L,Robe/Jupe,1.0,494.0,494.0,271.7,222.3,45.0
TXN_002317,2021-11-10,Oct-21,DHENOOGA RAVINTHERAN,MEN5002,MEN5002-KR-S,S,Homme,1.0,586.0,586.0,322.3,263.7,45.0
TXN_002334,2021-11-10,Oct-21,DHENOOGA RAVINTHERAN,JNE3405,JNE3405-KR-M,M,Robe/Jupe,1.0,431.0,431.0,237.05,193.95,45.0
TXN_002333,2021-11-10,Oct-21,DHENOOGA RAVINTHERAN,JNE3420,JNE3420-KR-L,L,Robe/Jupe,1.0,431.0,431.0,237.05,193.95,45.0
TXN_002332,2021-11-10,Oct-21,DHENOOGA RAVINTHERAN,SET194,SET194-KR-NP-L,L,Ensemble,1.0,744.0,744.0,409.2,334.8,45.0
TXN_004824,2021-11-10,Oct-21,DHENOOGA RAVINTHERAN,SET194,SET194-KR-NP-L,L,Ensemble,1.0,744.0,744.0,409.2,334.8,45.0
TXN_002330,2021-11-10,Oct-21,DHENOOGA RAVINTHERAN,SET226,SET226-KR-PP-XXL,XXL,Ensemble,1.0,806.0,806.0,443.3,362.7,45.0
TXN_002329,2021-11-10,Oct-21,DHENOOGA RAVINTHERAN,SET275,SET275-KR-NP-XL,XL,Ensemble,1.0,1056.0,1056.0,580.8,475.2,45.0
TXN_002328,2021-11-10,Oct-21,DHENOOGA RAVINTHERAN,JNE2305,JNE2305-KR-533-XL,XL,Robe/Jupe,1.0,494.0,494.0,271.7,222.3,45.0
TXN_002327,2021-11-10,Oct-21,DHENOOGA RAVINTHERAN,JNE3500,JNE3500-KR-XL,XL,Robe/Jupe,1.0,650.0,650.0,357.5,292.5,45.0
TXN_004803,2021-11-10,Oct-21,DHENOOGA RAVINTHERAN,JNE3637,JNE3637-KR-XXL,XXL,Robe/Jupe,1.0,681.0,681.0,374.55,306.45,45.0
TXN_002325,2021-11-10,Oct-21,DHENOOGA RAVINTHERAN,JNE3065,JNE3065-KR-L,L,Robe/Jupe,1.0,556.0,556.0,305.8,250.2,45.0
TXN_002324,2021-11-10,Oct-21,DHENOOGA RAVINTHERAN,SET239,SET239-KR-NP-L,L,Ensemble,1.0,1156.0,1156.0,635.8,520.2,45.0
TXN_002323,2021-11-10,Oct-21,DHENOOGA RAVINTHERAN,J0130,J0130-SET-L.,L,Robe/Jupe,1.0,1029.0,1029.0,565.95,463.05,45.0
TXN_002322,2021-11-10,Oct-21,DHENOOGA RAVINTHERAN,JNE3640,JNE3640-TP-XXL,XXL,Robe/Jupe,1.0,431.0,431.0,237.05,193.95,45.0
TXN_002321,2021-11-10,Oct-21,DHENOOGA RAVINTHERAN,SET251,SET251-KR-PP-L,L,Ensemble,1.0,825.0,825.0,453.75,371.25,45.0
TXN_002320,2021-11-10,Oct-21,DHENOOGA RAVINTHERAN,SET243,SET243-KR-PP-L,L,Ensemble,1.0,730.0,730.0,401.5,328.5,45.0
TXN_002319,2021-11-10,Oct-21,DHENOOGA RAVINTHERAN,MEN5004,MEN5004-KR-L,L,Homme,1.0,586.0,586.0,322.3,263.7,45.0
TXN_002318,2021-11-10,Oct-21,DHENOOGA RAVINTHERAN,MEN5030,MEN5030-KR-L,L,Homme,1.0,561.0,561.0,308.55,252.45,45.0
TXN_002316,2021-11-10,Oct-21,DHENOOGA RAVINTHERAN,MEN5004,MEN5004-KR-L,L,Homme,1.0,586.0,586.0,322.3,263.7,45.0
TXN_004802,2021-11-10,Oct-21,DHENOOGA RAVINTHERAN,JNE3504,JNE3504-KR-S,S,Robe/Jupe,1.0,556.0,556.0,305.8,250.2,45.0
TXN_004792,2021-11-10,Oct-21,DHENOOGA RAVINTHERAN,JNE3634,JNE3634-KR-XS,XS,Robe/Jupe,1.0,650.0,650.0,357.5,292.5,45.0
TXN_004800,2021-11-10,Oct-21,DHENOOGA RAVINTHERAN,JNE3556,JNE3556-KR-S,S,Robe/Jupe,1.0,450.0,450.0,247.5,202.5,45.0
TXN_004778,2021-11-10,Oct-21,DHENOOGA RAVINTHERAN,SET239,SET239-KR-NP-L,L,Ensemble,1.0,1156.0,1156.0,635.8,520.2,45.0
TXN_004777,2021-11-10,Oct-21,DHENOOGA RAVINTHERAN,J0130,J0130-SET-L.,L,Robe/Jupe,1.0,1029.0,1029.0,565.95,463.05,45.0
TXN_004776,2021-11-10,Oct-21,DHENOOGA RAVINTHERAN,JNE3640,JNE3640-TP-XXL,XXL,Robe/Jupe,1.0,431.0,431.0,237.05,193.95,45.0
TXN_004775,2021-11-10,Oct-21,DHENOOGA RAVINTHERAN,SET251,SET251-KR-PP-L,L,Ensemble,1.0,825.0,825.0,453.75,371.25,45.0
TXN_004774,2021-11-10,Oct-21,DHENOOGA RAVINTHERAN,SET243,SET243-KR-PP-L,L,Ensemble,1.0,730.0,730.0,401.5,328.5,45.0
TXN_004773,2021-11-10,Oct-21,DHENOOGA RAVINTHERAN,MEN5004,MEN5004-KR-L,L,Homme,1.0,586.0,586.0,322.3,263.7,45.0
TXN_004772,2021-11-10,Oct-21,DHENOOGA RAVINTHERAN,MEN5030,MEN5030-KR-L,L,Homme,1.0,561.0,561.0,308.55,252.45,45.0
TXN_004779,2021-11-10,Oct-21,DHENOOGA RAVINTHERAN,JNE3065,JNE3065-KR-L,L,Robe/Jupe,1.0,556.0,556.0,305.8,250.2,45.0
TXN_004771,2021-11-10,Oct-21,DHENOOGA RAVINTHERAN,MEN5002,MEN5002-KR-S,S,Homme,1.0,586.0,586.0,322.3,263.7,45.0
TXN_004769,2021-11-10,Oct-21,DHENOOGA RAVINTHERAN,MEN5004,MEN5004-KR-XL,XL,Homme,1.0,586.0,586.0,322.3,263.7,45.0
TXN_004768,2021-11-10,Oct-21,DHENOOGA RAVINTHERAN,MEN5002,MEN5002-KR-S,S,Homme,1.0,586.0,586.0,322.3,263.7,45.0
TXN_004767,2021-11-10,Oct-21,DHENOOGA RAVINTHERAN,MEN5002,MEN5002-KR-XXXL,XXXL,Homme,1.0,586.0,586.0,322.3,263.7,45.0
TXN_004766,2021-11-10,Oct-21,DHENOOGA RAVINTHERAN,MEN5018,MEN5018-KR-M,M,Homme,1.0,574.0,574.0,315.7,258.3,45.0
TXN_004765,2021-11-10,Oct-21,DHENOOGA RAVINTHERAN,MEN5020,MEN5020-KR-M,M,Homme,1.0,536.0,536.0,294.8,241.2,45.0
TXN_004764,2021-11-10,Oct-21,DHENOOGA RAVINTHERAN,MEN5004,MEN5004-KR-L,L,Homme,1.0,586.0,586.0,322.3,263.7,45.0
TXN_004763,2021-11-10,Oct-21,DHENOOGA RAVINTHERAN,MEN5023,MEN5023-KR-S,S,Homme,1.0,649.0,649.0,356.95,292.05,45.0
TXN_004770,2021-11-10,Oct-21,DHENOOGA RAVINTHERAN,MEN5004,MEN5004-KR-L,L,Homme,1.0,586.0,586.0,322.3,263.7,45.0
TXN_004780,2021-11-10,Oct-21,DHENOOGA RAVINTHERAN,JNE2305,JNE2305-KR-533-L,L,Robe/Jupe,1.0,494.0,494.0,271.7,222.3,45.0
TXN_004781,2021-11-10,Oct-21,DHENOOGA RAVINTHERAN,JNE3500,JNE3500-KR-XL,XL,Robe/Jupe,1.0,650.0,650.0,357.5,292.5,45.0
TXN_004782,2021-11-10,Oct-21,DHENOOGA RAVINTHERAN,JNE2305,JNE2305-KR-533-XL,XL,Robe/Jupe,1.0,494.0,494.0,271.7,222.3,45.0
TXN_004799,2021-11-10,Oct-21,DHENOOGA RAVINTHERAN,JNE3429,JNE3429-KR-L,L,Robe/Jupe,1.0,538.0,538.0,295.9,242.1,45.0
TXN_004798,2021-11-10,Oct-21,DHENOOGA RAVINTHERAN,JNE3535,JNE3535-KR-L,L,Robe/Jupe,1.0,431.0,431.0,237.05,193.95,45.0
TXN_004797,2021-11-10,Oct-21,DHENOOGA RAVINTHERAN,SET269,SET269-KR-NP-L,L,Ensemble,1.0,969.0,969.0,532.95,436.05,45.0
TXN_004796,2021-11-10,Oct-21,DHENOOGA RAVINTHERAN,JNE3668,JNE3668-TP-M,M,Robe/Jupe,1.0,431.0,431.0,237.05,193.95,45.0
TXN_004795,2021-11-10,Oct-21,DHENOOGA RAVINTHERAN,JNE2205,JNE2205-KR-467-XXL,XXL,Robe/Jupe,1.0,528.0,528.0,290.4,237.6,45.0
TXN_004794,2021-11-10,Oct-21,DHENOOGA RAVINTHERAN,SET014,SET014-KR-PP-M,M,Ensemble,1.0,1306.0,1306.0,718.3,587.7,45.0
TXN_004793,2021-11-10,Oct-21,DHENOOGA RAVINTHERAN,JNE2251,JNE2251-KR-537-M,M,Robe/Jupe,1.0,588.0,588.0,323.4,264.6,45.0
TXN_002335,2021-11-10,Oct-21,DHENOOGA RAVINTHERAN,JNE3443,JNE3443-KR-L,L,Robe/Jupe,1.0,431.0,431.0,237.05,193.95,45.0
TXN_004791,2021-11-10,Oct-21,DHENOOGA RAVINTHERAN,SET236,SET236-KR-PP-XXL,XXL,Ensemble,1.0,850.0,850.0,467.5,382.5,45.0
TXN_004790,2021-11-10,Oct-21,DHENOOGA RAVINTHERAN,JNE3574,JNE3574-KR-M,M,Robe/Jupe,1.0,431.0,431.0,237.05,193.95,45.0
TXN_004789,2021-11-10,Oct-21,DHENOOGA RAVINTHERAN,JNE3443,JNE3443-KR-L,L,Robe/Jupe,1.0,431.0,431.0,237.05,193.95,45.0
TXN_004788,2021-11-10,Oct-21,DHENOOGA RAVINTHERAN,JNE3405,JNE3405-KR-M,M,Robe/Jupe,1.0,431.0,431.0,237.05,193.95,45.0
TXN_004787,2021-11-10,Oct-21,DHENOOGA RAVINTHERAN,JNE3420,JNE3420-KR-L,L,Robe/Jupe,1.0,431.0,431.0,237.05,193.95,45.0
TXN_004786,2021-11-10,Oct-21,DHENOOGA RAVINTHERAN,SET194,SET194-KR-NP-L,L,Ensemble,1.0,744.0,744.0,409.2,334.8,45.0
TXN_004785,2021-11-10,Oct-21,DHENOOGA RAVINTHERAN,JNE3686,JNE3686-TU-XXL,XXL,Robe/Jupe,1.0,450.0,450.0,247.5,202.5,45.0
TXN_004784,2021-11-10,Oct-21,DHENOOGA RAVINTHERAN,SET226,SET226-KR-PP-XXL,XXL,Ensemble,1.0,806.0,806.0,443.3,362.7,45.0
TXN_004783,2021-11-10,Oct-21,DHENOOGA RAVINTHERAN,SET275,SET275-KR-NP-XL,XL,Ensemble,1.0,1056.0,1056.0,580.8,475.2,45.0
TXN_004801,2021-11-10,Oct-21,DHENOOGA RAVINTHERAN,JNE3518,JNE3518-KR-S,S,Robe/Jupe,1.0,500.0,500.0,275.0,225.0,45.0
TXN_002336,2021-11-10,Oct-21,DHENOOGA RAVINTHERAN,JNE3574,JNE3574-KR-M,M,Robe/Jupe,1.0,431.0,431.0,237.05,193.95,45.0
TXN_002331,2021-11-10,Oct-21,DHENOOGA RAVINTHERAN,JNE3686,JNE3686-TU-XXL,XXL,Robe/Jupe,1.0,450.0,450.0,247.5,202.5,45.0
TXN_002338,2021-11-10,Oct-21,DHENOOGA RAVINTHERAN,JNE3634,JNE3634-KR-XS,XS,Robe/Jupe,1.0,650.0,650.0,357.5,292.5,45.0
TXN_002361,2021-11-10,Oct-21,DHENOOGA RAVINTHERAN,BTM003,BTM003-XL,XL,Autre,1.0,315.0,315.0,173.25,141.75,45.0
TXN_002362,2021-11-10,Oct-21,DHENOOGA RAVINTHERAN,J0135,J0135-SET-S,S,Robe/Jupe,1.0,881.0,881.0,484.55,396.45,45.0
TXN_002363,2021-11-10,Oct-21,DHENOOGA RAVINTHERAN,SET281,SET281-KR-PP-M,M,Ensemble,1.0,850.0,850.0,467.5,382.5,45.0
TXN_002364,2021-11-10,Oct-21,DHENOOGA RAVINTHERAN,SET156,SET156-KR-NP-M,M,Ensemble,1.0,931.0,931.0,512.05,418.95,45.0
TXN_002365,2021-11-10,Oct-21,DHENOOGA RAVINTHERAN,JNE3712,JNE3712-TP-S,S,Robe/Jupe,1.0,431.0,431.0,237.05,193.95,45.0
TXN_002366,2021-11-10,Oct-21,DHENOOGA RAVINTHERAN,JNE3717,JNE3717-KR-L,L,Robe/Jupe,1.0,538.0,538.0,295.9,242.1,45.0
TXN_002367,2021-11-10,Oct-21,DHENOOGA RAVINTHERAN,JNE3568,JNE3568-KR-L,L,Robe/Jupe,1.0,431.0,431.0,237.05,193.95,45.0
TXN_002368,2021-11-10,Oct-21,DHENOOGA RAVINTHERAN,BTM005,BTM005-M,M,Autre,1.0,315.0,315.0,173.25,141.75,45.0
TXN_002360,2021-11-10,Oct-21,DHENOOGA RAVINTHERAN,BTM021,BTM021-XL,XL,Autre,1.0,315.0,315.0,173.25,141.75,45.0
TXN_002369,2021-11-10,Oct-21,DHENOOGA RAVINTHERAN,BTM005,BTM005-XL,XL,Autre,1.0,315.0,315.0,173.25,141.75,45.0
TXN_004815,2021-11-10,Oct-21,DHENOOGA RAVINTHERAN,BTM003,BTM003-XL,XL,Autre,1.0,315.0,315.0,173.25,141.75,45.0
TXN_004816,2021-11-10,Oct-21,DHENOOGA RAVINTHERAN,J0135,J0135-SET-S,S,Robe/Jupe,1.0,881.0,881.0,484.55,396.45,45.0
TXN_004817,2021-11-10,Oct-21,DHENOOGA RAVINTHERAN,SET281,SET281-KR-PP-M,M,Ensemble,1.0,850.0,850.0,467.5,382.5,45.0
TXN_004818,2021-11-10,Oct-21,DHENOOGA RAVINTHERAN,SET156,SET156-KR-NP-M,M,Ensemble,1.0,931.0,931.0,512.05,418.95,45.0
TXN_004819,2021-11-10,Oct-21,DHENOOGA RAVINTHERAN,JNE3712,JNE3712-TP-S,S,Robe/Jupe,1.0,431.0,431.0,237.05,193.95,45.0
TXN_004820,2021-11-10,Oct-21,DHENOOGA RAVINTHERAN,JNE3717,JNE3717-KR-L,L,Robe/Jupe,1.0,538.0,538.0,295.9,242.1,45.0
TXN_002337,2021-11-10,Oct-21,DHENOOGA RAVINTHERAN,SET236,SET236-KR-PP-XXL,XXL,Ensemble,1.0,850.0,850.0,467.5,382.5,45.0
TXN_004821,2021-11-10,Oct-21,DHENOOGA RAVINTHERAN,JNE3568,JNE3568-KR-L,L,Robe/Jupe,1.0,431.0,431.0,237.05,193.95,45.0
TXN_002370,2021-11-10,Oct-21,DHENOOGA RAVINTHERAN,SET194,SET194-KR-NP-L,L,Ensemble,1.0,744.0,744.0,409.2,334.8,45.0
TXN_002359,2021-11-10,Oct-21,DHENOOGA RAVINTHERAN,SET197,SET197-KR-NP-XL,XL,Ensemble,1.0,869.0,869.0,477.95,391.05,45.0
TXN_004823,2021-11-10,Oct-21,DHENOOGA RAVINTHERAN,BTM005,BTM005-XL,XL,Autre,1.0,315.0,315.0,173.25,141.75,45.0
TXN_002357,2021-11-10,Oct-21,DHENOOGA RAVINTHERAN,J0118,J0118-TP-XL,XL,Robe/Jupe,1.0,390.0,390.0,214.5,175.5,45.0
TXN_002339,2021-11-10,Oct-21,DHENOOGA RAVINTHERAN,JNE2251,JNE2251-KR-537-M,M,Robe/Jupe,1.0,588.0,588.0,323.4,264.6,45.0
TXN_002340,2021-11-10,Oct-21,DHENOOGA RAVINTHERAN,SET014,SET014-KR-PP-M,M,Ensemble,1.0,1306.0,1306.0,718.3,587.7,45.0
TXN_002358,2021-11-10,Oct-21,DHENOOGA RAVINTHERAN,JNE3664,JNE3664-TP-XL,XL,Robe/Jupe,1.0,531.0,531.0,292.05,238.95,45.0
TXN_002341,2021-11-10,Oct-21,DHENOOGA RAVINTHERAN,JNE2205,JNE2205-KR-467-XXL,XXL,Robe/Jupe,1.0,528.0,528.0,290.4,237.6,45.0
TXN_002342,2021-11-10,Oct-21,DHENOOGA RAVINTHERAN,JNE3668,JNE3668-TP-M,M,Robe/Jupe,1.0,431.0,431.0,237.05,193.95,45.0
TXN_002343,2021-11-10,Oct-21,DHENOOGA RAVINTHERAN,SET269,SET269-KR-NP-L,L,Ensemble,1.0,969.0,969.0,532.95,436.05,45.0
TXN_002344,2021-11-10,Oct-21,DHENOOGA RAVINTHERAN,JNE3535,JNE3535-KR-L,L,Robe/Jupe,1.0,431.0,431.0,237.05,193.95,45.0
TXN_002345,2021-11-10,Oct-21,DHENOOGA RAVINTHERAN,JNE3429,JNE3429-KR-L,L,Robe/Jupe,1.0,538.0,538.0,295.9,242.1,45.0
TXN_002347,2021-11-10,Oct-21,DHENOOGA RAVINTHERAN,JNE3518,JNE3518-KR-S,S,Robe/Jupe,1.0,500.0,500.0,275.0,225.0,45.0
TXN_002346,2021-11-10,Oct-21,DHENOOGA RAVINTHERAN,JNE3556,JNE3556-KR-S,S,Robe/Jupe,1.0,450.0,450.0,247.5,202.5,45.0
TXN_002349,2021-11-10,Oct-21,DHENOOGA RAVINTHERAN,JNE3637,JNE3637-KR-XXL,XXL,Robe/Jupe,1.0,681.0,681.0,374.55,306.45,45.0
TXN_002350,2021-11-10,Oct-21,DHENOOGA RAVINTHERAN,JNE3440,JNE3440-KR-XXL,XXL,Robe/Jupe,1.0,388.0,388.0,213.4,174.6,45.0
TXN_002351,2021-11-10,Oct-21,DHENOOGA RAVINTHERAN,BTM027,BTM027-NP-XL,XL,Autre,1.0,315.0,315.0,173.25,141.75,45.0
TXN_002352,2021-11-10,Oct-21,DHENOOGA RAVINTHERAN,SET236,SET236-KR-PP-XS,XS,Ensemble,1.0,850.0,850.0,467.5,382.5,45.0
TXN_002353,2021-11-10,Oct-21,DHENOOGA RAVINTHERAN,BTM005,BTM005-XXXL,XXXL,Autre,1.0,315.0,315.0,173.25,141.75,45.0
TXN_002354,2021-11-10,Oct-21,DHENOOGA RAVINTHERAN,JNE3668,JNE3668-TP-S,S,Robe/Jupe,1.0,431.0,431.0,237.05,193.95,45.0
TXN_002355,2021-11-10,Oct-21,DHENOOGA RAVINTHERAN,NW008,NW008-ST-CP-S,S,Autre,1.0,850.0,850.0,467.5,382.5,45.0
TXN_002356,2021-11-10,Oct-21,DHENOOGA RAVINTHERAN,NW016,NW016-ST-SR-S,S,Autre,1.0,769.0,769.0,422.95,346.05,45.0
TXN_002348,2021-11-10,Oct-21,DHENOOGA RAVINTHERAN,JNE3504,JNE3504-KR-S,S,Robe/Jupe,1.0,556.0,556.0,305.8,250.2,45.0
TXN_000938,2021-12-07,Jul-21,SHWETA,BTM021,BTM021-M,M,Autre,1.0,338.0,338.0,185.9,152.1,45.0
TXN_000939,2021-12-07,Jul-21,SHWETA,JNE3706,JNE3706-DR-M,M,Robe/Jupe,1.0,656.0,656.0,360.8,295.2,45.0
TXN_000937,2021-12-07,Jul-21,SHWETA,AN204,AN204-PURPLE-M,M,Autre,1.0,281.0,281.0,154.55,126.45,45.0
TXN_000940,2021-12-07,Jul-21,SHWETA,JNE3625,JNE3625-DR-M,M,Robe/Jupe,1.0,623.0,623.0,342.65,280.35,45.0
TXN_000935,2021-12-07,Jul-21,SHWETA,JNE3708,JNE3708-TU-M,M,Robe/Jupe,1.0,656.0,656.0,360.8,295.2,45.0
TXN_000934,2021-12-07,Jul-21,SHWETA,J0116,J0116-TP-M,M,Robe/Jupe,1.0,429.0,429.0,235.95,193.05,45.0
TXN_000933,2021-12-07,Jul-21,SHWETA,J0336,J0336-TP-M,M,Robe/Jupe,1.0,546.0,546.0,300.3,245.7,45.0
TXN_000932,2021-12-07,Jul-21,SHWETA,J0201,J0201-TP-M,M,Robe/Jupe,1.0,585.0,585.0,321.75,263.25,45.0
TXN_000931,2021-12-07,Jul-21,SHWETA,NW002,NW002-TP-PJ-M,M,Autre,1.0,556.0,556.0,305.8,250.2,45.0
TXN_000936,2021-12-07,Jul-21,SHWETA,JNE3665,JNE3665-TP-M,M,Robe/Jupe,1.0,388.0,388.0,213.4,174.6,45.0
TXN_002468,2021-12-10,Oct-21,MEERA RASADURAI,MEN5025,MEN5025-KR-XXL,XXL,Homme,1.0,649.0,649.0,356.95,292.05,45.0
TXN_002469,2021-12-10,Oct-21,MEERA RASADURAI,MEN5025,MEN5025-KR-XXXL,XXXL,Homme,1.0,649.0,649.0,356.95,292.05,45.0
TXN_002470,2021-12-10,Oct-21,MEERA RASADURAI,MEN5002,MEN5002-KR-XXL,XXL,Homme,1.0,586.0,586.0,322.3,263.7,45.0
TXN_002471,2021-12-10,Oct-21,MEERA RASADURAI,MEN5002,MEN5002-KR-XXXL,XXXL,Homme,1.0,586.0,586.0,322.3,263.7,45.0
TXN_002472,2021-12-10,Oct-21,MEERA RASADURAI,JNE3708,JNE3708-TU-L,L,Robe/Jupe,1.0,656.0,656.0,360.8,295.2,45.0
TXN_002473,2021-12-10,Oct-21,MEERA RASADURAI,JNE3708,JNE3708-TU-XL,XL,Robe/Jupe,1.0,656.0,656.0,360.8,295.2,45.0
TXN_002474,2021-12-10,Oct-21,MEERA RASADURAI,JNE3669,JNE3669-TU-M,M,Robe/Jupe,1.0,450.0,450.0,247.5,202.5,45.0
TXN_002426,2021-12-10,Oct-21,MEERA RASADURAI,SET251,SET251-KR-PP-L,L,Ensemble,1.0,825.0,825.0,453.75,371.25,45.0
TXN_002475,2021-12-10,Oct-21,MEERA RASADURAI,JNE3669,JNE3669-TU-L,L,Robe/Jupe,1.0,450.0,450.0,247.5,202.5,45.0
TXN_002476,2021-12-10,Oct-21,MEERA RASADURAI,JNE3668,JNE3668-TP-M,M,Robe/Jupe,1.0,431.0,431.0,237.05,193.95,45.0
TXN_002478,2021-12-10,Oct-21,MEERA RASADURAI,JNE3664,JNE3664-TP-XL,XL,Robe/Jupe,1.0,531.0,531.0,292.05,238.95,45.0
TXN_002479,2021-12-10,Oct-21,MEERA RASADURAI,JNE3664,JNE3664-TP-XXL,XXL,Robe/Jupe,1.0,531.0,531.0,292.05,238.95,45.0
TXN_002480,2021-12-10,Oct-21,MEERA RASADURAI,J0295,J0295-DR-L,L,Robe/Jupe,1.0,741.0,741.0,407.55,333.45,45.0
TXN_002481,2021-12-10,Oct-21,MEERA RASADURAI,J0295,J0295-DR-XXXL,XXXL,Robe/Jupe,1.0,741.0,741.0,407.55,333.45,45.0
TXN_002482,2021-12-10,Oct-21,MEERA RASADURAI,J0041,J0041-SET-M,M,Robe/Jupe,1.0,884.0,884.0,486.2,397.8,45.0
TXN_002483,2021-12-10,Oct-21,MEERA RASADURAI,JNE3762,JNE3762-KR-M,M,Robe/Jupe,1.0,556.0,556.0,305.8,250.2,45.0
TXN_002484,2021-12-10,Oct-21,MEERA RASADURAI,JNE3762,JNE3762-KR-XL,XL,Robe/Jupe,1.0,556.0,556.0,305.8,250.2,45.0
TXN_002485,2021-12-10,Oct-21,MEERA RASADURAI,JNE3762,JNE3762-KR-XXXL,XXXL,Robe/Jupe,1.0,556.0,556.0,305.8,250.2,45.0
TXN_002486,2021-12-10,Oct-21,MEERA RASADURAI,JNE3695,JNE3695-KR-M,M,Robe/Jupe,1.0,431.0,431.0,237.05,193.95,45.0
TXN_002487,2021-12-10,Oct-21,MEERA RASADURAI,JNE3695,JNE3695-KR-XL,XL,Robe/Jupe,1.0,431.0,431.0,237.05,193.95,45.0
TXN_002467,2021-12-10,Oct-21,MEERA RASADURAI,MEN5009,MEN5009-KR-XXXL,XXXL,Homme,1.0,549.0,549.0,301.95,247.05,45.0
TXN_002477,2021-12-10,Oct-21,MEERA RASADURAI,JNE3668,JNE3668-TP-L,L,Robe/Jupe,1.0,431.0,431.0,237.05,193.95,45.0
TXN_002466,2021-12-10,Oct-21,MEERA RASADURAI,MEN5009,MEN5009-KR-XXL,XXL,Homme,1.0,549.0,549.0,301.95,247.05,45.0
TXN_002456,2021-12-10,Oct-21,MEERA RASADURAI,BTM036,BTM036-PP-L,L,Autre,1.0,428.0,428.0,235.4,192.6,45.0
TXN_002464,2021-12-10,Oct-21,MEERA RASADURAI,J0102,J0102-SKD-L,L,Robe/Jupe,1.0,1344.0,1344.0,739.2,604.8,45.0
TXN_002442,2021-12-10,Oct-21,MEERA RASADURAI,BTM047,BTM047-PP-XXL,XXL,Autre,1.0,428.0,428.0,235.4,192.6,45.0
TXN_002441,2021-12-10,Oct-21,MEERA RASADURAI,BTM047,BTM047-PP-XL,XL,Autre,1.0,428.0,428.0,235.4,192.6,45.0
TXN_002440,2021-12-10,Oct-21,MEERA RASADURAI,BTM047,BTM047-PP-L,L,Autre,1.0,428.0,428.0,235.4,192.6,45.0
TXN_002439,2021-12-10,Oct-21,MEERA RASADURAI,BTM048,BTM048-PP-XXXL,XXXL,Autre,1.0,428.0,428.0,235.4,192.6,45.0
TXN_002438,2021-12-10,Oct-21,MEERA RASADURAI,BTM048,BTM048-PP-XXL,XXL,Autre,1.0,428.0,428.0,235.4,192.6,45.0
TXN_002437,2021-12-10,Oct-21,MEERA RASADURAI,BTM048,BTM048-PP-XL,XL,Autre,1.0,428.0,428.0,235.4,192.6,45.0
TXN_002443,2021-12-10,Oct-21,MEERA RASADURAI,BTM047,BTM047-PP-XXXL,XXXL,Autre,1.0,428.0,428.0,235.4,192.6,45.0
TXN_002436,2021-12-10,Oct-21,MEERA RASADURAI,JNE3641,JNE3641-TP-L,L,Robe/Jupe,1.0,431.0,431.0,237.05,193.95,45.0
TXN_002434,2021-12-10,Oct-21,MEERA RASADURAI,JNE3619,JNE3619-KR-XL,XL,Robe/Jupe,1.0,528.0,528.0,290.4,237.6,45.0
TXN_002433,2021-12-10,Oct-21,MEERA RASADURAI,JNE3619,JNE3619-KR-M,M,Robe/Jupe,1.0,528.0,528.0,290.4,237.6,45.0
TXN_002432,2021-12-10,Oct-21,MEERA RASADURAI,BTM032,BTM032-NP-XXXL,XXXL,Autre,1.0,315.0,315.0,173.25,141.75,45.0
TXN_002431,2021-12-10,Oct-21,MEERA RASADURAI,BTM032,BTM032-NP-XL,XL,Autre,1.0,315.0,315.0,173.25,141.75,45.0
TXN_002430,2021-12-10,Oct-21,MEERA RASADURAI,SET043,SET043-KR-NP-XL,XL,Ensemble,1.0,1181.0,1181.0,649.55,531.45,45.0
TXN_002429,2021-12-10,Oct-21,MEERA RASADURAI,SET043,SET043-KR-NP-M,M,Ensemble,1.0,1181.0,1181.0,649.55,531.45,45.0
TXN_002435,2021-12-10,Oct-21,MEERA RASADURAI,JNE3641,JNE3641-TP-M,M,Robe/Jupe,1.0,431.0,431.0,237.05,193.95,45.0
TXN_002444,2021-12-10,Oct-21,MEERA RASADURAI,BTM046,BTM046-PP-L,L,Autre,1.0,428.0,428.0,235.4,192.6,45.0
TXN_002446,2021-12-10,Oct-21,MEERA RASADURAI,BTM031,BTM031-NP-L,L,Autre,1.0,315.0,315.0,173.25,141.75,45.0
TXN_002447,2021-12-10,Oct-21,MEERA RASADURAI,BTM031,BTM031-NP-XXXL,XXXL,Autre,1.0,315.0,315.0,173.25,141.75,45.0
TXN_002463,2021-12-10,Oct-21,MEERA RASADURAI,J0100,J0100-DR-L,L,Robe/Jupe,1.0,1156.0,1156.0,635.8,520.2,45.0
TXN_002462,2021-12-10,Oct-21,MEERA RASADURAI,BTM002,BTM002-XXXL,XXXL,Autre,1.0,315.0,315.0,173.25,141.75,45.0
TXN_002461,2021-12-10,Oct-21,MEERA RASADURAI,BTM002,BTM002-XL,XL,Autre,1.0,315.0,315.0,173.25,141.75,45.0
TXN_002460,2021-12-10,Oct-21,MEERA RASADURAI,BTM002,BTM002-L,L,Autre,1.0,315.0,315.0,173.25,141.75,45.0
TXN_002459,2021-12-10,Oct-21,MEERA RASADURAI,BTM036,BTM036-PP-XXXL,XXXL,Autre,1.0,428.0,428.0,235.4,192.6,45.0
TXN_002458,2021-12-10,Oct-21,MEERA RASADURAI,BTM036,BTM036-PP-XXL,XXL,Autre,1.0,428.0,428.0,235.4,192.6,45.0
TXN_002457,2021-12-10,Oct-21,MEERA RASADURAI,BTM036,BTM036-PP-XL,XL,Autre,1.0,428.0,428.0,235.4,192.6,45.0
TXN_002455,2021-12-10,Oct-21,MEERA RASADURAI,BTM042,BTM042-PP-XXXL,XXXL,Autre,1.0,428.0,428.0,235.4,192.6,45.0
TXN_002454,2021-12-10,Oct-21,MEERA RASADURAI,BTM042,BTM042-PP-XXL,XXL,Autre,1.0,428.0,428.0,235.4,192.6,45.0
TXN_002453,2021-12-10,Oct-21,MEERA RASADURAI,BTM042,BTM042-PP-XL,XL,Autre,1.0,428.0,428.0,235.4,192.6,45.0
TXN_002452,2021-12-10,Oct-21,MEERA RASADURAI,BTM042,BTM042-PP-L,L,Autre,1.0,428.0,428.0,235.4,192.6,45.0
TXN_002451,2021-12-10,Oct-21,MEERA RASADURAI,BTM044,BTM044-PP-XXXL,XXXL,Autre,1.0,428.0,428.0,235.4,192.6,45.0
TXN_002450,2021-12-10,Oct-21,MEERA RASADURAI,BTM044,BTM044-PP-XXL,XXL,Autre,1.0,428.0,428.0,235.4,192.6,45.0
TXN_002449,2021-12-10,Oct-21,MEERA RASADURAI,BTM044,BTM044-PP-XL,XL,Autre,1.0,428.0,428.0,235.4,192.6,45.0
TXN_002448,2021-12-10,Oct-21,MEERA RASADURAI,BTM044,BTM044-PP-L,L,Autre,1.0,428.0,428.0,235.4,192.6,45.0
TXN_002465,2021-12-10,Oct-21,MEERA RASADURAI,MEN5009,MEN5009-KR-L,L,Homme,1.0,549.0,549.0,301.95,247.05,45.0
TXN_002445,2021-12-10,Oct-21,MEERA RASADURAI,BTM046,BTM046-PP-XXXL,XXXL,Autre,1.0,428.0,428.0,235.4,192.6,45.0
TXN_002376,2021-12-10,Oct-21,MEERA RASADURAI,JNE3562,JNE3562-KR-XL,XL,Robe/Jupe,1.0,681.0,681.0,374.55,306.45,45.0
TXN_002413,2021-12-10,Oct-21,MEERA RASADURAI,MEN5017,MEN5017-KR-XL,XL,Homme,1.0,661.0,661.0,363.55,297.45,45.0
TXN_004840,2021-12-10,Oct-21,MEERA RASADURAI,J0198,J0198-TP-XXXL,XXXL,Robe/Jupe,1.0,585.0,585.0,321.75,263.25,45.0
TXN_004839,2021-12-10,Oct-21,MEERA RASADURAI,JNE3697,JNE3697-KR-XL,XL,Robe/Jupe,1.0,431.0,431.0,237.05,193.95,45.0
TXN_004838,2021-12-10,Oct-21,MEERA RASADURAI,JNE3627,JNE3627-KR-XXXL,XXXL,Robe/Jupe,1.0,450.0,450.0,247.5,202.5,45.0
TXN_004837,2021-12-10,Oct-21,MEERA RASADURAI,JNE3627,JNE3627-KR-XL,XL,Robe/Jupe,1.0,450.0,450.0,247.5,202.5,45.0
TXN_004836,2021-12-10,Oct-21,MEERA RASADURAI,JNE3628,JNE3628-KR-XXXL,XXXL,Robe/Jupe,1.0,450.0,450.0,247.5,202.5,45.0
TXN_004835,2021-12-10,Oct-21,MEERA RASADURAI,JNE3628,JNE3628-KR-XL,XL,Robe/Jupe,1.0,450.0,450.0,247.5,202.5,45.0
TXN_004834,2021-12-10,Oct-21,MEERA RASADURAI,JNE3560,JNE3560-KR-XXXL,XXXL,Robe/Jupe,1.0,450.0,450.0,247.5,202.5,45.0
TXN_004841,2021-12-10,Oct-21,MEERA RASADURAI,J0113,J0113-TP-XXXL,XXXL,Robe/Jupe,1.0,508.0,508.0,279.4,228.6,45.0
TXN_004833,2021-12-10,Oct-21,MEERA RASADURAI,JNE3560,JNE3560-KR-XL,XL,Robe/Jupe,1.0,450.0,450.0,247.5,202.5,45.0
TXN_004831,2021-12-10,Oct-21,MEERA RASADURAI,JNE3565,JNE3565-KR-XL,XL,Robe/Jupe,1.0,450.0,450.0,247.5,202.5,45.0
TXN_004830,2021-12-10,Oct-21,MEERA RASADURAI,JNE3562,JNE3562-KR-XL,XL,Robe/Jupe,1.0,681.0,681.0,374.55,306.45,45.0
TXN_004829,2021-12-10,Oct-21,MEERA RASADURAI,JNE3577,JNE3577-KR-XXXL,XXXL,Robe/Jupe,1.0,681.0,681.0,374.55,306.45,45.0
TXN_004828,2021-12-10,Oct-21,MEERA RASADURAI,JNE3577,JNE3577-KR-XL,XL,Robe/Jupe,1.0,681.0,681.0,374.55,306.45,45.0
TXN_004827,2021-12-10,Oct-21,MEERA RASADURAI,JNE3578,JNE3578-KR-XXXL,XXXL,Robe/Jupe,1.0,681.0,681.0,374.55,306.45,45.0
TXN_004826,2021-12-10,Oct-21,MEERA RASADURAI,JNE3030,JNE3030-KR-XXXL,XXXL,Robe/Jupe,1.0,730.0,730.0,401.5,328.5,45.0
TXN_004825,2021-12-10,Oct-21,MEERA RASADURAI,JNE3030,JNE3030-KR-XL,XL,Robe/Jupe,1.0,730.0,730.0,401.5,328.5,45.0
TXN_004832,2021-12-10,Oct-21,MEERA RASADURAI,JNE3565,JNE3565-KR-XXXL,XXXL,Robe/Jupe,1.0,450.0,450.0,247.5,202.5,45.0
TXN_002371,2021-12-10,Oct-21,MEERA RASADURAI,JNE3030,JNE3030-KR-XL,XL,Robe/Jupe,1.0,730.0,730.0,401.5,328.5,45.0
TXN_004842,2021-12-10,Oct-21,MEERA RASADURAI,J0115,J0115-TP-L,L,Robe/Jupe,1.0,551.0,551.0,303.05,247.95,45.0
TXN_004844,2021-12-10,Oct-21,MEERA RASADURAI,J0136,J0136-KR-L,L,Robe/Jupe,1.0,508.0,508.0,279.4,228.6,45.0
TXN_004860,2021-12-10,Oct-21,MEERA RASADURAI,JNE3669,JNE3669-TU-L,L,Robe/Jupe,1.0,450.0,450.0,247.5,202.5,45.0
TXN_004859,2021-12-10,Oct-21,MEERA RASADURAI,MEN5025,MEN5025-KR-XXXL,XXXL,Homme,1.0,649.0,649.0,356.95,292.05,45.0
TXN_004858,2021-12-10,Oct-21,MEERA RASADURAI,MEN5025,MEN5025-KR-XXL,XXL,Homme,1.0,649.0,649.0,356.95,292.05,45.0
TXN_004857,2021-12-10,Oct-21,MEERA RASADURAI,MEN5002,MEN5002-KR-XXXL,XXXL,Homme,1.0,586.0,586.0,322.3,263.7,45.0
TXN_004856,2021-12-10,Oct-21,MEERA RASADURAI,MEN5002,MEN5002-KR-XXL,XXL,Homme,1.0,586.0,586.0,322.3,263.7,45.0
TXN_004855,2021-12-10,Oct-21,MEERA RASADURAI,MEN5002,MEN5002-KR-XL.,XL,Homme,1.0,586.0,586.0,322.3,263.7,45.0
TXN_004854,2021-12-10,Oct-21,MEERA RASADURAI,MEN5009,MEN5009-KR-XXXL,XXXL,Homme,1.0,549.0,549.0,301.95,247.05,45.0
TXN_004843,2021-12-10,Oct-21,MEERA RASADURAI,J0115,J0115-TP-XXXL,XXXL,Robe/Jupe,1.0,551.0,551.0,303.05,247.95,45.0
TXN_004853,2021-12-10,Oct-21,MEERA RASADURAI,MEN5009,MEN5009-KR-XXL,XXL,Homme,1.0,549.0,549.0,301.95,247.05,45.0
TXN_004851,2021-12-10,Oct-21,MEERA RASADURAI,J0153,J0153-DR-XL,XL,Robe/Jupe,1.0,585.0,585.0,321.75,263.25,45.0
TXN_004850,2021-12-10,Oct-21,MEERA RASADURAI,J0203,J0203-TP-XXXL,XXXL,Robe/Jupe,1.0,625.0,625.0,343.75,281.25,45.0
TXN_004849,2021-12-10,Oct-21,MEERA RASADURAI,J0203,J0203-TP-XL,XL,Robe/Jupe,1.0,625.0,625.0,343.75,281.25,45.0
TXN_004848,2021-12-10,Oct-21,MEERA RASADURAI,J0203,J0203-TP-L,L,Robe/Jupe,1.0,625.0,625.0,343.75,281.25,45.0
TXN_004847,2021-12-10,Oct-21,MEERA RASADURAI,SET270,SET270-KR-PP-XL,XL,Ensemble,1.0,894.0,894.0,491.7,402.3,45.0
TXN_004846,2021-12-10,Oct-21,MEERA RASADURAI,J0136,J0136-KR-XXXL,XXXL,Robe/Jupe,1.0,508.0,508.0,279.4,228.6,45.0
TXN_004845,2021-12-10,Oct-21,MEERA RASADURAI,J0136,J0136-KR-XL,XL,Robe/Jupe,1.0,508.0,508.0,279.4,228.6,45.0
TXN_004852,2021-12-10,Oct-21,MEERA RASADURAI,MEN5009,MEN5009-KR-XL,XL,Homme,1.0,549.0,549.0,301.95,247.05,45.0
TXN_004861,2021-12-10,Oct-21,MEERA RASADURAI,JNE3669,JNE3669-TU-XL,XL,Robe/Jupe,1.0,450.0,450.0,247.5,202.5,45.0
TXN_002372,2021-12-10,Oct-21,MEERA RASADURAI,JNE3030,JNE3030-KR-XXXL,XXXL,Robe/Jupe,1.0,730.0,730.0,401.5,328.5,45.0
TXN_002374,2021-12-10,Oct-21,MEERA RASADURAI,JNE3577,JNE3577-KR-XL,XL,Robe/Jupe,1.0,681.0,681.0,374.55,306.45,45.0
TXN_002395,2021-12-10,Oct-21,MEERA RASADURAI,J0203,J0203-TP-XL,XL,Robe/Jupe,1.0,625.0,625.0,343.75,281.25,45.0
TXN_002396,2021-12-10,Oct-21,MEERA RASADURAI,J0203,J0203-TP-XXXL,XXXL,Robe/Jupe,1.0,625.0,625.0,343.75,281.25,45.0
TXN_002397,2021-12-10,Oct-21,MEERA RASADURAI,J0153,J0153-DR-XL,XL,Robe/Jupe,1.0,585.0,585.0,321.75,263.25,45.0
TXN_002398,2021-12-10,Oct-21,MEERA RASADURAI,MEN5009,MEN5009-KR-XL,XL,Homme,1.0,549.0,549.0,301.95,247.05,45.0
TXN_002399,2021-12-10,Oct-21,MEERA RASADURAI,MEN5009,MEN5009-KR-XXL,XXL,Homme,1.0,549.0,549.0,301.95,247.05,45.0
TXN_002400,2021-12-10,Oct-21,MEERA RASADURAI,MEN5009,MEN5009-KR-XXXL,XXXL,Homme,1.0,549.0,549.0,301.95,247.05,45.0
TXN_002401,2021-12-10,Oct-21,MEERA RASADURAI,MEN5002,MEN5002-KR-XL.,XL,Homme,1.0,586.0,586.0,322.3,263.7,45.0
TXN_002394,2021-12-10,Oct-21,MEERA RASADURAI,J0203,J0203-TP-L,L,Robe/Jupe,1.0,625.0,625.0,343.75,281.25,45.0
TXN_002402,2021-12-10,Oct-21,MEERA RASADURAI,MEN5002,MEN5002-KR-XXL,XXL,Homme,1.0,586.0,586.0,322.3,263.7,45.0
TXN_002404,2021-12-10,Oct-21,MEERA RASADURAI,MEN5025,MEN5025-KR-XXL,XXL,Homme,1.0,649.0,649.0,356.95,292.05,45.0
TXN_002405,2021-12-10,Oct-21,MEERA RASADURAI,MEN5025,MEN5025-KR-XXXL,XXXL,Homme,1.0,649.0,649.0,356.95,292.05,45.0
TXN_002406,2021-12-10,Oct-21,MEERA RASADURAI,JNE3669,JNE3669-TU-L,L,Robe/Jupe,1.0,450.0,450.0,247.5,202.5,45.0
TXN_002407,2021-12-10,Oct-21,MEERA RASADURAI,JNE3669,JNE3669-TU-XL,XL,Robe/Jupe,1.0,450.0,450.0,247.5,202.5,45.0
TXN_002408,2021-12-10,Oct-21,MEERA RASADURAI,JNE3669,JNE3669-TU-XXXL,XXXL,Robe/Jupe,1.0,450.0,450.0,247.5,202.5,45.0
TXN_002409,2021-12-10,Oct-21,MEERA RASADURAI,JNE3659,JNE3659-TP-L,L,Robe/Jupe,1.0,350.0,350.0,192.5,157.5,45.0
TXN_002410,2021-12-10,Oct-21,MEERA RASADURAI,JNE3659,JNE3659-TP-XL,XL,Robe/Jupe,1.0,350.0,350.0,192.5,157.5,45.0
TXN_002403,2021-12-10,Oct-21,MEERA RASADURAI,MEN5002,MEN5002-KR-XXXL,XXXL,Homme,1.0,586.0,586.0,322.3,263.7,45.0
TXN_002373,2021-12-10,Oct-21,MEERA RASADURAI,JNE3578,JNE3578-KR-XXXL,XXXL,Robe/Jupe,1.0,681.0,681.0,374.55,306.45,45.0
TXN_002393,2021-12-10,Oct-21,MEERA RASADURAI,SET270,SET270-KR-PP-XL,XL,Ensemble,1.0,894.0,894.0,491.7,402.3,45.0
TXN_002391,2021-12-10,Oct-21,MEERA RASADURAI,J0136,J0136-KR-XL,XL,Robe/Jupe,1.0,508.0,508.0,279.4,228.6,45.0
TXN_002375,2021-12-10,Oct-21,MEERA RASADURAI,JNE3577,JNE3577-KR-XXXL,XXXL,Robe/Jupe,1.0,681.0,681.0,374.55,306.45,45.0
TXN_002428,2021-12-10,Oct-21,MEERA RASADURAI,SET217,SET217-KR-PP-XL,XL,Ensemble,1.0,1244.0,1244.0,684.2,559.8,45.0
TXN_002377,2021-12-10,Oct-21,MEERA RASADURAI,JNE3565,JNE3565-KR-XL,XL,Robe/Jupe,1.0,450.0,450.0,247.5,202.5,45.0
TXN_002378,2021-12-10,Oct-21,MEERA RASADURAI,JNE3565,JNE3565-KR-XXXL,XXXL,Robe/Jupe,1.0,450.0,450.0,247.5,202.5,45.0
TXN_002379,2021-12-10,Oct-21,MEERA RASADURAI,JNE3560,JNE3560-KR-XL,XL,Robe/Jupe,1.0,450.0,450.0,247.5,202.5,45.0
TXN_002380,2021-12-10,Oct-21,MEERA RASADURAI,JNE3560,JNE3560-KR-XXXL,XXXL,Robe/Jupe,1.0,450.0,450.0,247.5,202.5,45.0
TXN_002381,2021-12-10,Oct-21,MEERA RASADURAI,JNE3628,JNE3628-KR-XL,XL,Robe/Jupe,1.0,450.0,450.0,247.5,202.5,45.0
TXN_002392,2021-12-10,Oct-21,MEERA RASADURAI,J0136,J0136-KR-XXXL,XXXL,Robe/Jupe,1.0,508.0,508.0,279.4,228.6,45.0
TXN_002382,2021-12-10,Oct-21,MEERA RASADURAI,JNE3628,JNE3628-KR-XXXL,XXXL,Robe/Jupe,1.0,450.0,450.0,247.5,202.5,45.0
TXN_002384,2021-12-10,Oct-21,MEERA RASADURAI,JNE3627,JNE3627-KR-XXXL,XXXL,Robe/Jupe,1.0,450.0,450.0,247.5,202.5,45.0
TXN_002385,2021-12-10,Oct-21,MEERA RASADURAI,JNE3697,JNE3697-KR-XL,XL,Robe/Jupe,1.0,431.0,431.0,237.05,193.95,45.0
TXN_002386,2021-12-10,Oct-21,MEERA RASADURAI,J0198,J0198-TP-XXXL,XXXL,Robe/Jupe,1.0,585.0,585.0,321.75,263.25,45.0
TXN_002387,2021-12-10,Oct-21,MEERA RASADURAI,J0113,J0113-TP-XXXL,XXXL,Robe/Jupe,1.0,508.0,508.0,279.4,228.6,45.0
TXN_002388,2021-12-10,Oct-21,MEERA RASADURAI,J0115,J0115-TP-L,L,Robe/Jupe,1.0,551.0,551.0,303.05,247.95,45.0
TXN_002389,2021-12-10,Oct-21,MEERA RASADURAI,J0115,J0115-TP-XXXL,XXXL,Robe/Jupe,1.0,551.0,551.0,303.05,247.95,45.0
TXN_002390,2021-12-10,Oct-21,MEERA RASADURAI,J0136,J0136-KR-L,L,Robe/Jupe,1.0,508.0,508.0,279.4,228.6,45.0
TXN_002383,2021-12-10,Oct-21,MEERA RASADURAI,JNE3627,JNE3627-KR-XL,XL,Robe/Jupe,1.0,450.0,450.0,247.5,202.5,45.0
TXN_004862,2021-12-10,Oct-21,MEERA RASADURAI,JNE3669,JNE3669-TU-XXXL,XXXL,Robe/Jupe,1.0,450.0,450.0,247.5,202.5,45.0
TXN_004863,2021-12-10,Oct-21,MEERA RASADURAI,JNE3659,JNE3659-TP-L,L,Robe/Jupe,1.0,350.0,350.0,192.5,157.5,45.0
TXN_004864,2021-12-10,Oct-21,MEERA RASADURAI,JNE3659,JNE3659-TP-XL,XL,Robe/Jupe,1.0,350.0,350.0,192.5,157.5,45.0
TXN_004921,2021-12-10,Oct-21,MEERA RASADURAI,MEN5009,MEN5009-KR-XXXL,XXXL,Homme,1.0,549.0,549.0,301.95,247.05,45.0
TXN_004920,2021-12-10,Oct-21,MEERA RASADURAI,MEN5009,MEN5009-KR-XXL,XXL,Homme,1.0,549.0,549.0,301.95,247.05,45.0
TXN_004919,2021-12-10,Oct-21,MEERA RASADURAI,MEN5009,MEN5009-KR-L,L,Homme,1.0,549.0,549.0,301.95,247.05,45.0
TXN_004918,2021-12-10,Oct-21,MEERA RASADURAI,J0102,J0102-SKD-L,L,Robe/Jupe,1.0,1344.0,1344.0,739.2,604.8,45.0
TXN_004917,2021-12-10,Oct-21,MEERA RASADURAI,J0100,J0100-DR-L,L,Robe/Jupe,1.0,1156.0,1156.0,635.8,520.2,45.0
TXN_004916,2021-12-10,Oct-21,MEERA RASADURAI,BTM002,BTM002-XXXL,XXXL,Autre,1.0,315.0,315.0,173.25,141.75,45.0
TXN_004915,2021-12-10,Oct-21,MEERA RASADURAI,BTM002,BTM002-XL,XL,Autre,1.0,315.0,315.0,173.25,141.75,45.0
TXN_004922,2021-12-10,Oct-21,MEERA RASADURAI,MEN5025,MEN5025-KR-XXL,XXL,Homme,1.0,649.0,649.0,356.95,292.05,45.0
TXN_004914,2021-12-10,Oct-21,MEERA RASADURAI,BTM002,BTM002-L,L,Autre,1.0,315.0,315.0,173.25,141.75,45.0
TXN_004912,2021-12-10,Oct-21,MEERA RASADURAI,BTM036,BTM036-PP-XXL,XXL,Autre,1.0,428.0,428.0,235.4,192.6,45.0
TXN_004911,2021-12-10,Oct-21,MEERA RASADURAI,BTM036,BTM036-PP-XL,XL,Autre,1.0,428.0,428.0,235.4,192.6,45.0
TXN_004910,2021-12-10,Oct-21,MEERA RASADURAI,BTM036,BTM036-PP-L,L,Autre,1.0,428.0,428.0,235.4,192.6,45.0
TXN_004909,2021-12-10,Oct-21,MEERA RASADURAI,BTM042,BTM042-PP-XXXL,XXXL,Autre,1.0,428.0,428.0,235.4,192.6,45.0
TXN_004908,2021-12-10,Oct-21,MEERA RASADURAI,BTM042,BTM042-PP-XXL,XXL,Autre,1.0,428.0,428.0,235.4,192.6,45.0
TXN_004907,2021-12-10,Oct-21,MEERA RASADURAI,BTM042,BTM042-PP-XL,XL,Autre,1.0,428.0,428.0,235.4,192.6,45.0
TXN_004906,2021-12-10,Oct-21,MEERA RASADURAI,BTM042,BTM042-PP-L,L,Autre,1.0,428.0,428.0,235.4,192.6,45.0
TXN_004913,2021-12-10,Oct-21,MEERA RASADURAI,BTM036,BTM036-PP-XXXL,XXXL,Autre,1.0,428.0,428.0,235.4,192.6,45.0
TXN_004905,2021-12-10,Oct-21,MEERA RASADURAI,BTM044,BTM044-PP-XXXL,XXXL,Autre,1.0,428.0,428.0,235.4,192.6,45.0
TXN_004923,2021-12-10,Oct-21,MEERA RASADURAI,MEN5025,MEN5025-KR-XXXL,XXXL,Homme,1.0,649.0,649.0,356.95,292.05,45.0
TXN_004925,2021-12-10,Oct-21,MEERA RASADURAI,MEN5002,MEN5002-KR-XXXL,XXXL,Homme,1.0,586.0,586.0,322.3,263.7,45.0
TXN_004941,2021-12-10,Oct-21,MEERA RASADURAI,JNE3695,JNE3695-KR-XL,XL,Robe/Jupe,1.0,431.0,431.0,237.05,193.95,45.0
TXN_004940,2021-12-10,Oct-21,MEERA RASADURAI,JNE3695,JNE3695-KR-M,M,Robe/Jupe,1.0,431.0,431.0,237.05,193.95,45.0
TXN_004939,2021-12-10,Oct-21,MEERA RASADURAI,JNE3762,JNE3762-KR-XXXL,XXXL,Robe/Jupe,1.0,556.0,556.0,305.8,250.2,45.0
TXN_004938,2021-12-10,Oct-21,MEERA RASADURAI,JNE3762,JNE3762-KR-XL,XL,Robe/Jupe,1.0,556.0,556.0,305.8,250.2,45.0
TXN_004937,2021-12-10,Oct-21,MEERA RASADURAI,JNE3762,JNE3762-KR-M,M,Robe/Jupe,1.0,556.0,556.0,305.8,250.2,45.0
TXN_004936,2021-12-10,Oct-21,MEERA RASADURAI,J0041,J0041-SET-M,M,Robe/Jupe,1.0,884.0,884.0,486.2,397.8,45.0
TXN_004935,2021-12-10,Oct-21,MEERA RASADURAI,J0295,J0295-DR-XXXL,XXXL,Robe/Jupe,1.0,741.0,741.0,407.55,333.45,45.0
TXN_004924,2021-12-10,Oct-21,MEERA RASADURAI,MEN5002,MEN5002-KR-XXL,XXL,Homme,1.0,586.0,586.0,322.3,263.7,45.0
TXN_004934,2021-12-10,Oct-21,MEERA RASADURAI,J0295,J0295-DR-L,L,Robe/Jupe,1.0,741.0,741.0,407.55,333.45,45.0
TXN_004932,2021-12-10,Oct-21,MEERA RASADURAI,JNE3664,JNE3664-TP-XL,XL,Robe/Jupe,1.0,531.0,531.0,292.05,238.95,45.0
TXN_004931,2021-12-10,Oct-21,MEERA RASADURAI,JNE3668,JNE3668-TP-L,L,Robe/Jupe,1.0,431.0,431.0,237.05,193.95,45.0
TXN_004930,2021-12-10,Oct-21,MEERA RASADURAI,JNE3668,JNE3668-TP-M,M,Robe/Jupe,1.0,431.0,431.0,237.05,193.95,45.0
TXN_004929,2021-12-10,Oct-21,MEERA RASADURAI,JNE3669,JNE3669-TU-L,L,Robe/Jupe,1.0,450.0,450.0,247.5,202.5,45.0
TXN_004928,2021-12-10,Oct-21,MEERA RASADURAI,JNE3669,JNE3669-TU-M,M,Robe/Jupe,1.0,450.0,450.0,247.5,202.5,45.0
TXN_004927,2021-12-10,Oct-21,MEERA RASADURAI,JNE3708,JNE3708-TU-XL,XL,Robe/Jupe,1.0,656.0,656.0,360.8,295.2,45.0
TXN_004926,2021-12-10,Oct-21,MEERA RASADURAI,JNE3708,JNE3708-TU-L,L,Robe/Jupe,1.0,656.0,656.0,360.8,295.2,45.0
TXN_004933,2021-12-10,Oct-21,MEERA RASADURAI,JNE3664,JNE3664-TP-XXL,XXL,Robe/Jupe,1.0,531.0,531.0,292.05,238.95,45.0
TXN_004904,2021-12-10,Oct-21,MEERA RASADURAI,BTM044,BTM044-PP-XXL,XXL,Autre,1.0,428.0,428.0,235.4,192.6,45.0
TXN_004903,2021-12-10,Oct-21,MEERA RASADURAI,BTM044,BTM044-PP-XL,XL,Autre,1.0,428.0,428.0,235.4,192.6,45.0
TXN_004902,2021-12-10,Oct-21,MEERA RASADURAI,BTM044,BTM044-PP-L,L,Autre,1.0,428.0,428.0,235.4,192.6,45.0
TXN_004880,2021-12-10,Oct-21,MEERA RASADURAI,SET251,SET251-KR-PP-L,L,Ensemble,1.0,825.0,825.0,453.75,371.25,45.0
TXN_004879,2021-12-10,Oct-21,MEERA RASADURAI,JNE3474,JNE3474-KR-L,L,Robe/Jupe,1.0,556.0,556.0,305.8,250.2,45.0
TXN_004878,2021-12-10,Oct-21,MEERA RASADURAI,SET221,SET221-KR-NP-XL,XL,Ensemble,1.0,1156.0,1156.0,635.8,520.2,45.0
TXN_004877,2021-12-10,Oct-21,MEERA RASADURAI,SET221,SET221-KR-NP-M,M,Ensemble,1.0,1156.0,1156.0,635.8,520.2,45.0
TXN_004876,2021-12-10,Oct-21,MEERA RASADURAI,SET182,SET182-KR-DH-XXXL,XXXL,Ensemble,1.0,806.0,806.0,443.3,362.7,45.0
TXN_004875,2021-12-10,Oct-21,MEERA RASADURAI,SET182,SET182-KR-DH-M,M,Ensemble,1.0,806.0,806.0,443.3,362.7,45.0
TXN_004874,2021-12-10,Oct-21,MEERA RASADURAI,JNE3672,JNE3672-TU-XL,XL,Robe/Jupe,1.0,513.0,513.0,282.15,230.85,45.0
TXN_004881,2021-12-10,Oct-21,MEERA RASADURAI,SET217,SET217-KR-PP-M,M,Ensemble,1.0,1244.0,1244.0,684.2,559.8,45.0
TXN_004873,2021-12-10,Oct-21,MEERA RASADURAI,JNE3701,JNE3701-KR-XXXL,XXXL,Robe/Jupe,1.0,431.0,431.0,237.05,193.95,45.0
TXN_004871,2021-12-10,Oct-21,MEERA RASADURAI,J0041,J0041-SET-XXXL,XXXL,Robe/Jupe,1.0,884.0,884.0,486.2,397.8,45.0
TXN_004870,2021-12-10,Oct-21,MEERA RASADURAI,J0041,J0041-SET-XL,XL,Robe/Jupe,1.0,884.0,884.0,486.2,397.8,45.0
TXN_004869,2021-12-10,Oct-21,MEERA RASADURAI,MEN5017,MEN5017-KR-XXXL,XXXL,Homme,1.0,661.0,661.0,363.55,297.45,45.0
TXN_004868,2021-12-10,Oct-21,MEERA RASADURAI,MEN5017,MEN5017-KR-XXL,XXL,Homme,1.0,661.0,661.0,363.55,297.45,45.0
TXN_004867,2021-12-10,Oct-21,MEERA RASADURAI,MEN5017,MEN5017-KR-XL,XL,Homme,1.0,661.0,661.0,363.55,297.45,45.0
TXN_004866,2021-12-10,Oct-21,MEERA RASADURAI,JNE3648,JNE3648-TP-XL,XL,Robe/Jupe,1.0,431.0,431.0,237.05,193.95,45.0
TXN_004865,2021-12-10,Oct-21,MEERA RASADURAI,JNE3648,JNE3648-TP-L,L,Robe/Jupe,1.0,431.0,431.0,237.05,193.95,45.0
TXN_004872,2021-12-10,Oct-21,MEERA RASADURAI,JNE3701,JNE3701-KR-XL,XL,Robe/Jupe,1.0,431.0,431.0,237.05,193.95,45.0
TXN_004882,2021-12-10,Oct-21,MEERA RASADURAI,SET217,SET217-KR-PP-XL,XL,Ensemble,1.0,1244.0,1244.0,684.2,559.8,45.0
TXN_004883,2021-12-10,Oct-21,MEERA RASADURAI,SET043,SET043-KR-NP-M,M,Ensemble,1.0,1181.0,1181.0,649.55,531.45,45.0
TXN_004884,2021-12-10,Oct-21,MEERA RASADURAI,SET043,SET043-KR-NP-XL,XL,Ensemble,1.0,1181.0,1181.0,649.55,531.45,45.0
TXN_004901,2021-12-10,Oct-21,MEERA RASADURAI,BTM031,BTM031-NP-XXXL,XXXL,Autre,1.0,315.0,315.0,173.25,141.75,45.0
TXN_004900,2021-12-10,Oct-21,MEERA RASADURAI,BTM031,BTM031-NP-L,L,Autre,1.0,315.0,315.0,173.25,141.75,45.0
TXN_004899,2021-12-10,Oct-21,MEERA RASADURAI,BTM046,BTM046-PP-XXXL,XXXL,Autre,1.0,428.0,428.0,235.4,192.6,45.0
TXN_004898,2021-12-10,Oct-21,MEERA RASADURAI,BTM046,BTM046-PP-L,L,Autre,1.0,428.0,428.0,235.4,192.6,45.0
TXN_004897,2021-12-10,Oct-21,MEERA RASADURAI,BTM047,BTM047-PP-XXXL,XXXL,Autre,1.0,428.0,428.0,235.4,192.6,45.0
TXN_004896,2021-12-10,Oct-21,MEERA RASADURAI,BTM047,BTM047-PP-XXL,XXL,Autre,1.0,428.0,428.0,235.4,192.6,45.0
TXN_004895,2021-12-10,Oct-21,MEERA RASADURAI,BTM047,BTM047-PP-XL,XL,Autre,1.0,428.0,428.0,235.4,192.6,45.0
TXN_004894,2021-12-10,Oct-21,MEERA RASADURAI,BTM047,BTM047-PP-L,L,Autre,1.0,428.0,428.0,235.4,192.6,45.0
TXN_004893,2021-12-10,Oct-21,MEERA RASADURAI,BTM048,BTM048-PP-XXXL,XXXL,Autre,1.0,428.0,428.0,235.4,192.6,45.0
TXN_004892,2021-12-10,Oct-21,MEERA RASADURAI,BTM048,BTM048-PP-XXL,XXL,Autre,1.0,428.0,428.0,235.4,192.6,45.0
TXN_004891,2021-12-10,Oct-21,MEERA RASADURAI,BTM048,BTM048-PP-XL,XL,Autre,1.0,428.0,428.0,235.4,192.6,45.0
TXN_004890,2021-12-10,Oct-21,MEERA RASADURAI,JNE3641,JNE3641-TP-L,L,Robe/Jupe,1.0,431.0,431.0,237.05,193.95,45.0
TXN_004889,2021-12-10,Oct-21,MEERA RASADURAI,JNE3641,JNE3641-TP-M,M,Robe/Jupe,1.0,431.0,431.0,237.05,193.95,45.0
TXN_004888,2021-12-10,Oct-21,MEERA RASADURAI,JNE3619,JNE3619-KR-XL,XL,Robe/Jupe,1.0,528.0,528.0,290.4,237.6,45.0
TXN_004887,2021-12-10,Oct-21,MEERA RASADURAI,JNE3619,JNE3619-KR-M,M,Robe/Jupe,1.0,528.0,528.0,290.4,237.6,45.0
TXN_004886,2021-12-10,Oct-21,MEERA RASADURAI,BTM032,BTM032-NP-XXXL,XXXL,Autre,1.0,315.0,315.0,173.25,141.75,45.0
TXN_004885,2021-12-10,Oct-21,MEERA RASADURAI,BTM032,BTM032-NP-XL,XL,Autre,1.0,315.0,315.0,173.25,141.75,45.0
TXN_002411,2021-12-10,Oct-21,MEERA RASADURAI,JNE3648,JNE3648-TP-L,L,Robe/Jupe,1.0,431.0,431.0,237.05,193.95,45.0
TXN_002412,2021-12-10,Oct-21,MEERA RASADURAI,JNE3648,JNE3648-TP-XL,XL,Robe/Jupe,1.0,431.0,431.0,237.05,193.95,45.0
TXN_002427,2021-12-10,Oct-21,MEERA RASADURAI,SET217,SET217-KR-PP-M,M,Ensemble,1.0,1244.0,1244.0,684.2,559.8,45.0
TXN_002423,2021-12-10,Oct-21,MEERA RASADURAI,SET221,SET221-KR-NP-M,M,Ensemble,1.0,1156.0,1156.0,635.8,520.2,45.0
TXN_002415,2021-12-10,Oct-21,MEERA RASADURAI,MEN5017,MEN5017-KR-XXXL,XXXL,Homme,1.0,661.0,661.0,363.55,297.45,45.0
TXN_002416,2021-12-10,Oct-21,MEERA RASADURAI,J0041,J0041-SET-XL,XL,Robe/Jupe,1.0,884.0,884.0,486.2,397.8,45.0
TXN_002417,2021-12-10,Oct-21,MEERA RASADURAI,J0041,J0041-SET-XXXL,XXXL,Robe/Jupe,1.0,884.0,884.0,486.2,397.8,45.0
TXN_002418,2021-12-10,Oct-21,MEERA RASADURAI,JNE3701,JNE3701-KR-XL,XL,Robe/Jupe,1.0,431.0,431.0,237.05,193.95,45.0
TXN_002419,2021-12-10,Oct-21,MEERA RASADURAI,JNE3701,JNE3701-KR-XXXL,XXXL,Robe/Jupe,1.0,431.0,431.0,237.05,193.95,45.0
TXN_002420,2021-12-10,Oct-21,MEERA RASADURAI,JNE3672,JNE3672-TU-XL,XL,Robe/Jupe,1.0,513.0,513.0,282.15,230.85,45.0
TXN_002421,2021-12-10,Oct-21,MEERA RASADURAI,SET182,SET182-KR-DH-M,M,Ensemble,1.0,806.0,806.0,443.3,362.7,45.0
TXN_002422,2021-12-10,Oct-21,MEERA RASADURAI,SET182,SET182-KR-DH-XXXL,XXXL,Ensemble,1.0,806.0,806.0,443.3,362.7,45.0
TXN_002424,2021-12-10,Oct-21,MEERA RASADURAI,SET221,SET221-KR-NP-XL,XL,Ensemble,1.0,1156.0,1156.0,635.8,520.2,45.0
TXN_002425,2021-12-10,Oct-21,MEERA RASADURAI,JNE3474,JNE3474-KR-L,L,Robe/Jupe,1.0,556.0,556.0,305.8,250.2,45.0
TXN_002414,2021-12-10,Oct-21,MEERA RASADURAI,MEN5017,MEN5017-KR-XXL,XXL,Homme,1.0,661.0,661.0,363.55,297.45,45.0
TXN_002749,2021-12-11,Nov-21,VISHA DEVAN,JNE3563,JNE3563-KR-XXXL,XXXL,Robe/Jupe,1.0,687.5,688.0,378.13,309.87,45.04
TXN_002750,2021-12-11,Nov-21,VISHA DEVAN,JNE3510,JNE3510-KR-L,L,Robe/Jupe,1.0,625.0,625.0,343.75,281.25,45.0
TXN_002700,2021-12-11,Nov-21,VISHA DEVAN,PJNE3440,PJNE3440-KR-5XL,5XL,Autre,1.0,537.5,538.0,295.62,242.38,45.05
TXN_002752,2021-12-11,Nov-21,VISHA DEVAN,BTM038,BTM038-PP-M,M,Autre,2.0,438.75,878.0,482.63,395.37,45.03
TXN_002753,2021-12-11,Nov-21,VISHA DEVAN,BTM038,BTM038-PP-L,L,Autre,2.0,438.75,878.0,482.63,395.37,45.03
TXN_002748,2021-12-11,Nov-21,VISHA DEVAN,JNE3563,JNE3563-KR-XL,XL,Robe/Jupe,1.0,687.5,688.0,378.13,309.87,45.04
TXN_002751,2021-12-11,Nov-21,VISHA DEVAN,JNE3510,JNE3510-KR-XL,XL,Robe/Jupe,1.0,625.0,625.0,343.75,281.25,45.0
TXN_002747,2021-12-11,Nov-21,VISHA DEVAN,JNE3563,JNE3563-KR-L,L,Robe/Jupe,1.0,687.5,688.0,378.13,309.87,45.04
TXN_002742,2021-12-11,Nov-21,VISHA DEVAN,J0161,J0161-DR-M,M,Robe/Jupe,2.0,650.0,1300.0,715.0,585.0,45.0
TXN_002745,2021-12-11,Nov-21,VISHA DEVAN,J0161,J0161-DR-XXXL,XXXL,Robe/Jupe,3.0,650.0,1950.0,1072.5,877.5,45.0
TXN_002744,2021-12-11,Nov-21,VISHA DEVAN,J0161,J0161-DR-XL,XL,Robe/Jupe,2.0,650.0,1300.0,715.0,585.0,45.0
TXN_002743,2021-12-11,Nov-21,VISHA DEVAN,J0161,J0161-DR-L,L,Robe/Jupe,2.0,650.0,1300.0,715.0,585.0,45.0
TXN_002754,2021-12-11,Nov-21,VISHA DEVAN,BTM038,BTM038-PP-XL,XL,Autre,2.0,438.75,878.0,482.63,395.37,45.03
TXN_002741,2021-12-11,Nov-21,VISHA DEVAN,J0252,J0252-SKD-XXXL,XXXL,Robe/Jupe,1.0,1037.5,1038.0,570.62,467.38,45.03
TXN_002740,2021-12-11,Nov-21,VISHA DEVAN,J0252,J0252-SKD-XL,XL,Robe/Jupe,1.0,1037.5,1038.0,570.62,467.38,45.03
TXN_002746,2021-12-11,Nov-21,VISHA DEVAN,JNE3563,JNE3563-KR-M,M,Robe/Jupe,1.0,687.5,688.0,378.13,309.87,45.04
TXN_002755,2021-12-11,Nov-21,VISHA DEVAN,BTM038,BTM038-PP-XXXL,XXXL,Autre,2.0,438.75,878.0,482.63,395.37,45.03
TXN_002762,2021-12-11,Nov-21,VISHA DEVAN,BTM039,BTM039-PP-M,M,Autre,2.0,438.75,878.0,482.63,395.37,45.03
TXN_002757,2021-12-11,Nov-21,VISHA DEVAN,BTM048,BTM048-PP-XXXL,XXXL,Autre,2.0,438.75,878.0,482.63,395.37,45.03
TXN_002772,2021-12-11,Nov-21,VISHA DEVAN,J0085,J0085-TP-XL,XL,Robe/Jupe,1.0,355.56,356.0,195.56,160.44,45.07
TXN_002771,2021-12-11,Nov-21,VISHA DEVAN,J0087,J0087-TP-XL,XL,Robe/Jupe,1.0,355.56,356.0,195.56,160.44,45.07
TXN_002770,2021-12-11,Nov-21,VISHA DEVAN,J0087,J0087-TP-M,M,Robe/Jupe,1.0,355.56,356.0,195.56,160.44,45.07
TXN_002769,2021-12-11,Nov-21,VISHA DEVAN,J0089,J0089-TP-XL,XL,Robe/Jupe,1.0,355.56,356.0,195.56,160.44,45.07
TXN_002768,2021-12-11,Nov-21,VISHA DEVAN,J0091,J0091-TP-XL,XL,Robe/Jupe,1.0,305.56,306.0,168.06,137.94,45.08
TXN_002767,2021-12-11,Nov-21,VISHA DEVAN,J0091,J0091-TP-L,L,Robe/Jupe,1.0,305.56,306.0,168.06,137.94,45.08
TXN_002766,2021-12-11,Nov-21,VISHA DEVAN,BTM037,BTM037-PP-XXXL,XXXL,Autre,2.0,438.75,878.0,482.63,395.37,45.03
TXN_002765,2021-12-11,Nov-21,VISHA DEVAN,BTM037,BTM037-PP-L,L,Autre,2.0,438.75,878.0,482.63,395.37,45.03
TXN_002764,2021-12-11,Nov-21,VISHA DEVAN,BTM039,BTM039-PP-XL,XL,Autre,2.0,438.75,878.0,482.63,395.37,45.03
TXN_002763,2021-12-11,Nov-21,VISHA DEVAN,BTM039,BTM039-PP-L,L,Autre,2.0,438.75,878.0,482.63,395.37,45.03
TXN_002739,2021-12-11,Nov-21,VISHA DEVAN,J0252,J0252-SKD-L,L,Robe/Jupe,1.0,1037.5,1038.0,570.62,467.38,45.03
TXN_002761,2021-12-11,Nov-21,VISHA DEVAN,BTM042,BTM042-PP-XXXL,XXXL,Autre,2.0,438.75,878.0,482.63,395.37,45.03
TXN_002760,2021-12-11,Nov-21,VISHA DEVAN,BTM042,BTM042-PP-XL,XL,Autre,2.0,438.75,878.0,482.63,395.37,45.03
TXN_002759,2021-12-11,Nov-21,VISHA DEVAN,BTM042,BTM042-PP-L,L,Autre,2.0,438.75,878.0,482.63,395.37,45.03
TXN_002758,2021-12-11,Nov-21,VISHA DEVAN,BTM042,BTM042-PP-M,M,Autre,2.0,438.75,878.0,482.63,395.37,45.03
TXN_002756,2021-12-11,Nov-21,VISHA DEVAN,BTM048,BTM048-PP-XL,XL,Autre,2.0,438.75,878.0,482.63,395.37,45.03
TXN_002738,2021-12-11,Nov-21,VISHA DEVAN,JNE3645,JNE3645-TP-XL,XL,Robe/Jupe,1.0,350.0,350.0,192.5,157.5,45.0
TXN_002732,2021-12-11,Nov-21,VISHA DEVAN,JNE3648,JNE3648-TP-S,S,Robe/Jupe,2.0,425.0,850.0,467.5,382.5,45.0
TXN_002736,2021-12-11,Nov-21,VISHA DEVAN,JNE3645,JNE3645-TP-S,S,Robe/Jupe,1.0,350.0,350.0,192.5,157.5,45.0
TXN_002716,2021-12-11,Nov-21,VISHA DEVAN,JNE3670,JNE3670-TU-M,M,Robe/Jupe,2.0,537.5,1075.0,591.25,483.75,45.0
TXN_002715,2021-12-11,Nov-21,VISHA DEVAN,JNE3688,JNE3688-TU-XXXL,XXXL,Robe/Jupe,1.0,500.0,500.0,275.0,225.0,45.0
TXN_002714,2021-12-11,Nov-21,VISHA DEVAN,JNE3688,JNE3688-TU-XL,XL,Robe/Jupe,1.0,500.0,500.0,275.0,225.0,45.0
TXN_002713,2021-12-11,Nov-21,VISHA DEVAN,JNE3688,JNE3688-TU-L,L,Robe/Jupe,1.0,500.0,500.0,275.0,225.0,45.0
TXN_002712,2021-12-11,Nov-21,VISHA DEVAN,JNE3688,JNE3688-TU-M,M,Robe/Jupe,1.0,500.0,500.0,275.0,225.0,45.0
TXN_002711,2021-12-11,Nov-21,VISHA DEVAN,J0176,J0176-TP-XXXL,XXXL,Robe/Jupe,2.0,500.0,1000.0,550.0,450.0,45.0
TXN_002710,2021-12-11,Nov-21,VISHA DEVAN,J0176,J0176-TP-XL,XL,Robe/Jupe,2.0,500.0,1000.0,550.0,450.0,45.0
TXN_002709,2021-12-11,Nov-21,VISHA DEVAN,J0176,J0176-TP-L,L,Robe/Jupe,3.0,500.0,1500.0,825.0,675.0,45.0
TXN_002708,2021-12-11,Nov-21,VISHA DEVAN,J0176,J0176-TP-M,M,Robe/Jupe,2.0,500.0,1000.0,550.0,450.0,45.0
TXN_002707,2021-12-11,Nov-21,VISHA DEVAN,JNE3769,JNE3769-KR-XXXL,XXXL,Robe/Jupe,1.0,550.0,550.0,302.5,247.5,45.0
TXN_002706,2021-12-11,Nov-21,VISHA DEVAN,JNE3769,JNE3769-KR-XL,XL,Robe/Jupe,1.0,550.0,550.0,302.5,247.5,45.0
TXN_002705,2021-12-11,Nov-21,VISHA DEVAN,JNE3769,JNE3769-KR-L,L,Robe/Jupe,1.0,550.0,550.0,302.5,247.5,45.0
TXN_002704,2021-12-11,Nov-21,VISHA DEVAN,JNE3769,JNE3769-KR-M,M,Robe/Jupe,1.0,550.0,550.0,302.5,247.5,45.0
TXN_002703,2021-12-11,Nov-21,VISHA DEVAN,PJ0096,PJ0096-KR-6XL,6XL,Autre,1.0,687.5,688.0,378.13,309.87,45.04
TXN_002702,2021-12-11,Nov-21,VISHA DEVAN,PJ0096,PJ0096-KR-5XL,5XL,Autre,1.0,687.5,688.0,378.13,309.87,45.04
TXN_002717,2021-12-11,Nov-21,VISHA DEVAN,JNE3670,JNE3670-TU-L,L,Robe/Jupe,3.0,537.5,1612.0,886.88,725.12,44.98
TXN_002737,2021-12-11,Nov-21,VISHA DEVAN,JNE3645,JNE3645-TP-L,L,Robe/Jupe,1.0,350.0,350.0,192.5,157.5,45.0
TXN_002718,2021-12-11,Nov-21,VISHA DEVAN,JNE3670,JNE3670-TU-XL,XL,Robe/Jupe,2.0,537.5,1075.0,591.25,483.75,45.0
TXN_002720,2021-12-11,Nov-21,VISHA DEVAN,JNE3669,JNE3669-TU-M,M,Robe/Jupe,2.0,562.5,1125.0,618.75,506.25,45.0
TXN_002735,2021-12-11,Nov-21,VISHA DEVAN,JNE3648,JNE3648-TP-XL,XL,Robe/Jupe,1.0,425.0,425.0,233.75,191.25,45.0
TXN_002734,2021-12-11,Nov-21,VISHA DEVAN,JNE3648,JNE3648-TP-L,L,Robe/Jupe,3.0,425.0,1275.0,701.25,573.75,45.0
TXN_002733,2021-12-11,Nov-21,VISHA DEVAN,JNE3648,JNE3648-TP-M,M,Robe/Jupe,3.0,425.0,1275.0,701.25,573.75,45.0
TXN_002773,2021-12-11,Nov-21,VISHA DEVAN,J0278,J0278-SET-M,M,Robe/Jupe,1.0,977.78,978.0,537.78,440.22,45.01
TXN_002731,2021-12-11,Nov-21,VISHA DEVAN,J0086,J0086-DR-XXXL,XXXL,Robe/Jupe,3.0,737.5,2212.0,1216.88,995.12,44.99
TXN_002730,2021-12-11,Nov-21,VISHA DEVAN,J0086,J0086-DR-XL,XL,Robe/Jupe,2.0,737.5,1475.0,811.25,663.75,45.0
TXN_002729,2021-12-11,Nov-21,VISHA DEVAN,J0086,J0086-DR-L,L,Robe/Jupe,2.0,737.5,1475.0,811.25,663.75,45.0
TXN_002728,2021-12-11,Nov-21,VISHA DEVAN,J0086,J0086-DR-M,M,Robe/Jupe,2.0,737.5,1475.0,811.25,663.75,45.0
TXN_002727,2021-12-11,Nov-21,VISHA DEVAN,JNE3713,JNE3713-TP-XL,XL,Robe/Jupe,1.0,425.0,425.0,233.75,191.25,45.0
TXN_002726,2021-12-11,Nov-21,VISHA DEVAN,JNE3713,JNE3713-TP-L,L,Robe/Jupe,3.0,425.0,1275.0,701.25,573.75,45.0
TXN_002725,2021-12-11,Nov-21,VISHA DEVAN,JNE3713,JNE3713-TP-M,M,Robe/Jupe,3.0,425.0,1275.0,701.25,573.75,45.0
TXN_002724,2021-12-11,Nov-21,VISHA DEVAN,JNE3713,JNE3713-TP-S,S,Robe/Jupe,2.0,425.0,850.0,467.5,382.5,45.0
TXN_002723,2021-12-11,Nov-21,VISHA DEVAN,JNE3669,JNE3669-TU-XXXL,XXXL,Robe/Jupe,2.0,562.5,1125.0,618.75,506.25,45.0
TXN_002722,2021-12-11,Nov-21,VISHA DEVAN,JNE3669,JNE3669-TU-XL,XL,Robe/Jupe,2.0,562.5,1125.0,618.75,506.25,45.0
TXN_002721,2021-12-11,Nov-21,VISHA DEVAN,JNE3669,JNE3669-TU-L,L,Robe/Jupe,2.0,562.5,1125.0,618.75,506.25,45.0
TXN_002719,2021-12-11,Nov-21,VISHA DEVAN,JNE3670,JNE3670-TU-XXXL,XXXL,Robe/Jupe,2.0,537.5,1075.0,591.25,483.75,45.0
TXN_002774,2021-12-11,Nov-21,VISHA DEVAN,J0278,J0278-SET-XL,XL,Robe/Jupe,1.0,977.78,978.0,537.78,440.22,45.01
TXN_005160,2021-12-11,Nov-21,VISHA DEVAN,JNE3769,JNE3769-KR-XL,XL,Robe/Jupe,1.0,550.0,550.0,302.5,247.5,45.0
TXN_005155,2021-12-11,Nov-21,VISHA DEVAN,PJNE3440,PJNE3440-KR-6XL,6XL,Autre,1.0,537.5,538.0,295.62,242.38,45.05
TXN_005209,2021-12-11,Nov-21,VISHA DEVAN,BTM038,BTM038-PP-XXXL,XXXL,Autre,2.0,438.75,878.0,482.63,395.37,45.03
TXN_005208,2021-12-11,Nov-21,VISHA DEVAN,BTM038,BTM038-PP-XL,XL,Autre,2.0,438.75,878.0,482.63,395.37,45.03
TXN_005207,2021-12-11,Nov-21,VISHA DEVAN,BTM038,BTM038-PP-L,L,Autre,2.0,438.75,878.0,482.63,395.37,45.03
TXN_005206,2021-12-11,Nov-21,VISHA DEVAN,BTM038,BTM038-PP-M,M,Autre,2.0,438.75,878.0,482.63,395.37,45.03
TXN_005205,2021-12-11,Nov-21,VISHA DEVAN,JNE3510,JNE3510-KR-XL,XL,Robe/Jupe,1.0,625.0,625.0,343.75,281.25,45.0
TXN_005204,2021-12-11,Nov-21,VISHA DEVAN,JNE3510,JNE3510-KR-L,L,Robe/Jupe,1.0,625.0,625.0,343.75,281.25,45.0
TXN_005203,2021-12-11,Nov-21,VISHA DEVAN,JNE3563,JNE3563-KR-XXXL,XXXL,Robe/Jupe,1.0,687.5,688.0,378.13,309.87,45.04
TXN_005202,2021-12-11,Nov-21,VISHA DEVAN,JNE3563,JNE3563-KR-XL,XL,Robe/Jupe,1.0,687.5,688.0,378.13,309.87,45.04
TXN_005201,2021-12-11,Nov-21,VISHA DEVAN,JNE3563,JNE3563-KR-L,L,Robe/Jupe,1.0,687.5,688.0,378.13,309.87,45.04
TXN_005200,2021-12-11,Nov-21,VISHA DEVAN,JNE3563,JNE3563-KR-M,M,Robe/Jupe,1.0,687.5,688.0,378.13,309.87,45.04
TXN_005199,2021-12-11,Nov-21,VISHA DEVAN,J0161,J0161-DR-XXXL,XXXL,Robe/Jupe,3.0,650.0,1950.0,1072.5,877.5,45.0
TXN_005198,2021-12-11,Nov-21,VISHA DEVAN,J0161,J0161-DR-XL,XL,Robe/Jupe,2.0,650.0,1300.0,715.0,585.0,45.0
TXN_005197,2021-12-11,Nov-21,VISHA DEVAN,J0161,J0161-DR-L,L,Robe/Jupe,2.0,650.0,1300.0,715.0,585.0,45.0
TXN_005196,2021-12-11,Nov-21,VISHA DEVAN,J0161,J0161-DR-M,M,Robe/Jupe,2.0,650.0,1300.0,715.0,585.0,45.0
TXN_005195,2021-12-11,Nov-21,VISHA DEVAN,J0252,J0252-SKD-XXXL,XXXL,Robe/Jupe,1.0,1037.5,1038.0,570.62,467.38,45.03
TXN_005210,2021-12-11,Nov-21,VISHA DEVAN,BTM048,BTM048-PP-XL,XL,Autre,2.0,438.75,878.0,482.63,395.37,45.03
TXN_005194,2021-12-11,Nov-21,VISHA DEVAN,J0252,J0252-SKD-XL,XL,Robe/Jupe,1.0,1037.5,1038.0,570.62,467.38,45.03
TXN_005211,2021-12-11,Nov-21,VISHA DEVAN,BTM048,BTM048-PP-XXXL,XXXL,Autre,2.0,438.75,878.0,482.63,395.37,45.03
TXN_005213,2021-12-11,Nov-21,VISHA DEVAN,BTM042,BTM042-PP-L,L,Autre,2.0,438.75,878.0,482.63,395.37,45.03
TXN_005228,2021-12-11,Nov-21,VISHA DEVAN,J0278,J0278-SET-XL,XL,Robe/Jupe,1.0,977.78,978.0,537.78,440.22,45.01
TXN_005227,2021-12-11,Nov-21,VISHA DEVAN,J0278,J0278-SET-M,M,Robe/Jupe,1.0,977.78,978.0,537.78,440.22,45.01
TXN_005226,2021-12-11,Nov-21,VISHA DEVAN,J0085,J0085-TP-XL,XL,Robe/Jupe,1.0,355.56,356.0,195.56,160.44,45.07
TXN_005225,2021-12-11,Nov-21,VISHA DEVAN,J0087,J0087-TP-XL,XL,Robe/Jupe,1.0,355.56,356.0,195.56,160.44,45.07
TXN_005224,2021-12-11,Nov-21,VISHA DEVAN,J0087,J0087-TP-M,M,Robe/Jupe,1.0,355.56,356.0,195.56,160.44,45.07
TXN_005223,2021-12-11,Nov-21,VISHA DEVAN,J0089,J0089-TP-XL,XL,Robe/Jupe,1.0,355.56,356.0,195.56,160.44,45.07
TXN_005222,2021-12-11,Nov-21,VISHA DEVAN,J0091,J0091-TP-XL,XL,Robe/Jupe,1.0,305.56,306.0,168.06,137.94,45.08
TXN_005221,2021-12-11,Nov-21,VISHA DEVAN,J0091,J0091-TP-L,L,Robe/Jupe,1.0,305.56,306.0,168.06,137.94,45.08
TXN_005220,2021-12-11,Nov-21,VISHA DEVAN,BTM037,BTM037-PP-XXXL,XXXL,Autre,2.0,438.75,878.0,482.63,395.37,45.03
TXN_005219,2021-12-11,Nov-21,VISHA DEVAN,BTM037,BTM037-PP-L,L,Autre,2.0,438.75,878.0,482.63,395.37,45.03
TXN_005218,2021-12-11,Nov-21,VISHA DEVAN,BTM039,BTM039-PP-XL,XL,Autre,2.0,438.75,878.0,482.63,395.37,45.03
TXN_005217,2021-12-11,Nov-21,VISHA DEVAN,BTM039,BTM039-PP-L,L,Autre,2.0,438.75,878.0,482.63,395.37,45.03
TXN_005216,2021-12-11,Nov-21,VISHA DEVAN,BTM039,BTM039-PP-M,M,Autre,2.0,438.75,878.0,482.63,395.37,45.03
TXN_005215,2021-12-11,Nov-21,VISHA DEVAN,BTM042,BTM042-PP-XXXL,XXXL,Autre,2.0,438.75,878.0,482.63,395.37,45.03
TXN_005214,2021-12-11,Nov-21,VISHA DEVAN,BTM042,BTM042-PP-XL,XL,Autre,2.0,438.75,878.0,482.63,395.37,45.03
TXN_005212,2021-12-11,Nov-21,VISHA DEVAN,BTM042,BTM042-PP-M,M,Autre,2.0,438.75,878.0,482.63,395.37,45.03
TXN_005154,2021-12-11,Nov-21,VISHA DEVAN,PJNE3440,PJNE3440-KR-5XL,5XL,Autre,1.0,537.5,538.0,295.62,242.38,45.05
TXN_005193,2021-12-11,Nov-21,VISHA DEVAN,J0252,J0252-SKD-L,L,Robe/Jupe,1.0,1037.5,1038.0,570.62,467.38,45.03
TXN_005191,2021-12-11,Nov-21,VISHA DEVAN,JNE3645,JNE3645-TP-L,L,Robe/Jupe,1.0,350.0,350.0,192.5,157.5,45.0
TXN_005171,2021-12-11,Nov-21,VISHA DEVAN,JNE3670,JNE3670-TU-L,L,Robe/Jupe,3.0,537.5,1612.0,886.88,725.12,44.98
TXN_005170,2021-12-11,Nov-21,VISHA DEVAN,JNE3670,JNE3670-TU-M,M,Robe/Jupe,2.0,537.5,1075.0,591.25,483.75,45.0
TXN_005169,2021-12-11,Nov-21,VISHA DEVAN,JNE3688,JNE3688-TU-XXXL,XXXL,Robe/Jupe,1.0,500.0,500.0,275.0,225.0,45.0
TXN_005168,2021-12-11,Nov-21,VISHA DEVAN,JNE3688,JNE3688-TU-XL,XL,Robe/Jupe,1.0,500.0,500.0,275.0,225.0,45.0
TXN_005167,2021-12-11,Nov-21,VISHA DEVAN,JNE3688,JNE3688-TU-L,L,Robe/Jupe,1.0,500.0,500.0,275.0,225.0,45.0
TXN_005166,2021-12-11,Nov-21,VISHA DEVAN,JNE3688,JNE3688-TU-M,M,Robe/Jupe,1.0,500.0,500.0,275.0,225.0,45.0
TXN_005165,2021-12-11,Nov-21,VISHA DEVAN,J0176,J0176-TP-XXXL,XXXL,Robe/Jupe,2.0,500.0,1000.0,550.0,450.0,45.0
TXN_005164,2021-12-11,Nov-21,VISHA DEVAN,J0176,J0176-TP-XL,XL,Robe/Jupe,2.0,500.0,1000.0,550.0,450.0,45.0
TXN_005163,2021-12-11,Nov-21,VISHA DEVAN,J0176,J0176-TP-L,L,Robe/Jupe,3.0,500.0,1500.0,825.0,675.0,45.0
TXN_005162,2021-12-11,Nov-21,VISHA DEVAN,J0176,J0176-TP-M,M,Robe/Jupe,2.0,500.0,1000.0,550.0,450.0,45.0
TXN_005161,2021-12-11,Nov-21,VISHA DEVAN,JNE3769,JNE3769-KR-XXXL,XXXL,Robe/Jupe,1.0,550.0,550.0,302.5,247.5,45.0
TXN_005159,2021-12-11,Nov-21,VISHA DEVAN,JNE3769,JNE3769-KR-L,L,Robe/Jupe,1.0,550.0,550.0,302.5,247.5,45.0
TXN_005158,2021-12-11,Nov-21,VISHA DEVAN,JNE3769,JNE3769-KR-M,M,Robe/Jupe,1.0,550.0,550.0,302.5,247.5,45.0
TXN_005157,2021-12-11,Nov-21,VISHA DEVAN,PJ0096,PJ0096-KR-6XL,6XL,Autre,1.0,687.5,688.0,378.13,309.87,45.04
TXN_005156,2021-12-11,Nov-21,VISHA DEVAN,PJ0096,PJ0096-KR-5XL,5XL,Autre,1.0,687.5,688.0,378.13,309.87,45.04
TXN_005172,2021-12-11,Nov-21,VISHA DEVAN,JNE3670,JNE3670-TU-XL,XL,Robe/Jupe,2.0,537.5,1075.0,591.25,483.75,45.0
TXN_005192,2021-12-11,Nov-21,VISHA DEVAN,JNE3645,JNE3645-TP-XL,XL,Robe/Jupe,1.0,350.0,350.0,192.5,157.5,45.0
TXN_005173,2021-12-11,Nov-21,VISHA DEVAN,JNE3670,JNE3670-TU-XXXL,XXXL,Robe/Jupe,2.0,537.5,1075.0,591.25,483.75,45.0
TXN_005175,2021-12-11,Nov-21,VISHA DEVAN,JNE3669,JNE3669-TU-L,L,Robe/Jupe,2.0,562.5,1125.0,618.75,506.25,45.0
TXN_005190,2021-12-11,Nov-21,VISHA DEVAN,JNE3645,JNE3645-TP-S,S,Robe/Jupe,1.0,350.0,350.0,192.5,157.5,45.0
TXN_005189,2021-12-11,Nov-21,VISHA DEVAN,JNE3648,JNE3648-TP-XL,XL,Robe/Jupe,1.0,425.0,425.0,233.75,191.25,45.0
TXN_005188,2021-12-11,Nov-21,VISHA DEVAN,JNE3648,JNE3648-TP-L,L,Robe/Jupe,3.0,425.0,1275.0,701.25,573.75,45.0
TXN_005187,2021-12-11,Nov-21,VISHA DEVAN,JNE3648,JNE3648-TP-M,M,Robe/Jupe,3.0,425.0,1275.0,701.25,573.75,45.0
TXN_005186,2021-12-11,Nov-21,VISHA DEVAN,JNE3648,JNE3648-TP-S,S,Robe/Jupe,2.0,425.0,850.0,467.5,382.5,45.0
TXN_005185,2021-12-11,Nov-21,VISHA DEVAN,J0086,J0086-DR-XXXL,XXXL,Robe/Jupe,3.0,737.5,2212.0,1216.88,995.12,44.99
TXN_005184,2021-12-11,Nov-21,VISHA DEVAN,J0086,J0086-DR-XL,XL,Robe/Jupe,2.0,737.5,1475.0,811.25,663.75,45.0
TXN_005183,2021-12-11,Nov-21,VISHA DEVAN,J0086,J0086-DR-L,L,Robe/Jupe,2.0,737.5,1475.0,811.25,663.75,45.0
TXN_005182,2021-12-11,Nov-21,VISHA DEVAN,J0086,J0086-DR-M,M,Robe/Jupe,2.0,737.5,1475.0,811.25,663.75,45.0
TXN_005181,2021-12-11,Nov-21,VISHA DEVAN,JNE3713,JNE3713-TP-XL,XL,Robe/Jupe,1.0,425.0,425.0,233.75,191.25,45.0
TXN_005180,2021-12-11,Nov-21,VISHA DEVAN,JNE3713,JNE3713-TP-L,L,Robe/Jupe,3.0,425.0,1275.0,701.25,573.75,45.0
TXN_005179,2021-12-11,Nov-21,VISHA DEVAN,JNE3713,JNE3713-TP-M,M,Robe/Jupe,3.0,425.0,1275.0,701.25,573.75,45.0
TXN_005178,2021-12-11,Nov-21,VISHA DEVAN,JNE3713,JNE3713-TP-S,S,Robe/Jupe,2.0,425.0,850.0,467.5,382.5,45.0
TXN_005177,2021-12-11,Nov-21,VISHA DEVAN,JNE3669,JNE3669-TU-XXXL,XXXL,Robe/Jupe,2.0,562.5,1125.0,618.75,506.25,45.0
TXN_005176,2021-12-11,Nov-21,VISHA DEVAN,JNE3669,JNE3669-TU-XL,XL,Robe/Jupe,2.0,562.5,1125.0,618.75,506.25,45.0
TXN_005174,2021-12-11,Nov-21,VISHA DEVAN,JNE3669,JNE3669-TU-M,M,Robe/Jupe,2.0,562.5,1125.0,618.75,506.25,45.0
TXN_002701,2021-12-11,Nov-21,VISHA DEVAN,PJNE3440,PJNE3440-KR-6XL,6XL,Autre,1.0,537.5,538.0,295.62,242.38,45.05
TXN_002934,2022-01-01,Jan-22,MAAVI FASHION,JNE3688,JNE3688-TU-M,M,Robe/Jupe,1.0,500.0,500.0,275.0,225.0,45.0
TXN_002891,2022-01-01,Jan-22,MAAVI FASHION,JNE3640,JNE3640-TP-S,S,Robe/Jupe,1.0,425.0,425.0,233.75,191.25,45.0
TXN_005434,2022-01-01,Jan-22,MAAVI FASHION,SET172,SET172-KR-PP-L,L,Ensemble,1.0,1312.5,1312.0,721.88,590.12,44.98
TXN_005435,2022-01-01,Jan-22,MAAVI FASHION,J0077,J0077-SKD-S,S,Robe/Jupe,1.0,1625.0,1625.0,893.75,731.25,45.0
TXN_005436,2022-01-01,Jan-22,MAAVI FASHION,J0077,J0077-SKD-M,M,Robe/Jupe,1.0,1625.0,1625.0,893.75,731.25,45.0
TXN_005437,2022-01-01,Jan-22,MAAVI FASHION,J0077,J0077-SKD-L,L,Robe/Jupe,1.0,1625.0,1625.0,893.75,731.25,45.0
TXN_005438,2022-01-01,Jan-22,MAAVI FASHION,JNE3555,JNE3555-KR-S.,S,Robe/Jupe,1.0,462.5,462.0,254.38,207.62,44.94
TXN_005439,2022-01-01,Jan-22,MAAVI FASHION,JNE3555,JNE3555-KR-M,M,Robe/Jupe,1.0,462.5,462.0,254.38,207.62,44.94
TXN_005440,2022-01-01,Jan-22,MAAVI FASHION,JNE3555,JNE3555-KR-L,L,Robe/Jupe,1.0,462.5,462.0,254.38,207.62,44.94
TXN_005441,2022-01-01,Jan-22,MAAVI FASHION,J0002,J0002-SKD-S,S,Robe/Jupe,1.0,1350.0,1350.0,742.5,607.5,45.0
TXN_005442,2022-01-01,Jan-22,MAAVI FASHION,J0002,J0002-SKD-M,M,Robe/Jupe,1.0,1350.0,1350.0,742.5,607.5,45.0
TXN_005443,2022-01-01,Jan-22,MAAVI FASHION,J0002,J0002-SKD-L,L,Robe/Jupe,1.0,1350.0,1350.0,742.5,607.5,45.0
TXN_005444,2022-01-01,Jan-22,MAAVI FASHION,J0282,J0282-SET-S,S,Robe/Jupe,1.0,1237.5,1238.0,680.62,557.38,45.02
TXN_005445,2022-01-01,Jan-22,MAAVI FASHION,J0282,J0282-SET-M,M,Robe/Jupe,1.0,1237.5,1238.0,680.62,557.38,45.02
TXN_005446,2022-01-01,Jan-22,MAAVI FASHION,J0282,J0282-SET-L,L,Robe/Jupe,1.0,1237.5,1238.0,680.62,557.38,45.02
TXN_002933,2022-01-01,Jan-22,MAAVI FASHION,JNE3688,JNE3688-TU-S,S,Robe/Jupe,1.0,500.0,500.0,275.0,225.0,45.0
TXN_002992,2022-01-01,Jan-22,MAAVI FASHION,J0282,J0282-SET-L,L,Robe/Jupe,1.0,1237.5,1238.0,680.62,557.38,45.02
TXN_002991,2022-01-01,Jan-22,MAAVI FASHION,J0282,J0282-SET-M,M,Robe/Jupe,1.0,1237.5,1238.0,680.62,557.38,45.02
TXN_002990,2022-01-01,Jan-22,MAAVI FASHION,J0282,J0282-SET-S,S,Robe/Jupe,1.0,1237.5,1238.0,680.62,557.38,45.02
TXN_002989,2022-01-01,Jan-22,MAAVI FASHION,J0002,J0002-SKD-L,L,Robe/Jupe,1.0,1350.0,1350.0,742.5,607.5,45.0
TXN_002988,2022-01-01,Jan-22,MAAVI FASHION,J0002,J0002-SKD-M,M,Robe/Jupe,1.0,1350.0,1350.0,742.5,607.5,45.0
TXN_002987,2022-01-01,Jan-22,MAAVI FASHION,J0002,J0002-SKD-S,S,Robe/Jupe,1.0,1350.0,1350.0,742.5,607.5,45.0
TXN_002986,2022-01-01,Jan-22,MAAVI FASHION,JNE3555,JNE3555-KR-L,L,Robe/Jupe,1.0,462.5,462.0,254.38,207.62,44.94
TXN_005433,2022-01-01,Jan-22,MAAVI FASHION,SET172,SET172-KR-PP-M,M,Ensemble,1.0,1312.5,1312.0,721.88,590.12,44.98
TXN_005432,2022-01-01,Jan-22,MAAVI FASHION,SET172,SET172-KR-PP-S,S,Ensemble,1.0,1312.5,1312.0,721.88,590.12,44.98
TXN_005431,2022-01-01,Jan-22,MAAVI FASHION,SET300,SET300-KR-NP-L,L,Ensemble,1.0,1162.5,1162.0,639.38,522.62,44.98
TXN_005430,2022-01-01,Jan-22,MAAVI FASHION,SET300,SET300-KR-NP-M,M,Ensemble,1.0,1162.5,1162.0,639.38,522.62,44.98
TXN_005408,2022-01-01,Jan-22,MAAVI FASHION,J0201,J0201-TP-S,S,Robe/Jupe,1.0,562.5,562.0,309.38,252.62,44.95
TXN_005409,2022-01-01,Jan-22,MAAVI FASHION,J0201,J0201-TP-M,M,Robe/Jupe,1.0,562.5,562.0,309.38,252.62,44.95
TXN_005410,2022-01-01,Jan-22,MAAVI FASHION,J0201,J0201-TP-L,L,Robe/Jupe,1.0,562.5,562.0,309.38,252.62,44.95
TXN_005411,2022-01-01,Jan-22,MAAVI FASHION,J0120,J0120-TP-S,S,Robe/Jupe,1.0,387.5,388.0,213.13,174.87,45.07
TXN_005412,2022-01-01,Jan-22,MAAVI FASHION,J0120,J0120-TP-M,M,Robe/Jupe,1.0,387.5,388.0,213.13,174.87,45.07
TXN_005413,2022-01-01,Jan-22,MAAVI FASHION,J0120,J0120-TP-L,L,Robe/Jupe,1.0,387.5,388.0,213.13,174.87,45.07
TXN_005414,2022-01-01,Jan-22,MAAVI FASHION,SET197,SET197-KR-NP-S,S,Ensemble,1.0,887.5,888.0,488.13,399.87,45.03
TXN_005415,2022-01-01,Jan-22,MAAVI FASHION,SET197,SET197-KR-NP-M,M,Ensemble,1.0,887.5,888.0,488.13,399.87,45.03
TXN_005416,2022-01-01,Jan-22,MAAVI FASHION,SET197,SET197-KR-NP-L,L,Ensemble,1.0,887.5,888.0,488.13,399.87,45.03
TXN_005417,2022-01-01,Jan-22,MAAVI FASHION,SET264,SET264-KR-NP-S,S,Ensemble,1.0,975.0,975.0,536.25,438.75,45.0
TXN_002985,2022-01-01,Jan-22,MAAVI FASHION,JNE3555,JNE3555-KR-M,M,Robe/Jupe,1.0,462.5,462.0,254.38,207.62,44.94
TXN_005418,2022-01-01,Jan-22,MAAVI FASHION,SET264,SET264-KR-NP-M,M,Ensemble,1.0,975.0,975.0,536.25,438.75,45.0
TXN_005420,2022-01-01,Jan-22,MAAVI FASHION,SET199,SET199-KR-NP-S,S,Ensemble,1.0,737.5,738.0,405.63,332.37,45.04
TXN_005421,2022-01-01,Jan-22,MAAVI FASHION,SET199,SET199-KR-NP-M,M,Ensemble,1.0,737.5,738.0,405.63,332.37,45.04
TXN_005422,2022-01-01,Jan-22,MAAVI FASHION,SET199,SET199-KR-NP-L,L,Ensemble,1.0,737.5,738.0,405.63,332.37,45.04
TXN_005423,2022-01-01,Jan-22,MAAVI FASHION,SET245,SET245-KR-NP-S,S,Ensemble,1.0,1175.0,1175.0,646.25,528.75,45.0
TXN_005424,2022-01-01,Jan-22,MAAVI FASHION,SET245,SET245-KR-NP-M,M,Ensemble,1.0,1175.0,1175.0,646.25,528.75,45.0
TXN_005425,2022-01-01,Jan-22,MAAVI FASHION,SET245,SET245-KR-NP-L,L,Ensemble,1.0,1175.0,1175.0,646.25,528.75,45.0
TXN_005426,2022-01-01,Jan-22,MAAVI FASHION,SET323,SET323-KR-NP-S,S,Ensemble,1.0,1162.5,1162.0,639.38,522.62,44.98
TXN_005427,2022-01-01,Jan-22,MAAVI FASHION,SET323,SET323-KR-NP-M,M,Ensemble,1.0,1162.5,1162.0,639.38,522.62,44.98
TXN_005428,2022-01-01,Jan-22,MAAVI FASHION,SET323,SET323-KR-NP-L,L,Ensemble,1.0,1162.5,1162.0,639.38,522.62,44.98
TXN_005429,2022-01-01,Jan-22,MAAVI FASHION,SET300,SET300-KR-NP-S,S,Ensemble,1.0,1162.5,1162.0,639.38,522.62,44.98
TXN_005419,2022-01-01,Jan-22,MAAVI FASHION,SET264,SET264-KR-NP-L,L,Ensemble,1.0,975.0,975.0,536.25,438.75,45.0
TXN_005407,2022-01-01,Jan-22,MAAVI FASHION,J0198,J0198-TP-L,L,Robe/Jupe,1.0,562.5,562.0,309.38,252.62,44.95
TXN_002984,2022-01-01,Jan-22,MAAVI FASHION,JNE3555,JNE3555-KR-S.,S,Robe/Jupe,1.0,462.5,462.0,254.38,207.62,44.94
TXN_002982,2022-01-01,Jan-22,MAAVI FASHION,J0077,J0077-SKD-M,M,Robe/Jupe,1.0,1625.0,1625.0,893.75,731.25,45.0
TXN_002955,2022-01-01,Jan-22,MAAVI FASHION,J0201,J0201-TP-M,M,Robe/Jupe,1.0,562.5,562.0,309.38,252.62,44.95
TXN_002954,2022-01-01,Jan-22,MAAVI FASHION,J0201,J0201-TP-S,S,Robe/Jupe,1.0,562.5,562.0,309.38,252.62,44.95
TXN_002953,2022-01-01,Jan-22,MAAVI FASHION,J0198,J0198-TP-L,L,Robe/Jupe,1.0,562.5,562.0,309.38,252.62,44.95
TXN_002952,2022-01-01,Jan-22,MAAVI FASHION,J0198,J0198-TP-M,M,Robe/Jupe,1.0,562.5,562.0,309.38,252.62,44.95
TXN_002951,2022-01-01,Jan-22,MAAVI FASHION,J0198,J0198-TP-S,S,Robe/Jupe,1.0,562.5,562.0,309.38,252.62,44.95
TXN_002950,2022-01-01,Jan-22,MAAVI FASHION,J0178,J0178-TP-L,L,Robe/Jupe,1.0,350.0,350.0,192.5,157.5,45.0
TXN_002949,2022-01-01,Jan-22,MAAVI FASHION,J0178,J0178-TP-M,M,Robe/Jupe,1.0,350.0,350.0,192.5,157.5,45.0
TXN_002948,2022-01-01,Jan-22,MAAVI FASHION,J0178,J0178-TP-S,S,Robe/Jupe,1.0,350.0,350.0,192.5,157.5,45.0
TXN_002947,2022-01-01,Jan-22,MAAVI FASHION,J0172,J0172-TP-L,L,Robe/Jupe,1.0,425.0,425.0,233.75,191.25,45.0
TXN_002946,2022-01-01,Jan-22,MAAVI FASHION,J0172,J0172-TP-M,M,Robe/Jupe,1.0,425.0,425.0,233.75,191.25,45.0
TXN_002945,2022-01-01,Jan-22,MAAVI FASHION,J0172,J0172-TP-S,S,Robe/Jupe,1.0,425.0,425.0,233.75,191.25,45.0
TXN_002944,2022-01-01,Jan-22,MAAVI FASHION,J0118,J0118-TP-L,L,Robe/Jupe,1.0,387.5,388.0,213.13,174.87,45.07
TXN_002943,2022-01-01,Jan-22,MAAVI FASHION,J0118,J0118-TP-M,M,Robe/Jupe,1.0,387.5,388.0,213.13,174.87,45.07
TXN_002942,2022-01-01,Jan-22,MAAVI FASHION,J0118,J0118-TP-S,S,Robe/Jupe,1.0,387.5,388.0,213.13,174.87,45.07
TXN_002941,2022-01-01,Jan-22,MAAVI FASHION,JNE3744,JNE3744-TU-L,L,Robe/Jupe,1.0,562.5,562.0,309.38,252.62,44.95
TXN_002940,2022-01-01,Jan-22,MAAVI FASHION,JNE3744,JNE3744-TU-M,M,Robe/Jupe,1.0,562.5,562.0,309.38,252.62,44.95
TXN_002939,2022-01-01,Jan-22,MAAVI FASHION,JNE3744,JNE3744-TU-S,S,Robe/Jupe,1.0,562.5,562.0,309.38,252.62,44.95
TXN_002938,2022-01-01,Jan-22,MAAVI FASHION,JNE3691,JNE3691-TU-L,L,Robe/Jupe,1.0,562.5,562.0,309.38,252.62,44.95
TXN_002937,2022-01-01,Jan-22,MAAVI FASHION,JNE3691,JNE3691-TU-M,M,Robe/Jupe,1.0,562.5,562.0,309.38,252.62,44.95
TXN_002936,2022-01-01,Jan-22,MAAVI FASHION,JNE3691,JNE3691-TU-S,S,Robe/Jupe,1.0,562.5,562.0,309.38,252.62,44.95
TXN_002935,2022-01-01,Jan-22,MAAVI FASHION,JNE3688,JNE3688-TU-L,L,Robe/Jupe,1.0,500.0,500.0,275.0,225.0,45.0
TXN_002956,2022-01-01,Jan-22,MAAVI FASHION,J0201,J0201-TP-L,L,Robe/Jupe,1.0,562.5,562.0,309.38,252.62,44.95
TXN_002957,2022-01-01,Jan-22,MAAVI FASHION,J0120,J0120-TP-S,S,Robe/Jupe,1.0,387.5,388.0,213.13,174.87,45.07
TXN_002958,2022-01-01,Jan-22,MAAVI FASHION,J0120,J0120-TP-M,M,Robe/Jupe,1.0,387.5,388.0,213.13,174.87,45.07
TXN_002959,2022-01-01,Jan-22,MAAVI FASHION,J0120,J0120-TP-L,L,Robe/Jupe,1.0,387.5,388.0,213.13,174.87,45.07
TXN_002981,2022-01-01,Jan-22,MAAVI FASHION,J0077,J0077-SKD-S,S,Robe/Jupe,1.0,1625.0,1625.0,893.75,731.25,45.0
TXN_002980,2022-01-01,Jan-22,MAAVI FASHION,SET172,SET172-KR-PP-L,L,Ensemble,1.0,1312.5,1312.0,721.88,590.12,44.98
TXN_002979,2022-01-01,Jan-22,MAAVI FASHION,SET172,SET172-KR-PP-M,M,Ensemble,1.0,1312.5,1312.0,721.88,590.12,44.98
TXN_002978,2022-01-01,Jan-22,MAAVI FASHION,SET172,SET172-KR-PP-S,S,Ensemble,1.0,1312.5,1312.0,721.88,590.12,44.98
TXN_002977,2022-01-01,Jan-22,MAAVI FASHION,SET300,SET300-KR-NP-L,L,Ensemble,1.0,1162.5,1162.0,639.38,522.62,44.98
TXN_002976,2022-01-01,Jan-22,MAAVI FASHION,SET300,SET300-KR-NP-M,M,Ensemble,1.0,1162.5,1162.0,639.38,522.62,44.98
TXN_002975,2022-01-01,Jan-22,MAAVI FASHION,SET300,SET300-KR-NP-S,S,Ensemble,1.0,1162.5,1162.0,639.38,522.62,44.98
TXN_002974,2022-01-01,Jan-22,MAAVI FASHION,SET323,SET323-KR-NP-L,L,Ensemble,1.0,1162.5,1162.0,639.38,522.62,44.98
TXN_002973,2022-01-01,Jan-22,MAAVI FASHION,SET323,SET323-KR-NP-M,M,Ensemble,1.0,1162.5,1162.0,639.38,522.62,44.98
TXN_002972,2022-01-01,Jan-22,MAAVI FASHION,SET323,SET323-KR-NP-S,S,Ensemble,1.0,1162.5,1162.0,639.38,522.62,44.98
TXN_002983,2022-01-01,Jan-22,MAAVI FASHION,J0077,J0077-SKD-L,L,Robe/Jupe,1.0,1625.0,1625.0,893.75,731.25,45.0
TXN_002971,2022-01-01,Jan-22,MAAVI FASHION,SET245,SET245-KR-NP-L,L,Ensemble,1.0,1175.0,1175.0,646.25,528.75,45.0
TXN_002969,2022-01-01,Jan-22,MAAVI FASHION,SET245,SET245-KR-NP-S,S,Ensemble,1.0,1175.0,1175.0,646.25,528.75,45.0
TXN_002968,2022-01-01,Jan-22,MAAVI FASHION,SET199,SET199-KR-NP-L,L,Ensemble,1.0,737.5,738.0,405.63,332.37,45.04
TXN_002967,2022-01-01,Jan-22,MAAVI FASHION,SET199,SET199-KR-NP-M,M,Ensemble,1.0,737.5,738.0,405.63,332.37,45.04
TXN_002966,2022-01-01,Jan-22,MAAVI FASHION,SET199,SET199-KR-NP-S,S,Ensemble,1.0,737.5,738.0,405.63,332.37,45.04
TXN_002965,2022-01-01,Jan-22,MAAVI FASHION,SET264,SET264-KR-NP-L,L,Ensemble,1.0,975.0,975.0,536.25,438.75,45.0
TXN_002964,2022-01-01,Jan-22,MAAVI FASHION,SET264,SET264-KR-NP-M,M,Ensemble,1.0,975.0,975.0,536.25,438.75,45.0
TXN_002963,2022-01-01,Jan-22,MAAVI FASHION,SET264,SET264-KR-NP-S,S,Ensemble,1.0,975.0,975.0,536.25,438.75,45.0
TXN_002962,2022-01-01,Jan-22,MAAVI FASHION,SET197,SET197-KR-NP-L,L,Ensemble,1.0,887.5,888.0,488.13,399.87,45.03
TXN_002961,2022-01-01,Jan-22,MAAVI FASHION,SET197,SET197-KR-NP-M,M,Ensemble,1.0,887.5,888.0,488.13,399.87,45.03
TXN_002960,2022-01-01,Jan-22,MAAVI FASHION,SET197,SET197-KR-NP-S,S,Ensemble,1.0,887.5,888.0,488.13,399.87,45.03
TXN_002970,2022-01-01,Jan-22,MAAVI FASHION,SET245,SET245-KR-NP-M,M,Ensemble,1.0,1175.0,1175.0,646.25,528.75,45.0
TXN_005406,2022-01-01,Jan-22,MAAVI FASHION,J0198,J0198-TP-M,M,Robe/Jupe,1.0,562.5,562.0,309.38,252.62,44.95
TXN_002897,2022-01-01,Jan-22,MAAVI FASHION,JNE3657,JNE3657-TP-S,S,Robe/Jupe,1.0,388.0,388.0,213.4,174.6,45.0
TXN_005404,2022-01-01,Jan-22,MAAVI FASHION,J0178,J0178-TP-L,L,Robe/Jupe,1.0,350.0,350.0,192.5,157.5,45.0
TXN_002920,2022-01-01,Jan-22,MAAVI FASHION,JNE3669,JNE3669-TU-L,L,Robe/Jupe,1.0,563.0,563.0,309.65,253.35,45.0
TXN_002918,2022-01-01,Jan-22,MAAVI FASHION,JNE3669,JNE3669-TU-S,S,Robe/Jupe,1.0,563.0,563.0,309.65,253.35,45.0
TXN_002917,2022-01-01,Jan-22,MAAVI FASHION,JNE3674,JNE3674-TU-L,L,Robe/Jupe,1.0,500.0,500.0,275.0,225.0,45.0
TXN_002916,2022-01-01,Jan-22,MAAVI FASHION,JNE3674,JNE3674-TU-M,M,Robe/Jupe,1.0,500.0,500.0,275.0,225.0,45.0
TXN_002915,2022-01-01,Jan-22,MAAVI FASHION,JNE3674,JNE3674-TU-S,S,Robe/Jupe,1.0,500.0,500.0,275.0,225.0,45.0
TXN_002914,2022-01-01,Jan-22,MAAVI FASHION,JNE3668,JNE3668-TP-L,L,Robe/Jupe,1.0,425.0,425.0,233.75,191.25,45.0
TXN_002913,2022-01-01,Jan-22,MAAVI FASHION,JNE3668,JNE3668-TP-M,M,Robe/Jupe,1.0,425.0,425.0,233.75,191.25,45.0
TXN_002912,2022-01-01,Jan-22,MAAVI FASHION,JNE3668,JNE3668-TP-S,S,Robe/Jupe,1.0,425.0,425.0,233.75,191.25,45.0
TXN_002911,2022-01-01,Jan-22,MAAVI FASHION,JNE3665,JNE3665-TP-L,L,Robe/Jupe,1.0,388.0,388.0,213.4,174.6,45.0
TXN_002910,2022-01-01,Jan-22,MAAVI FASHION,JNE3665,JNE3665-TP-M,M,Robe/Jupe,1.0,388.0,388.0,213.4,174.6,45.0
TXN_002909,2022-01-01,Jan-22,MAAVI FASHION,JNE3665,JNE3665-TP-S,S,Robe/Jupe,1.0,388.0,388.0,213.4,174.6,45.0
TXN_002908,2022-01-01,Jan-22,MAAVI FASHION,JNE3662,JNE3662-TP-L,L,Robe/Jupe,1.0,500.0,500.0,275.0,225.0,45.0
TXN_002907,2022-01-01,Jan-22,MAAVI FASHION,JNE3662,JNE3662-TP-M,M,Robe/Jupe,1.0,500.0,500.0,275.0,225.0,45.0
TXN_002921,2022-01-01,Jan-22,MAAVI FASHION,JNE3671,JNE3671-TU-S,S,Robe/Jupe,1.0,500.0,500.0,275.0,225.0,45.0
TXN_002906,2022-01-01,Jan-22,MAAVI FASHION,JNE3662,JNE3662-TP-S,S,Robe/Jupe,1.0,500.0,500.0,275.0,225.0,45.0
TXN_002904,2022-01-01,Jan-22,MAAVI FASHION,JNE3644,JNE3644-TP-M,M,Robe/Jupe,1.0,388.0,388.0,213.4,174.6,45.0
TXN_002903,2022-01-01,Jan-22,MAAVI FASHION,JNE3644,JNE3644-TP-S,S,Robe/Jupe,1.0,388.0,388.0,213.4,174.6,45.0
TXN_002902,2022-01-01,Jan-22,MAAVI FASHION,JNE3641,JNE3641-TP-L,L,Robe/Jupe,1.0,425.0,425.0,233.75,191.25,45.0
TXN_002901,2022-01-01,Jan-22,MAAVI FASHION,JNE3641,JNE3641-TP-M,M,Robe/Jupe,1.0,425.0,425.0,233.75,191.25,45.0
TXN_002900,2022-01-01,Jan-22,MAAVI FASHION,JNE3641,JNE3641-TP-S,S,Robe/Jupe,1.0,425.0,425.0,233.75,191.25,45.0
TXN_002899,2022-01-01,Jan-22,MAAVI FASHION,JNE3657,JNE3657-TP-L,L,Robe/Jupe,1.0,388.0,388.0,213.4,174.6,45.0
TXN_002898,2022-01-01,Jan-22,MAAVI FASHION,JNE3657,JNE3657-TP-M,M,Robe/Jupe,1.0,388.0,388.0,213.4,174.6,45.0
TXN_002896,2022-01-01,Jan-22,MAAVI FASHION,JNE3672,JNE3672-TU-L,L,Robe/Jupe,1.0,500.0,500.0,275.0,225.0,45.0
TXN_002895,2022-01-01,Jan-22,MAAVI FASHION,JNE3672,JNE3672-TU-M,M,Robe/Jupe,1.0,500.0,500.0,275.0,225.0,45.0
TXN_002894,2022-01-01,Jan-22,MAAVI FASHION,JNE3672,JNE3672-TU-S,S,Robe/Jupe,1.0,500.0,500.0,275.0,225.0,45.0
TXN_002893,2022-01-01,Jan-22,MAAVI FASHION,JNE3640,JNE3640-TP-L,L,Robe/Jupe,1.0,425.0,425.0,233.75,191.25,45.0
TXN_002892,2022-01-01,Jan-22,MAAVI FASHION,JNE3640,JNE3640-TP-M,M,Robe/Jupe,1.0,425.0,425.0,233.75,191.25,45.0
TXN_005364,2022-01-01,Jan-22,MAAVI FASHION,JNE3665,JNE3665-TP-M,M,Robe/Jupe,1.0,388.0,388.0,213.4,174.6,45.0
TXN_002905,2022-01-01,Jan-22,MAAVI FASHION,JNE3644,JNE3644-TP-L,L,Robe/Jupe,1.0,388.0,388.0,213.4,174.6,45.0
TXN_005365,2022-01-01,Jan-22,MAAVI FASHION,JNE3665,JNE3665-TP-L,L,Robe/Jupe,1.0,388.0,388.0,213.4,174.6,45.0
TXN_002922,2022-01-01,Jan-22,MAAVI FASHION,JNE3671,JNE3671-TU-M,M,Robe/Jupe,1.0,500.0,500.0,275.0,225.0,45.0
TXN_002924,2022-01-01,Jan-22,MAAVI FASHION,JNE3676,JNE3676-TU-S,S,Robe/Jupe,1.0,463.0,463.0,254.65,208.35,45.0
TXN_005363,2022-01-01,Jan-22,MAAVI FASHION,JNE3665,JNE3665-TP-S,S,Robe/Jupe,1.0,388.0,388.0,213.4,174.6,45.0
TXN_005405,2022-01-01,Jan-22,MAAVI FASHION,J0198,J0198-TP-S,S,Robe/Jupe,1.0,562.5,562.0,309.38,252.62,44.95
TXN_005362,2022-01-01,Jan-22,MAAVI FASHION,JNE3662,JNE3662-TP-L,L,Robe/Jupe,1.0,500.0,500.0,275.0,225.0,45.0
TXN_005361,2022-01-01,Jan-22,MAAVI FASHION,JNE3662,JNE3662-TP-M,M,Robe/Jupe,1.0,500.0,500.0,275.0,225.0,45.0
TXN_005360,2022-01-01,Jan-22,MAAVI FASHION,JNE3662,JNE3662-TP-S,S,Robe/Jupe,1.0,500.0,500.0,275.0,225.0,45.0
TXN_005359,2022-01-01,Jan-22,MAAVI FASHION,JNE3644,JNE3644-TP-L,L,Robe/Jupe,1.0,388.0,388.0,213.4,174.6,45.0
TXN_005358,2022-01-01,Jan-22,MAAVI FASHION,JNE3644,JNE3644-TP-M,M,Robe/Jupe,1.0,388.0,388.0,213.4,174.6,45.0
TXN_005357,2022-01-01,Jan-22,MAAVI FASHION,JNE3644,JNE3644-TP-S,S,Robe/Jupe,1.0,388.0,388.0,213.4,174.6,45.0
TXN_005356,2022-01-01,Jan-22,MAAVI FASHION,JNE3641,JNE3641-TP-L,L,Robe/Jupe,1.0,425.0,425.0,233.75,191.25,45.0
TXN_005355,2022-01-01,Jan-22,MAAVI FASHION,JNE3641,JNE3641-TP-M,M,Robe/Jupe,1.0,425.0,425.0,233.75,191.25,45.0
TXN_005354,2022-01-01,Jan-22,MAAVI FASHION,JNE3641,JNE3641-TP-S,S,Robe/Jupe,1.0,425.0,425.0,233.75,191.25,45.0
TXN_005353,2022-01-01,Jan-22,MAAVI FASHION,JNE3657,JNE3657-TP-L,L,Robe/Jupe,1.0,388.0,388.0,213.4,174.6,45.0
TXN_005352,2022-01-01,Jan-22,MAAVI FASHION,JNE3657,JNE3657-TP-M,M,Robe/Jupe,1.0,388.0,388.0,213.4,174.6,45.0
TXN_002923,2022-01-01,Jan-22,MAAVI FASHION,JNE3671,JNE3671-TU-L,L,Robe/Jupe,1.0,500.0,500.0,275.0,225.0,45.0
TXN_005351,2022-01-01,Jan-22,MAAVI FASHION,JNE3657,JNE3657-TP-S,S,Robe/Jupe,1.0,388.0,388.0,213.4,174.6,45.0
TXN_005349,2022-01-01,Jan-22,MAAVI FASHION,JNE3672,JNE3672-TU-M,M,Robe/Jupe,1.0,500.0,500.0,275.0,225.0,45.0
TXN_005348,2022-01-01,Jan-22,MAAVI FASHION,JNE3672,JNE3672-TU-S,S,Robe/Jupe,1.0,500.0,500.0,275.0,225.0,45.0
TXN_005347,2022-01-01,Jan-22,MAAVI FASHION,JNE3640,JNE3640-TP-L,L,Robe/Jupe,1.0,425.0,425.0,233.75,191.25,45.0
TXN_005346,2022-01-01,Jan-22,MAAVI FASHION,JNE3640,JNE3640-TP-M,M,Robe/Jupe,1.0,425.0,425.0,233.75,191.25,45.0
TXN_005345,2022-01-01,Jan-22,MAAVI FASHION,JNE3640,JNE3640-TP-S,S,Robe/Jupe,1.0,425.0,425.0,233.75,191.25,45.0
TXN_002932,2022-01-01,Jan-22,MAAVI FASHION,JNE3687,JNE3687-TU-L,L,Robe/Jupe,1.0,462.5,462.0,254.38,207.62,44.94
TXN_002931,2022-01-01,Jan-22,MAAVI FASHION,JNE3687,JNE3687-TU-M,M,Robe/Jupe,1.0,462.5,462.0,254.38,207.62,44.94
TXN_002930,2022-01-01,Jan-22,MAAVI FASHION,JNE3687,JNE3687-TU-S,S,Robe/Jupe,1.0,462.5,462.0,254.38,207.62,44.94
TXN_002929,2022-01-01,Jan-22,MAAVI FASHION,JNE3683,JNE3683-TU-L,L,Robe/Jupe,1.0,425.0,425.0,233.75,191.25,45.0
TXN_002928,2022-01-01,Jan-22,MAAVI FASHION,JNE3683,JNE3683-TU-M,M,Robe/Jupe,1.0,425.0,425.0,233.75,191.25,45.0
TXN_002927,2022-01-01,Jan-22,MAAVI FASHION,JNE3683,JNE3683-TU-S,S,Robe/Jupe,1.0,425.0,425.0,233.75,191.25,45.0
TXN_002926,2022-01-01,Jan-22,MAAVI FASHION,JNE3676,JNE3676-TU-L,L,Robe/Jupe,1.0,463.0,463.0,254.65,208.35,45.0
TXN_002925,2022-01-01,Jan-22,MAAVI FASHION,JNE3676,JNE3676-TU-M,M,Robe/Jupe,1.0,463.0,463.0,254.65,208.35,45.0
TXN_005350,2022-01-01,Jan-22,MAAVI FASHION,JNE3672,JNE3672-TU-L,L,Robe/Jupe,1.0,500.0,500.0,275.0,225.0,45.0
TXN_005366,2022-01-01,Jan-22,MAAVI FASHION,JNE3668,JNE3668-TP-S,S,Robe/Jupe,1.0,425.0,425.0,233.75,191.25,45.0
TXN_002919,2022-01-01,Jan-22,MAAVI FASHION,JNE3669,JNE3669-TU-M,M,Robe/Jupe,1.0,563.0,563.0,309.65,253.35,45.0
TXN_005368,2022-01-01,Jan-22,MAAVI FASHION,JNE3668,JNE3668-TP-L,L,Robe/Jupe,1.0,425.0,425.0,233.75,191.25,45.0
TXN_005377,2022-01-01,Jan-22,MAAVI FASHION,JNE3671,JNE3671-TU-L,L,Robe/Jupe,1.0,500.0,500.0,275.0,225.0,45.0
TXN_005378,2022-01-01,Jan-22,MAAVI FASHION,JNE3676,JNE3676-TU-S,S,Robe/Jupe,1.0,463.0,463.0,254.65,208.35,45.0
TXN_005379,2022-01-01,Jan-22,MAAVI FASHION,JNE3676,JNE3676-TU-M,M,Robe/Jupe,1.0,463.0,463.0,254.65,208.35,45.0
TXN_005380,2022-01-01,Jan-22,MAAVI FASHION,JNE3676,JNE3676-TU-L,L,Robe/Jupe,1.0,463.0,463.0,254.65,208.35,45.0
TXN_005381,2022-01-01,Jan-22,MAAVI FASHION,JNE3683,JNE3683-TU-S,S,Robe/Jupe,1.0,425.0,425.0,233.75,191.25,45.0
TXN_005382,2022-01-01,Jan-22,MAAVI FASHION,JNE3683,JNE3683-TU-M,M,Robe/Jupe,1.0,425.0,425.0,233.75,191.25,45.0
TXN_005383,2022-01-01,Jan-22,MAAVI FASHION,JNE3683,JNE3683-TU-L,L,Robe/Jupe,1.0,425.0,425.0,233.75,191.25,45.0
TXN_005384,2022-01-01,Jan-22,MAAVI FASHION,JNE3687,JNE3687-TU-S,S,Robe/Jupe,1.0,462.5,462.0,254.38,207.62,44.94
TXN_005385,2022-01-01,Jan-22,MAAVI FASHION,JNE3687,JNE3687-TU-M,M,Robe/Jupe,1.0,462.5,462.0,254.38,207.62,44.94
TXN_005386,2022-01-01,Jan-22,MAAVI FASHION,JNE3687,JNE3687-TU-L,L,Robe/Jupe,1.0,462.5,462.0,254.38,207.62,44.94
TXN_005387,2022-01-01,Jan-22,MAAVI FASHION,JNE3688,JNE3688-TU-S,S,Robe/Jupe,1.0,500.0,500.0,275.0,225.0,45.0
TXN_005388,2022-01-01,Jan-22,MAAVI FASHION,JNE3688,JNE3688-TU-M,M,Robe/Jupe,1.0,500.0,500.0,275.0,225.0,45.0
TXN_005376,2022-01-01,Jan-22,MAAVI FASHION,JNE3671,JNE3671-TU-M,M,Robe/Jupe,1.0,500.0,500.0,275.0,225.0,45.0
TXN_005389,2022-01-01,Jan-22,MAAVI FASHION,JNE3688,JNE3688-TU-L,L,Robe/Jupe,1.0,500.0,500.0,275.0,225.0,45.0
TXN_005391,2022-01-01,Jan-22,MAAVI FASHION,JNE3691,JNE3691-TU-M,M,Robe/Jupe,1.0,562.5,562.0,309.38,252.62,44.95
TXN_005392,2022-01-01,Jan-22,MAAVI FASHION,JNE3691,JNE3691-TU-L,L,Robe/Jupe,1.0,562.5,562.0,309.38,252.62,44.95
TXN_005401,2022-01-01,Jan-22,MAAVI FASHION,J0172,J0172-TP-L,L,Robe/Jupe,1.0,425.0,425.0,233.75,191.25,45.0
TXN_005400,2022-01-01,Jan-22,MAAVI FASHION,J0172,J0172-TP-M,M,Robe/Jupe,1.0,425.0,425.0,233.75,191.25,45.0
TXN_005399,2022-01-01,Jan-22,MAAVI FASHION,J0172,J0172-TP-S,S,Robe/Jupe,1.0,425.0,425.0,233.75,191.25,45.0
TXN_005398,2022-01-01,Jan-22,MAAVI FASHION,J0118,J0118-TP-L,L,Robe/Jupe,1.0,387.5,388.0,213.13,174.87,45.07
TXN_005397,2022-01-01,Jan-22,MAAVI FASHION,J0118,J0118-TP-M,M,Robe/Jupe,1.0,387.5,388.0,213.13,174.87,45.07
TXN_005396,2022-01-01,Jan-22,MAAVI FASHION,J0118,J0118-TP-S,S,Robe/Jupe,1.0,387.5,388.0,213.13,174.87,45.07
TXN_005395,2022-01-01,Jan-22,MAAVI FASHION,JNE3744,JNE3744-TU-L,L,Robe/Jupe,1.0,562.5,562.0,309.38,252.62,44.95
TXN_005394,2022-01-01,Jan-22,MAAVI FASHION,JNE3744,JNE3744-TU-M,M,Robe/Jupe,1.0,562.5,562.0,309.38,252.62,44.95
TXN_005367,2022-01-01,Jan-22,MAAVI FASHION,JNE3668,JNE3668-TP-M,M,Robe/Jupe,1.0,425.0,425.0,233.75,191.25,45.0
TXN_005393,2022-01-01,Jan-22,MAAVI FASHION,JNE3744,JNE3744-TU-S,S,Robe/Jupe,1.0,562.5,562.0,309.38,252.62,44.95
TXN_005390,2022-01-01,Jan-22,MAAVI FASHION,JNE3691,JNE3691-TU-S,S,Robe/Jupe,1.0,562.5,562.0,309.38,252.62,44.95
TXN_005374,2022-01-01,Jan-22,MAAVI FASHION,JNE3669,JNE3669-TU-L,L,Robe/Jupe,1.0,563.0,563.0,309.65,253.35,45.0
TXN_005375,2022-01-01,Jan-22,MAAVI FASHION,JNE3671,JNE3671-TU-S,S,Robe/Jupe,1.0,500.0,500.0,275.0,225.0,45.0
TXN_005372,2022-01-01,Jan-22,MAAVI FASHION,JNE3669,JNE3669-TU-S,S,Robe/Jupe,1.0,563.0,563.0,309.65,253.35,45.0
TXN_005402,2022-01-01,Jan-22,MAAVI FASHION,J0178,J0178-TP-S,S,Robe/Jupe,1.0,350.0,350.0,192.5,157.5,45.0
TXN_005369,2022-01-01,Jan-22,MAAVI FASHION,JNE3674,JNE3674-TU-S,S,Robe/Jupe,1.0,500.0,500.0,275.0,225.0,45.0
TXN_005370,2022-01-01,Jan-22,MAAVI FASHION,JNE3674,JNE3674-TU-M,M,Robe/Jupe,1.0,500.0,500.0,275.0,225.0,45.0
TXN_005371,2022-01-01,Jan-22,MAAVI FASHION,JNE3674,JNE3674-TU-L,L,Robe/Jupe,1.0,500.0,500.0,275.0,225.0,45.0
TXN_005403,2022-01-01,Jan-22,MAAVI FASHION,J0178,J0178-TP-M,M,Robe/Jupe,1.0,350.0,350.0,192.5,157.5,45.0
TXN_005373,2022-01-01,Jan-22,MAAVI FASHION,JNE3669,JNE3669-TU-M,M,Robe/Jupe,1.0,563.0,563.0,309.65,253.35,45.0
TXN_006411,2022-01-03,Mar-22,AVIN  ,J0024,J0024-KR-XS,XS,Robe/Jupe,1.0,437.5,416.0,240.63,175.37,42.16
TXN_006434,2022-01-03,Mar-22,AVIN  ,SET287,SET287-KR-NP-L,L,Ensemble,1.0,612.5,582.0,336.88,245.12,42.12
TXN_006435,2022-01-03,Mar-22,AVIN  ,SET293,SET293-KR-NP-S,S,Ensemble,1.0,775.0,736.0,426.25,309.75,42.09
TXN_006436,2022-01-03,Mar-22,AVIN  ,SET328,SET328-KR-NP-XXL,XXL,Ensemble,1.0,650.0,618.0,357.5,260.5,42.15
TXN_006414,2022-01-03,Mar-22,AVIN  ,J0118,J0118-TP-XXL,XXL,Robe/Jupe,1.0,425.0,404.0,233.75,170.25,42.14
TXN_005976,2022-01-03,Mar-22,AVIN  ,SET328,SET328-KR-NP-XXL,XXL,Ensemble,1.0,650.0,618.0,357.5,260.5,42.15
TXN_005975,2022-01-03,Mar-22,AVIN  ,SET293,SET293-KR-NP-S,S,Ensemble,1.0,775.0,736.0,426.25,309.75,42.09
TXN_005974,2022-01-03,Mar-22,AVIN  ,SET287,SET287-KR-NP-L,L,Ensemble,1.0,612.5,582.0,336.88,245.12,42.12
TXN_005973,2022-01-03,Mar-22,AVIN  ,SET269,SET269-KR-NP-S,S,Ensemble,1.0,975.0,926.0,536.25,389.75,42.09
TXN_005972,2022-01-03,Mar-22,AVIN  ,SET268,SET268-KR-NP-M,M,Ensemble,1.0,925.0,879.0,508.75,370.25,42.12
TXN_006433,2022-01-03,Mar-22,AVIN  ,SET269,SET269-KR-NP-S,S,Ensemble,1.0,975.0,926.0,536.25,389.75,42.09
TXN_006432,2022-01-03,Mar-22,AVIN  ,SET268,SET268-KR-NP-M,M,Ensemble,1.0,925.0,879.0,508.75,370.25,42.12
TXN_006431,2022-01-03,Mar-22,AVIN  ,SET243,SET243-KR-PP-L,L,Ensemble,1.0,687.5,653.0,378.13,274.87,42.09
TXN_006430,2022-01-03,Mar-22,AVIN  ,SET226,SET226-KR-PP-XXL,XXL,Ensemble,1.0,812.5,772.0,446.88,325.12,42.11
TXN_006413,2022-01-03,Mar-22,AVIN  ,J0118,J0118-TP-XXL,XXL,Robe/Jupe,1.0,425.0,404.0,233.75,170.25,42.14
TXN_006412,2022-01-03,Mar-22,AVIN  ,J0110,J0110-SKD-XXL,XXL,Robe/Jupe,1.0,1181.25,1122.0,649.69,472.31,42.1
TXN_006416,2022-01-03,Mar-22,AVIN  ,J0197,J0197-TP-S,S,Robe/Jupe,1.0,562.5,534.0,309.38,224.62,42.06
TXN_005971,2022-01-03,Mar-22,AVIN  ,SET243,SET243-KR-PP-L,L,Ensemble,1.0,687.5,653.0,378.13,274.87,42.09
TXN_006417,2022-01-03,Mar-22,AVIN  ,J0301,J0301-TP-XXXL,XXXL,Robe/Jupe,1.0,387.5,368.0,213.13,154.87,42.08
TXN_006418,2022-01-03,Mar-22,AVIN  ,J0336,J0336-TP-L,L,Robe/Jupe,1.0,537.5,511.0,295.62,215.38,42.15
TXN_006419,2022-01-03,Mar-22,AVIN  ,J0337,J0337-TP-L,L,Robe/Jupe,1.0,425.0,404.0,233.75,170.25,42.14
TXN_006420,2022-01-03,Mar-22,AVIN  ,J0344,J0344-TP-L,L,Robe/Jupe,1.0,425.0,404.0,233.75,170.25,42.14
TXN_006421,2022-01-03,Mar-22,AVIN  ,JNE3554,JNE3554-KR-S,S,Robe/Jupe,1.0,462.5,439.0,254.38,184.62,42.05
TXN_006422,2022-01-03,Mar-22,AVIN  ,JNE3639,JNE3639-TP-XXL,XXL,Robe/Jupe,1.0,425.0,404.0,233.75,170.25,42.14
TXN_006423,2022-01-03,Mar-22,AVIN  ,JNE3686,JNE3686-TU-M,M,Robe/Jupe,1.0,456.25,433.0,250.94,182.06,42.05
TXN_006424,2022-01-03,Mar-22,AVIN  ,PJNE1906,PJNE1906-KR-6XL,6XL,Autre,1.0,587.5,558.0,323.12,234.88,42.09
TXN_006425,2022-01-03,Mar-22,AVIN  ,PJNE2014,PJNE2014-KR-6XL,6XL,Autre,1.0,650.0,618.0,357.5,260.5,42.15
TXN_006426,2022-01-03,Mar-22,AVIN  ,SET098,SET098-KR-PP-S,S,Ensemble,1.0,900.0,855.0,495.0,360.0,42.11
TXN_006427,2022-01-03,Mar-22,AVIN  ,SET156,SET156-KR-NP-S,S,Ensemble,1.0,925.0,879.0,508.75,370.25,42.12
TXN_006428,2022-01-03,Mar-22,AVIN  ,SET171,SET171-KR-NP-XS,XS,Ensemble,1.0,1056.25,1003.0,580.94,422.06,42.08
TXN_006429,2022-01-03,Mar-22,AVIN  ,SET224,SET224-KR-NP-XXL,XXL,Ensemble,1.0,1587.5,1508.0,873.13,634.87,42.1
TXN_006415,2022-01-03,Mar-22,AVIN  ,J0120,J0120-TP-XXL,XXL,Robe/Jupe,1.0,387.5,368.0,213.13,154.87,42.08
TXN_005970,2022-01-03,Mar-22,AVIN  ,SET226,SET226-KR-PP-XXL,XXL,Ensemble,1.0,812.5,772.0,446.88,325.12,42.11
TXN_005960,2022-01-03,Mar-22,AVIN  ,J0344,J0344-TP-L,L,Robe/Jupe,1.0,425.0,404.0,233.75,170.25,42.14
TXN_005968,2022-01-03,Mar-22,AVIN  ,SET171,SET171-KR-NP-XS,XS,Ensemble,1.0,1056.25,1003.0,580.94,422.06,42.08
TXN_005969,2022-01-03,Mar-22,AVIN  ,SET224,SET224-KR-NP-XXL,XXL,Ensemble,1.0,1587.5,1508.0,873.13,634.87,42.1
TXN_003514,2022-01-03,Mar-22,AVIN  ,SET171,SET171-KR-NP-XS,XS,Ensemble,1.0,1056.25,1003.0,580.94,422.06,42.08
TXN_003513,2022-01-03,Mar-22,AVIN  ,SET156,SET156-KR-NP-S,S,Ensemble,1.0,925.0,879.0,508.75,370.25,42.12
TXN_003512,2022-01-03,Mar-22,AVIN  ,SET098,SET098-KR-PP-S,S,Ensemble,1.0,900.0,855.0,495.0,360.0,42.11
TXN_003511,2022-01-03,Mar-22,AVIN  ,PJNE2014,PJNE2014-KR-6XL,6XL,Autre,1.0,650.0,618.0,357.5,260.5,42.15
TXN_003510,2022-01-03,Mar-22,AVIN  ,PJNE1906,PJNE1906-KR-6XL,6XL,Autre,1.0,587.5,558.0,323.12,234.88,42.09
TXN_003509,2022-01-03,Mar-22,AVIN  ,JNE3686,JNE3686-TU-M,M,Robe/Jupe,1.0,456.25,433.0,250.94,182.06,42.05
TXN_003508,2022-01-03,Mar-22,AVIN  ,JNE3639,JNE3639-TP-XXL,XXL,Robe/Jupe,1.0,425.0,404.0,233.75,170.25,42.14
TXN_003507,2022-01-03,Mar-22,AVIN  ,JNE3554,JNE3554-KR-S,S,Robe/Jupe,1.0,462.5,439.0,254.38,184.62,42.05
TXN_003506,2022-01-03,Mar-22,AVIN  ,J0344,J0344-TP-L,L,Robe/Jupe,1.0,425.0,404.0,233.75,170.25,42.14
TXN_003505,2022-01-03,Mar-22,AVIN  ,J0337,J0337-TP-L,L,Robe/Jupe,1.0,425.0,404.0,233.75,170.25,42.14
TXN_003504,2022-01-03,Mar-22,AVIN  ,J0336,J0336-TP-L,L,Robe/Jupe,1.0,537.5,511.0,295.62,215.38,42.15
TXN_003503,2022-01-03,Mar-22,AVIN  ,J0301,J0301-TP-XXXL,XXXL,Robe/Jupe,1.0,387.5,368.0,213.13,154.87,42.08
TXN_003502,2022-01-03,Mar-22,AVIN  ,J0197,J0197-TP-S,S,Robe/Jupe,1.0,562.5,534.0,309.38,224.62,42.06
TXN_003501,2022-01-03,Mar-22,AVIN  ,J0120,J0120-TP-XXL,XXL,Robe/Jupe,1.0,387.5,368.0,213.13,154.87,42.08
TXN_003500,2022-01-03,Mar-22,AVIN  ,J0118,J0118-TP-XXL,XXL,Robe/Jupe,1.0,425.0,404.0,233.75,170.25,42.14
TXN_003499,2022-01-03,Mar-22,AVIN  ,J0118,J0118-TP-XXL,XXL,Robe/Jupe,1.0,425.0,404.0,233.75,170.25,42.14
TXN_003498,2022-01-03,Mar-22,AVIN  ,J0110,J0110-SKD-XXL,XXL,Robe/Jupe,1.0,1181.25,1122.0,649.69,472.31,42.1
TXN_003497,2022-01-03,Mar-22,AVIN  ,J0024,J0024-KR-XS,XS,Robe/Jupe,1.0,437.5,416.0,240.63,175.37,42.16
TXN_003516,2022-01-03,Mar-22,AVIN  ,SET226,SET226-KR-PP-XXL,XXL,Ensemble,1.0,812.5,772.0,446.88,325.12,42.11
TXN_003517,2022-01-03,Mar-22,AVIN  ,SET243,SET243-KR-PP-L,L,Ensemble,1.0,687.5,653.0,378.13,274.87,42.09
TXN_003515,2022-01-03,Mar-22,AVIN  ,SET224,SET224-KR-NP-XXL,XXL,Ensemble,1.0,1587.5,1508.0,873.13,634.87,42.1
TXN_003519,2022-01-03,Mar-22,AVIN  ,SET269,SET269-KR-NP-S,S,Ensemble,1.0,975.0,926.0,536.25,389.75,42.09
TXN_005967,2022-01-03,Mar-22,AVIN  ,SET156,SET156-KR-NP-S,S,Ensemble,1.0,925.0,879.0,508.75,370.25,42.12
TXN_005966,2022-01-03,Mar-22,AVIN  ,SET098,SET098-KR-PP-S,S,Ensemble,1.0,900.0,855.0,495.0,360.0,42.11
TXN_005965,2022-01-03,Mar-22,AVIN  ,PJNE2014,PJNE2014-KR-6XL,6XL,Autre,1.0,650.0,618.0,357.5,260.5,42.15
TXN_005964,2022-01-03,Mar-22,AVIN  ,PJNE1906,PJNE1906-KR-6XL,6XL,Autre,1.0,587.5,558.0,323.12,234.88,42.09
TXN_005963,2022-01-03,Mar-22,AVIN  ,JNE3686,JNE3686-TU-M,M,Robe/Jupe,1.0,456.25,433.0,250.94,182.06,42.05
TXN_005962,2022-01-03,Mar-22,AVIN  ,JNE3639,JNE3639-TP-XXL,XXL,Robe/Jupe,1.0,425.0,404.0,233.75,170.25,42.14
TXN_003518,2022-01-03,Mar-22,AVIN  ,SET268,SET268-KR-NP-M,M,Ensemble,1.0,925.0,879.0,508.75,370.25,42.12
TXN_005959,2022-01-03,Mar-22,AVIN  ,J0337,J0337-TP-L,L,Robe/Jupe,1.0,425.0,404.0,233.75,170.25,42.14
TXN_005958,2022-01-03,Mar-22,AVIN  ,J0336,J0336-TP-L,L,Robe/Jupe,1.0,537.5,511.0,295.62,215.38,42.15
TXN_005957,2022-01-03,Mar-22,AVIN  ,J0301,J0301-TP-XXXL,XXXL,Robe/Jupe,1.0,387.5,368.0,213.13,154.87,42.08
TXN_005961,2022-01-03,Mar-22,AVIN  ,JNE3554,JNE3554-KR-S,S,Robe/Jupe,1.0,462.5,439.0,254.38,184.62,42.05
TXN_005955,2022-01-03,Mar-22,AVIN  ,J0120,J0120-TP-XXL,XXL,Robe/Jupe,1.0,387.5,368.0,213.13,154.87,42.08
TXN_005954,2022-01-03,Mar-22,AVIN  ,J0118,J0118-TP-XXL,XXL,Robe/Jupe,1.0,425.0,404.0,233.75,170.25,42.14
TXN_005953,2022-01-03,Mar-22,AVIN  ,J0118,J0118-TP-XXL,XXL,Robe/Jupe,1.0,425.0,404.0,233.75,170.25,42.14
TXN_005952,2022-01-03,Mar-22,AVIN  ,J0110,J0110-SKD-XXL,XXL,Robe/Jupe,1.0,1181.25,1122.0,649.69,472.31,42.1
TXN_005951,2022-01-03,Mar-22,AVIN  ,J0024,J0024-KR-XS,XS,Robe/Jupe,1.0,437.5,416.0,240.63,175.37,42.16
TXN_003522,2022-01-03,Mar-22,AVIN  ,SET328,SET328-KR-NP-XXL,XXL,Ensemble,1.0,650.0,618.0,357.5,260.5,42.15
TXN_003521,2022-01-03,Mar-22,AVIN  ,SET293,SET293-KR-NP-S,S,Ensemble,1.0,775.0,736.0,426.25,309.75,42.09
TXN_003520,2022-01-03,Mar-22,AVIN  ,SET287,SET287-KR-NP-L,L,Ensemble,1.0,612.5,582.0,336.88,245.12,42.12
TXN_005956,2022-01-03,Mar-22,AVIN  ,J0197,J0197-TP-S,S,Robe/Jupe,1.0,562.5,534.0,309.38,224.62,42.06
TXN_006991,2022-01-04,Apr-22,Nitha Pushpangadan Sarala,SET320,,XL,Ensemble,1.0,1000.0,1000.0,550.0,450.0,45.0
TXN_006990,2022-01-04,Apr-22,Nitha Pushpangadan Sarala,SET197,,M,Ensemble,1.0,787.5,787.5,433.13,354.37,45.0
TXN_006989,2022-01-04,Apr-22,Nitha Pushpangadan Sarala,SET197,,L,Ensemble,1.0,787.5,787.5,433.13,354.37,45.0
TXN_006992,2022-01-04,Apr-22,Nitha Pushpangadan Sarala,SET320,,L,Ensemble,1.0,1000.0,1000.0,550.0,450.0,45.0
TXN_006987,2022-01-04,Apr-22,Nitha Pushpangadan Sarala,SET322,,XL,Ensemble,1.0,1237.5,1237.5,680.62,556.88,45.0
TXN_006986,2022-01-04,Apr-22,Nitha Pushpangadan Sarala,SET322,,L,Ensemble,1.0,1237.5,1237.5,680.62,556.88,45.0
TXN_006988,2022-01-04,Apr-22,Nitha Pushpangadan Sarala,SET197,,XL,Ensemble,1.0,787.5,787.5,433.13,354.37,45.0
TXN_006993,2022-01-04,Apr-22,Nitha Pushpangadan Sarala,SET320,,M,Ensemble,1.0,1000.0,1000.0,550.0,450.0,45.0
TXN_006995,2022-01-04,Apr-22,Nitha Pushpangadan Sarala,J0280,,M,Robe/Jupe,1.0,1795.0,1795.0,987.25,807.75,45.0
TXN_007014,2022-01-04,Apr-22,Nitha Pushpangadan Sarala,J0008,,L,Robe/Jupe,1.0,1275.0,1275.0,701.25,573.75,45.0
TXN_007013,2022-01-04,Apr-22,Nitha Pushpangadan Sarala,J0008,,L,Robe/Jupe,1.0,1275.0,1275.0,701.25,573.75,45.0
TXN_007003,2022-01-04,Apr-22,Nitha Pushpangadan Sarala,SET264,,L,Ensemble,1.0,812.5,812.5,446.88,365.62,45.0
TXN_007004,2022-01-04,Apr-22,Nitha Pushpangadan Sarala,SET264,,XL,Ensemble,1.0,812.5,812.5,446.88,365.62,45.0
TXN_007005,2022-01-04,Apr-22,Nitha Pushpangadan Sarala,SET265,,L,Ensemble,1.0,975.0,975.0,536.25,438.75,45.0
TXN_007007,2022-01-04,Apr-22,Nitha Pushpangadan Sarala,SET319,,XL,Ensemble,1.0,975.0,975.0,536.25,438.75,45.0
TXN_007008,2022-01-04,Apr-22,Nitha Pushpangadan Sarala,SET319,,L,Ensemble,1.0,975.0,975.0,536.25,438.75,45.0
TXN_007009,2022-01-04,Apr-22,Nitha Pushpangadan Sarala,SET413,,XL,Ensemble,1.0,925.0,925.0,508.75,416.25,45.0
TXN_007010,2022-01-04,Apr-22,Nitha Pushpangadan Sarala,SET413,,L,Ensemble,1.0,925.0,925.0,508.75,416.25,45.0
TXN_007006,2022-01-04,Apr-22,Nitha Pushpangadan Sarala,SET265,,XL,Ensemble,1.0,975.0,975.0,536.25,438.75,45.0
TXN_006994,2022-01-04,Apr-22,Nitha Pushpangadan Sarala,J0279,,M,Robe/Jupe,1.0,1237.5,1237.5,680.62,556.88,45.0
TXN_006996,2022-01-04,Apr-22,Nitha Pushpangadan Sarala,J0280,,L,Robe/Jupe,1.0,1795.0,1795.0,987.25,807.75,45.0
TXN_006997,2022-01-04,Apr-22,Nitha Pushpangadan Sarala,J0280,,XL,Robe/Jupe,1.0,1795.0,1795.0,987.25,807.75,45.0
TXN_007011,2022-01-04,Apr-22,Nitha Pushpangadan Sarala,J0282,,L,Robe/Jupe,1.0,1162.5,1162.5,639.38,523.12,45.0
TXN_006998,2022-01-04,Apr-22,Nitha Pushpangadan Sarala,J0281,,L,Robe/Jupe,1.0,1695.0,1695.0,932.25,762.75,45.0
TXN_007002,2022-01-04,Apr-22,Nitha Pushpangadan Sarala,SET405,,XL,Ensemble,1.0,812.5,812.5,446.88,365.62,45.0
TXN_007000,2022-01-04,Apr-22,Nitha Pushpangadan Sarala,SET302,,L,Ensemble,1.0,1037.5,1037.5,570.62,466.88,45.0
TXN_007001,2022-01-04,Apr-22,Nitha Pushpangadan Sarala,SET405,,L,Ensemble,2.0,812.5,1625.0,893.75,731.25,45.0
TXN_007012,2022-01-04,Apr-22,Nitha Pushpangadan Sarala,J0282,,XL,Robe/Jupe,1.0,1162.5,1162.5,639.38,523.12,45.0
TXN_006999,2022-01-04,Apr-22,Nitha Pushpangadan Sarala,J0281,,XL,Robe/Jupe,1.0,1695.0,1695.0,932.25,762.75,45.0
TXN_006445,2022-03-03,Mar-22,SHILPI KUMARI,JNE3440,JNE3440-KR-L,L,Robe/Jupe,1.0,387.5,368.0,213.13,154.87,42.08
TXN_006437,2022-03-03,Mar-22,SHILPI KUMARI,JNE2101,JNE2101-KR-210-L,L,Robe/Jupe,1.0,306.25,291.0,168.44,122.56,42.12
TXN_006438,2022-03-03,Mar-22,SHILPI KUMARI,JNE2101,JNE2101-KR-210-M,M,Robe/Jupe,1.0,306.25,291.0,168.44,122.56,42.12
TXN_006440,2022-03-03,Mar-22,SHILPI KUMARI,JNE2101,JNE2101-KR-210-XL,XL,Robe/Jupe,1.0,306.25,291.0,168.44,122.56,42.12
TXN_006441,2022-03-03,Mar-22,SHILPI KUMARI,JNE3405,JNE3405-KR-L,L,Robe/Jupe,1.0,350.0,332.0,192.5,139.5,42.02
TXN_006442,2022-03-03,Mar-22,SHILPI KUMARI,JNE3405,JNE3405-KR-M,M,Robe/Jupe,1.0,350.0,332.0,192.5,139.5,42.02
TXN_006443,2022-03-03,Mar-22,SHILPI KUMARI,JNE3405,JNE3405-KR-S,S,Robe/Jupe,1.0,350.0,332.0,192.5,139.5,42.02
TXN_006444,2022-03-03,Mar-22,SHILPI KUMARI,JNE3405,JNE3405-KR-XL,XL,Robe/Jupe,1.0,350.0,332.0,192.5,139.5,42.02
TXN_006439,2022-03-03,Mar-22,SHILPI KUMARI,JNE2101,JNE2101-KR-210-S,S,Robe/Jupe,1.0,306.25,291.0,168.44,122.56,42.12
TXN_006179,2022-03-03,Mar-22,KHANJANA MOJEE,SET266,SET266-KR-NP-M,M,Ensemble,1.0,925.0,925.0,508.75,416.25,45.0
TXN_006447,2022-03-03,Mar-22,SHILPI KUMARI,JNE3440,JNE3440-KR-M,M,Robe/Jupe,1.0,387.5,368.0,213.13,154.87,42.08
TXN_006465,2022-03-03,Mar-22,SHILPI KUMARI,JNE3489,JNE3489-KR-S,S,Robe/Jupe,1.0,387.5,368.0,213.13,154.87,42.08
TXN_006464,2022-03-03,Mar-22,SHILPI KUMARI,JNE3489,JNE3489-KR-M,M,Robe/Jupe,1.0,387.5,368.0,213.13,154.87,42.08
TXN_006463,2022-03-03,Mar-22,SHILPI KUMARI,JNE3489,JNE3489-KR-M,M,Robe/Jupe,1.0,387.5,368.0,213.13,154.87,42.08
TXN_006462,2022-03-03,Mar-22,SHILPI KUMARI,JNE3489,JNE3489-KR-L,L,Robe/Jupe,1.0,387.5,368.0,213.13,154.87,42.08
TXN_006461,2022-03-03,Mar-22,SHILPI KUMARI,JNE3489,JNE3489-KR-L,L,Robe/Jupe,1.0,387.5,368.0,213.13,154.87,42.08
TXN_006460,2022-03-03,Mar-22,SHILPI KUMARI,JNE3480,JNE3480-KR-XL,XL,Robe/Jupe,1.0,293.75,279.0,161.56,117.44,42.09
TXN_006459,2022-03-03,Mar-22,SHILPI KUMARI,JNE3480,JNE3480-KR-S,S,Robe/Jupe,1.0,293.75,279.0,161.56,117.44,42.09
TXN_006458,2022-03-03,Mar-22,SHILPI KUMARI,JNE3480,JNE3480-KR-M,M,Robe/Jupe,1.0,293.75,279.0,161.56,117.44,42.09
TXN_006457,2022-03-03,Mar-22,SHILPI KUMARI,JNE3480,JNE3480-KR-L,L,Robe/Jupe,1.0,293.75,279.0,161.56,117.44,42.09
TXN_006456,2022-03-03,Mar-22,SHILPI KUMARI,JNE3479,JNE3479-KR-XL,XL,Robe/Jupe,1.0,293.75,279.0,161.56,117.44,42.09
TXN_006455,2022-03-03,Mar-22,SHILPI KUMARI,JNE3479,JNE3479-KR-S,S,Robe/Jupe,1.0,293.75,279.0,161.56,117.44,42.09
TXN_006454,2022-03-03,Mar-22,SHILPI KUMARI,JNE3479,JNE3479-KR-M,M,Robe/Jupe,1.0,293.75,279.0,161.56,117.44,42.09
TXN_006453,2022-03-03,Mar-22,SHILPI KUMARI,JNE3479,JNE3479-KR-L,L,Robe/Jupe,1.0,293.75,279.0,161.56,117.44,42.09
TXN_006452,2022-03-03,Mar-22,SHILPI KUMARI,JNE3440,JNE3440-KR-XL,XL,Robe/Jupe,1.0,387.5,368.0,213.13,154.87,42.08
TXN_006451,2022-03-03,Mar-22,SHILPI KUMARI,JNE3440,JNE3440-KR-XL,XL,Robe/Jupe,1.0,387.5,368.0,213.13,154.87,42.08
TXN_006450,2022-03-03,Mar-22,SHILPI KUMARI,JNE3440,JNE3440-KR-S,S,Robe/Jupe,1.0,387.5,368.0,213.13,154.87,42.08
TXN_006448,2022-03-03,Mar-22,SHILPI KUMARI,JNE3440,JNE3440-KR-M,M,Robe/Jupe,1.0,387.5,368.0,213.13,154.87,42.08
TXN_006446,2022-03-03,Mar-22,SHILPI KUMARI,JNE3440,JNE3440-KR-L,L,Robe/Jupe,1.0,387.5,368.0,213.13,154.87,42.08
TXN_006449,2022-03-03,Mar-22,SHILPI KUMARI,JNE3440,JNE3440-KR-S,S,Robe/Jupe,1.0,387.5,368.0,213.13,154.87,42.08
TXN_006557,2022-03-03,Mar-22,SHILPI KUMARI,SET262,SET262-KR-NP-L,L,Ensemble,1.0,743.75,707.0,409.06,297.94,42.14
TXN_006556,2022-03-03,Mar-22,SHILPI KUMARI,SET252,SET252-KR-PP-XL.,XL,Ensemble,1.0,887.5,843.0,488.13,354.87,42.1
TXN_006582,2022-03-03,Mar-22,YASSHLINY KUNJU,J0094,J0094-KR-XL,XL,Robe/Jupe,2.0,718.75,1366.0,790.63,575.37,42.12
TXN_006583,2022-03-03,Mar-22,YASSHLINY KUNJU,J0094,J0094-KR-XXXL,XXXL,Robe/Jupe,1.0,718.75,683.0,395.31,287.69,42.12
TXN_006195,2022-03-03,Mar-22,KHANJANA MOJEE,SET405,SET405-KR-NP-XXXL,XXXL,Ensemble,1.0,812.5,812.0,446.88,365.12,44.97
TXN_006194,2022-03-03,Mar-22,KHANJANA MOJEE,SET394,SET394-KR-NP-M,M,Ensemble,1.0,1475.0,1475.0,811.25,663.75,45.0
TXN_006193,2022-03-03,Mar-22,KHANJANA MOJEE,SET393,SET393-KR-NP-XXL,XXL,Ensemble,1.0,1350.0,1350.0,742.5,607.5,45.0
TXN_006192,2022-03-03,Mar-22,KHANJANA MOJEE,SET363,SET363-KR-NP-S,S,Ensemble,1.0,1550.0,1550.0,852.5,697.5,45.0
TXN_006191,2022-03-03,Mar-22,KHANJANA MOJEE,SET358,SET358-KR-NP-XL,XL,Ensemble,1.0,1550.0,1550.0,852.5,697.5,45.0
TXN_006190,2022-03-03,Mar-22,KHANJANA MOJEE,SET355,SET355-KR-PP-L,L,Ensemble,1.0,1625.0,1625.0,893.75,731.25,45.0
TXN_006581,2022-03-03,Mar-22,YASSHLINY KUNJU,J0094,J0094-KR-XS,XS,Robe/Jupe,1.0,718.75,683.0,395.31,287.69,42.12
TXN_006189,2022-03-03,Mar-22,KHANJANA MOJEE,SET353,SET353-KR-NP-S,S,Ensemble,1.0,975.0,975.0,536.25,438.75,45.0
TXN_006187,2022-03-03,Mar-22,KHANJANA MOJEE,SET331,SET331-KR-NP-XL,XL,Ensemble,1.0,650.0,650.0,357.5,292.5,45.0
TXN_006186,2022-03-03,Mar-22,KHANJANA MOJEE,SET323,SET323-KR-NP-XXL,XXL,Ensemble,1.0,1162.5,1162.0,639.38,522.62,44.98
TXN_006185,2022-03-03,Mar-22,KHANJANA MOJEE,SET322,SET322-KR-SHA-L,L,Ensemble,1.0,1237.5,1238.0,680.62,557.38,45.02
TXN_006184,2022-03-03,Mar-22,KHANJANA MOJEE,SET320,SET320-KR-NP-M,M,Ensemble,1.0,1000.0,1000.0,550.0,450.0,45.0
TXN_006183,2022-03-03,Mar-22,KHANJANA MOJEE,SET293,SET293-KR-NP-XXXL,XXXL,Ensemble,1.0,775.0,775.0,426.25,348.75,45.0
TXN_006182,2022-03-03,Mar-22,KHANJANA MOJEE,SET285,SET285-KR-SHA-L,L,Ensemble,1.0,612.5,612.0,336.88,275.12,44.95
TXN_006181,2022-03-03,Mar-22,KHANJANA MOJEE,SET267,SET267-KR-NP-XXL,XXL,Ensemble,1.0,925.0,925.0,508.75,416.25,45.0
TXN_006180,2022-03-03,Mar-22,KHANJANA MOJEE,SET267,SET267-KR-NP-L,L,Ensemble,1.0,925.0,925.0,508.75,416.25,45.0
TXN_006188,2022-03-03,Mar-22,KHANJANA MOJEE,SET344,SET344-KR-NP-XXL,XXL,Ensemble,1.0,1312.5,1312.0,721.88,590.12,44.98
TXN_006580,2022-03-03,Mar-22,YASSHLINY KUNJU,J0094,J0094-KR-S,S,Robe/Jupe,1.0,718.75,683.0,395.31,287.69,42.12
TXN_006579,2022-03-03,Mar-22,YASSHLINY KUNJU,J0094,J0094-KR-M,M,Robe/Jupe,1.0,718.75,683.0,395.31,287.69,42.12
TXN_006578,2022-03-03,Mar-22,YASSHLINY KUNJU,J0090,J0090-TP-M,M,Robe/Jupe,1.0,693.75,659.0,381.56,277.44,42.1
TXN_006466,2022-03-03,Mar-22,SHILPI KUMARI,JNE3489,JNE3489-KR-S,S,Robe/Jupe,1.0,387.5,368.0,213.13,154.87,42.08
TXN_006558,2022-03-03,Mar-22,SHILPI KUMARI,SET262,SET262-KR-NP-M,M,Ensemble,1.0,743.75,707.0,409.06,297.94,42.14
TXN_006559,2022-03-03,Mar-22,SHILPI KUMARI,SET262,SET262-KR-NP-S,S,Ensemble,1.0,743.75,707.0,409.06,297.94,42.14
TXN_006560,2022-03-03,Mar-22,SHILPI KUMARI,SET262,SET262-KR-NP-XL,XL,Ensemble,1.0,743.75,707.0,409.06,297.94,42.14
TXN_006561,2022-03-03,Mar-22,SHILPI KUMARI,SET267,SET267-KR-NP-L,L,Ensemble,1.0,925.0,879.0,508.75,370.25,42.12
TXN_006562,2022-03-03,Mar-22,SHILPI KUMARI,SET267,SET267-KR-NP-M,M,Ensemble,1.0,925.0,879.0,508.75,370.25,42.12
TXN_006563,2022-03-03,Mar-22,SHILPI KUMARI,SET267,SET267-KR-NP-S,S,Ensemble,1.0,925.0,879.0,508.75,370.25,42.12
TXN_006564,2022-03-03,Mar-22,SHILPI KUMARI,SET267,SET267-KR-NP-XL,XL,Ensemble,1.0,925.0,879.0,508.75,370.25,42.12
TXN_006565,2022-03-03,Mar-22,SHILPI KUMARI,SET273,SET273-KR-NP-M,M,Ensemble,5.0,687.5,3266.0,1890.63,1375.37,42.11
TXN_006566,2022-03-03,Mar-22,SHILPI KUMARI,SET273,SET273-KR-NP-S,S,Ensemble,1.0,687.5,653.0,378.13,274.87,42.09
TXN_006567,2022-03-03,Mar-22,SHILPI KUMARI,SET285,SET285-KR-SHA-L,L,Ensemble,1.0,612.5,582.0,336.88,245.12,42.12
TXN_006568,2022-03-03,Mar-22,SHILPI KUMARI,SET285,SET285-KR-SHA-M,M,Ensemble,1.0,612.5,582.0,336.88,245.12,42.12
TXN_006569,2022-03-03,Mar-22,SHILPI KUMARI,SET285,SET285-KR-SHA-S,S,Ensemble,1.0,612.5,582.0,336.88,245.12,42.12
TXN_006572,2022-03-03,Mar-22,YASSHLINY KUNJU,J0009,J0009-SKD-XXL,XXL,Robe/Jupe,1.0,1125.0,1069.0,618.75,450.25,42.12
TXN_006573,2022-03-03,Mar-22,YASSHLINY KUNJU,J0086,J0086-DR-XL,XL,Robe/Jupe,1.0,618.75,588.0,340.31,247.69,42.12
TXN_006574,2022-03-03,Mar-22,YASSHLINY KUNJU,J0086,J0086-DR-XXL,XXL,Robe/Jupe,1.0,618.75,588.0,340.31,247.69,42.12
TXN_006575,2022-03-03,Mar-22,YASSHLINY KUNJU,J0086,J0086-DR-S,S,Robe/Jupe,1.0,618.75,588.0,340.31,247.69,42.12
TXN_006576,2022-03-03,Mar-22,YASSHLINY KUNJU,J0086,J0086-DR-XS,XS,Robe/Jupe,1.0,618.75,588.0,340.31,247.69,42.12
TXN_006577,2022-03-03,Mar-22,YASSHLINY KUNJU,J0086,J0086-DR-M,M,Robe/Jupe,1.0,618.75,588.0,340.31,247.69,42.12
TXN_006555,2022-03-03,Mar-22,SHILPI KUMARI,SET252,SET252-KR-PP-S.,S,Ensemble,1.0,887.5,843.0,488.13,354.87,42.1
TXN_006467,2022-03-03,Mar-22,SHILPI KUMARI,JNE3489,JNE3489-KR-XL,XL,Robe/Jupe,1.0,387.5,368.0,213.13,154.87,42.08
TXN_006471,2022-03-03,Mar-22,SHILPI KUMARI,JNE3546,JNE3546-KR-M,M,Robe/Jupe,1.0,425.0,404.0,233.75,170.25,42.14
TXN_006469,2022-03-03,Mar-22,SHILPI KUMARI,JNE3546,JNE3546-KR-L,L,Robe/Jupe,1.0,425.0,404.0,233.75,170.25,42.14
TXN_006532,2022-03-03,Mar-22,SHILPI KUMARI,SET182,SET182-KR-DH-XL,XL,Ensemble,1.0,725.0,689.0,398.75,290.25,42.13
TXN_006531,2022-03-03,Mar-22,SHILPI KUMARI,SET182,SET182-KR-DH-S,S,Ensemble,1.0,725.0,689.0,398.75,290.25,42.13
TXN_006530,2022-03-03,Mar-22,SHILPI KUMARI,SET182,SET182-KR-DH-M,M,Ensemble,1.0,725.0,689.0,398.75,290.25,42.13
TXN_006529,2022-03-03,Mar-22,SHILPI KUMARI,SET182,SET182-KR-DH-L,L,Ensemble,1.0,725.0,689.0,398.75,290.25,42.13
TXN_006528,2022-03-03,Mar-22,SHILPI KUMARI,SET144,SET144-KR-NP-XL,XL,Ensemble,1.0,825.0,784.0,453.75,330.25,42.12
TXN_006527,2022-03-03,Mar-22,SHILPI KUMARI,SET144,SET144-KR-NP-S,S,Ensemble,1.0,825.0,784.0,453.75,330.25,42.12
TXN_006526,2022-03-03,Mar-22,SHILPI KUMARI,SET144,SET144-KR-NP-M,M,Ensemble,1.0,825.0,784.0,453.75,330.25,42.12
TXN_006525,2022-03-03,Mar-22,SHILPI KUMARI,SET144,SET144-KR-NP-L,L,Ensemble,1.0,825.0,784.0,453.75,330.25,42.12
TXN_006533,2022-03-03,Mar-22,SHILPI KUMARI,SET194,SET194-KR-NP-L,L,Ensemble,1.0,737.5,701.0,405.63,295.37,42.14
TXN_006524,2022-03-03,Mar-22,SHILPI KUMARI,SET098,SET098-KR-PP-XL,XL,Ensemble,1.0,900.0,855.0,495.0,360.0,42.11
TXN_006522,2022-03-03,Mar-22,SHILPI KUMARI,SET098,SET098-KR-PP-M,M,Ensemble,1.0,900.0,855.0,495.0,360.0,42.11
TXN_006521,2022-03-03,Mar-22,SHILPI KUMARI,SET098,SET098-KR-PP-L,L,Ensemble,1.0,900.0,855.0,495.0,360.0,42.11
TXN_006520,2022-03-03,Mar-22,SHILPI KUMARI,SET044,SET044-KR-NP-XL,XL,Ensemble,1.0,687.5,653.0,378.13,274.87,42.09
TXN_006519,2022-03-03,Mar-22,SHILPI KUMARI,SET044,SET044-KR-NP-S,S,Ensemble,1.0,687.5,653.0,378.13,274.87,42.09
TXN_006518,2022-03-03,Mar-22,SHILPI KUMARI,SET044,SET044-KR-NP-M,M,Ensemble,1.0,687.5,653.0,378.13,274.87,42.09
TXN_006517,2022-03-03,Mar-22,SHILPI KUMARI,SET044,SET044-KR-NP-L,L,Ensemble,1.0,687.5,653.0,378.13,274.87,42.09
TXN_006516,2022-03-03,Mar-22,SHILPI KUMARI,JNE3793,JNE3793-KR-XL,XL,Robe/Jupe,1.0,587.5,558.0,323.12,234.88,42.09
TXN_006515,2022-03-03,Mar-22,SHILPI KUMARI,JNE3793,JNE3793-KR-XL,XL,Robe/Jupe,1.0,587.5,558.0,323.12,234.88,42.09
TXN_006523,2022-03-03,Mar-22,SHILPI KUMARI,SET098,SET098-KR-PP-S,S,Ensemble,1.0,900.0,855.0,495.0,360.0,42.11
TXN_006514,2022-03-03,Mar-22,SHILPI KUMARI,JNE3793,JNE3793-KR-S,S,Robe/Jupe,1.0,587.5,558.0,323.12,234.88,42.09
TXN_006534,2022-03-03,Mar-22,SHILPI KUMARI,SET194,SET194-KR-NP-M,M,Ensemble,1.0,737.5,701.0,405.63,295.37,42.14
TXN_006536,2022-03-03,Mar-22,SHILPI KUMARI,SET194,SET194-KR-NP-XL,XL,Ensemble,1.0,737.5,701.0,405.63,295.37,42.14
TXN_006554,2022-03-03,Mar-22,SHILPI KUMARI,SET252,SET252-KR-PP-M.,M,Ensemble,1.0,887.5,843.0,488.13,354.87,42.1
TXN_006553,2022-03-03,Mar-22,SHILPI KUMARI,SET252,SET252-KR-PP-L,L,Ensemble,1.0,887.5,843.0,488.13,354.87,42.1
TXN_006552,2022-03-03,Mar-22,SHILPI KUMARI,SET246,SET246-KR-PP-XL,XL,Ensemble,1.0,593.75,564.0,326.56,237.44,42.1
TXN_006551,2022-03-03,Mar-22,SHILPI KUMARI,SET246,SET246-KR-PP-S,S,Ensemble,1.0,593.75,564.0,326.56,237.44,42.1
TXN_006550,2022-03-03,Mar-22,SHILPI KUMARI,SET246,SET246-KR-PP-M,M,Ensemble,1.0,593.75,564.0,326.56,237.44,42.1
TXN_006549,2022-03-03,Mar-22,SHILPI KUMARI,SET246,SET246-KR-PP-L,L,Ensemble,1.0,593.75,564.0,326.56,237.44,42.1
TXN_006548,2022-03-03,Mar-22,SHILPI KUMARI,SET236,SET236-KR-PP-XL,XL,Ensemble,1.0,750.0,712.0,412.5,299.5,42.06
TXN_006547,2022-03-03,Mar-22,SHILPI KUMARI,SET236,SET236-KR-PP-S,S,Ensemble,1.0,750.0,712.0,412.5,299.5,42.06
TXN_006535,2022-03-03,Mar-22,SHILPI KUMARI,SET194,SET194-KR-NP-S,S,Ensemble,1.0,737.5,701.0,405.63,295.37,42.14
TXN_006546,2022-03-03,Mar-22,SHILPI KUMARI,SET236,SET236-KR-PP-M,M,Ensemble,1.0,750.0,712.0,412.5,299.5,42.06
TXN_006544,2022-03-03,Mar-22,SHILPI KUMARI,SET232,SET232-KR-PP-XL,XL,Ensemble,1.0,656.25,623.0,360.94,262.06,42.06
TXN_006543,2022-03-03,Mar-22,SHILPI KUMARI,SET232,SET232-KR-PP-S,S,Ensemble,1.0,656.25,623.0,360.94,262.06,42.06
TXN_006542,2022-03-03,Mar-22,SHILPI KUMARI,SET232,SET232-KR-PP-M,M,Ensemble,1.0,656.25,623.0,360.94,262.06,42.06
TXN_006541,2022-03-03,Mar-22,SHILPI KUMARI,SET232,SET232-KR-PP-L,L,Ensemble,1.0,656.25,623.0,360.94,262.06,42.06
TXN_006540,2022-03-03,Mar-22,SHILPI KUMARI,SET205,SET205-KR-DPT-XL,XL,Ensemble,1.0,506.25,481.0,278.44,202.56,42.11
TXN_006539,2022-03-03,Mar-22,SHILPI KUMARI,SET205,SET205-KR-DPT-S,S,Ensemble,1.0,506.25,481.0,278.44,202.56,42.11
TXN_006538,2022-03-03,Mar-22,SHILPI KUMARI,SET205,SET205-KR-DPT-M,M,Ensemble,1.0,506.25,481.0,278.44,202.56,42.11
TXN_006537,2022-03-03,Mar-22,SHILPI KUMARI,SET205,SET205-KR-DPT-L,L,Ensemble,1.0,506.25,481.0,278.44,202.56,42.11
TXN_006545,2022-03-03,Mar-22,SHILPI KUMARI,SET236,SET236-KR-PP-L,L,Ensemble,1.0,750.0,712.0,412.5,299.5,42.06
TXN_006468,2022-03-03,Mar-22,SHILPI KUMARI,JNE3489,JNE3489-KR-XL,XL,Robe/Jupe,1.0,387.5,368.0,213.13,154.87,42.08
TXN_006513,2022-03-03,Mar-22,SHILPI KUMARI,JNE3793,JNE3793-KR-S,S,Robe/Jupe,1.0,587.5,558.0,323.12,234.88,42.09
TXN_006511,2022-03-03,Mar-22,SHILPI KUMARI,JNE3793,JNE3793-KR-M,M,Robe/Jupe,1.0,587.5,558.0,323.12,234.88,42.09
TXN_006488,2022-03-03,Mar-22,SHILPI KUMARI,JNE3701,JNE3701-KR-M,M,Robe/Jupe,1.0,462.5,439.0,254.38,184.62,42.05
TXN_006487,2022-03-03,Mar-22,SHILPI KUMARI,JNE3701,JNE3701-KR-M,M,Robe/Jupe,1.0,462.5,439.0,254.38,184.62,42.05
TXN_006486,2022-03-03,Mar-22,SHILPI KUMARI,JNE3701,JNE3701-KR-L,L,Robe/Jupe,1.0,462.5,439.0,254.38,184.62,42.05
TXN_006485,2022-03-03,Mar-22,SHILPI KUMARI,JNE3701,JNE3701-KR-L,L,Robe/Jupe,1.0,462.5,439.0,254.38,184.62,42.05
TXN_006484,2022-03-03,Mar-22,SHILPI KUMARI,JNE3622,JNE3622-KR-XL,XL,Robe/Jupe,1.0,462.5,439.0,254.38,184.62,42.05
TXN_006483,2022-03-03,Mar-22,SHILPI KUMARI,JNE3622,JNE3622-KR-XL,XL,Robe/Jupe,1.0,462.5,439.0,254.38,184.62,42.05
TXN_006482,2022-03-03,Mar-22,SHILPI KUMARI,JNE3622,JNE3622-KR-S,S,Robe/Jupe,1.0,462.5,439.0,254.38,184.62,42.05
TXN_006481,2022-03-03,Mar-22,SHILPI KUMARI,JNE3622,JNE3622-KR-S,S,Robe/Jupe,1.0,462.5,439.0,254.38,184.62,42.05
TXN_006489,2022-03-03,Mar-22,SHILPI KUMARI,JNE3701,JNE3701-KR-S,S,Robe/Jupe,1.0,462.5,439.0,254.38,184.62,42.05
TXN_006480,2022-03-03,Mar-22,SHILPI KUMARI,JNE3622,JNE3622-KR-M,M,Robe/Jupe,1.0,462.5,439.0,254.38,184.62,42.05
TXN_006478,2022-03-03,Mar-22,SHILPI KUMARI,JNE3622,JNE3622-KR-L,L,Robe/Jupe,1.0,462.5,439.0,254.38,184.62,42.05
TXN_006477,2022-03-03,Mar-22,SHILPI KUMARI,JNE3622,JNE3622-KR-L,L,Robe/Jupe,1.0,462.5,439.0,254.38,184.62,42.05
TXN_006476,2022-03-03,Mar-22,SHILPI KUMARI,JNE3546,JNE3546-KR-XL,XL,Robe/Jupe,1.0,425.0,404.0,233.75,170.25,42.14
TXN_006475,2022-03-03,Mar-22,SHILPI KUMARI,JNE3546,JNE3546-KR-XL,XL,Robe/Jupe,1.0,425.0,404.0,233.75,170.25,42.14
TXN_006474,2022-03-03,Mar-22,SHILPI KUMARI,JNE3546,JNE3546-KR-S,S,Robe/Jupe,1.0,425.0,404.0,233.75,170.25,42.14
TXN_006473,2022-03-03,Mar-22,SHILPI KUMARI,JNE3546,JNE3546-KR-S,S,Robe/Jupe,1.0,425.0,404.0,233.75,170.25,42.14
TXN_006472,2022-03-03,Mar-22,SHILPI KUMARI,JNE3546,JNE3546-KR-M,M,Robe/Jupe,1.0,425.0,404.0,233.75,170.25,42.14
TXN_006470,2022-03-03,Mar-22,SHILPI KUMARI,JNE3546,JNE3546-KR-L,L,Robe/Jupe,1.0,425.0,404.0,233.75,170.25,42.14
TXN_006479,2022-03-03,Mar-22,SHILPI KUMARI,JNE3622,JNE3622-KR-M,M,Robe/Jupe,1.0,462.5,439.0,254.38,184.62,42.05
TXN_006512,2022-03-03,Mar-22,SHILPI KUMARI,JNE3793,JNE3793-KR-M,M,Robe/Jupe,1.0,587.5,558.0,323.12,234.88,42.09
TXN_006490,2022-03-03,Mar-22,SHILPI KUMARI,JNE3701,JNE3701-KR-S,S,Robe/Jupe,1.0,462.5,439.0,254.38,184.62,42.05
TXN_006492,2022-03-03,Mar-22,SHILPI KUMARI,JNE3701,JNE3701-KR-XL,XL,Robe/Jupe,1.0,462.5,439.0,254.38,184.62,42.05
TXN_006510,2022-03-03,Mar-22,SHILPI KUMARI,JNE3793,JNE3793-KR-L,L,Robe/Jupe,1.0,587.5,558.0,323.12,234.88,42.09
TXN_006509,2022-03-03,Mar-22,SHILPI KUMARI,JNE3793,JNE3793-KR-L,L,Robe/Jupe,1.0,587.5,558.0,323.12,234.88,42.09
TXN_006508,2022-03-03,Mar-22,SHILPI KUMARI,JNE3790,JNE3790-KR-XL,XL,Robe/Jupe,1.0,562.5,534.0,309.38,224.62,42.06
TXN_006507,2022-03-03,Mar-22,SHILPI KUMARI,JNE3790,JNE3790-KR-XL,XL,Robe/Jupe,1.0,562.5,534.0,309.38,224.62,42.06
TXN_006506,2022-03-03,Mar-22,SHILPI KUMARI,JNE3790,JNE3790-KR-S,S,Robe/Jupe,1.0,562.5,534.0,309.38,224.62,42.06
TXN_006505,2022-03-03,Mar-22,SHILPI KUMARI,JNE3790,JNE3790-KR-S,S,Robe/Jupe,1.0,562.5,534.0,309.38,224.62,42.06
TXN_006504,2022-03-03,Mar-22,SHILPI KUMARI,JNE3790,JNE3790-KR-M,M,Robe/Jupe,1.0,562.5,534.0,309.38,224.62,42.06
TXN_006503,2022-03-03,Mar-22,SHILPI KUMARI,JNE3790,JNE3790-KR-M,M,Robe/Jupe,1.0,562.5,534.0,309.38,224.62,42.06
TXN_006491,2022-03-03,Mar-22,SHILPI KUMARI,JNE3701,JNE3701-KR-XL,XL,Robe/Jupe,1.0,462.5,439.0,254.38,184.62,42.05
TXN_006502,2022-03-03,Mar-22,SHILPI KUMARI,JNE3790,JNE3790-KR-L,L,Robe/Jupe,1.0,562.5,534.0,309.38,224.62,42.06
TXN_006500,2022-03-03,Mar-22,SHILPI KUMARI,JNE3775,JNE3775-KR-XL,XL,Robe/Jupe,1.0,525.0,499.0,288.75,210.25,42.13
TXN_006499,2022-03-03,Mar-22,SHILPI KUMARI,JNE3775,JNE3775-KR-S,S,Robe/Jupe,1.0,525.0,499.0,288.75,210.25,42.13
TXN_006498,2022-03-03,Mar-22,SHILPI KUMARI,JNE3775,JNE3775-KR-M,M,Robe/Jupe,1.0,525.0,499.0,288.75,210.25,42.13
TXN_006497,2022-03-03,Mar-22,SHILPI KUMARI,JNE3775,JNE3775-KR-L,L,Robe/Jupe,1.0,525.0,499.0,288.75,210.25,42.13
TXN_006496,2022-03-03,Mar-22,SHILPI KUMARI,JNE3736,JNE3736-KR-XL,XL,Robe/Jupe,1.0,537.5,511.0,295.62,215.38,42.15
TXN_006495,2022-03-03,Mar-22,SHILPI KUMARI,JNE3736,JNE3736-KR-S,S,Robe/Jupe,1.0,537.5,511.0,295.62,215.38,42.15
TXN_006494,2022-03-03,Mar-22,SHILPI KUMARI,JNE3736,JNE3736-KR-M,M,Robe/Jupe,1.0,537.5,511.0,295.62,215.38,42.15
TXN_006493,2022-03-03,Mar-22,SHILPI KUMARI,JNE3736,JNE3736-KR-L,L,Robe/Jupe,1.0,537.5,511.0,295.62,215.38,42.15
TXN_006501,2022-03-03,Mar-22,SHILPI KUMARI,JNE3790,JNE3790-KR-L,L,Robe/Jupe,1.0,562.5,534.0,309.38,224.62,42.06
TXN_006178,2022-03-03,Mar-22,KHANJANA MOJEE,SET265,SET265-KR-NP-XL,XL,Ensemble,1.0,975.0,975.0,536.25,438.75,45.0
TXN_006116,2022-03-03,Mar-22,YASSHLINY KUNJU,J0086,J0086-DR-XS,XS,Robe/Jupe,1.0,618.75,588.0,340.31,247.69,42.12
TXN_006176,2022-03-03,Mar-22,KHANJANA MOJEE,SET264,SET264-KR-NP-XXL,XXL,Ensemble,1.0,975.0,975.0,536.25,438.75,45.0
TXN_006017,2022-03-03,Mar-22,SHILPI KUMARI,JNE3622,JNE3622-KR-L,L,Robe/Jupe,1.0,462.5,439.0,254.38,184.62,42.05
TXN_006016,2022-03-03,Mar-22,SHILPI KUMARI,JNE3546,JNE3546-KR-XL,XL,Robe/Jupe,1.0,425.0,404.0,233.75,170.25,42.14
TXN_006015,2022-03-03,Mar-22,SHILPI KUMARI,JNE3546,JNE3546-KR-XL,XL,Robe/Jupe,1.0,425.0,404.0,233.75,170.25,42.14
TXN_006014,2022-03-03,Mar-22,SHILPI KUMARI,JNE3546,JNE3546-KR-S,S,Robe/Jupe,1.0,425.0,404.0,233.75,170.25,42.14
TXN_006013,2022-03-03,Mar-22,SHILPI KUMARI,JNE3546,JNE3546-KR-S,S,Robe/Jupe,1.0,425.0,404.0,233.75,170.25,42.14
TXN_006012,2022-03-03,Mar-22,SHILPI KUMARI,JNE3546,JNE3546-KR-M,M,Robe/Jupe,1.0,425.0,404.0,233.75,170.25,42.14
TXN_006011,2022-03-03,Mar-22,SHILPI KUMARI,JNE3546,JNE3546-KR-M,M,Robe/Jupe,1.0,425.0,404.0,233.75,170.25,42.14
TXN_006010,2022-03-03,Mar-22,SHILPI KUMARI,JNE3546,JNE3546-KR-L,L,Robe/Jupe,1.0,425.0,404.0,233.75,170.25,42.14
TXN_006009,2022-03-03,Mar-22,SHILPI KUMARI,JNE3546,JNE3546-KR-L,L,Robe/Jupe,1.0,425.0,404.0,233.75,170.25,42.14
TXN_006008,2022-03-03,Mar-22,SHILPI KUMARI,JNE3489,JNE3489-KR-XL,XL,Robe/Jupe,1.0,387.5,368.0,213.13,154.87,42.08
TXN_006007,2022-03-03,Mar-22,SHILPI KUMARI,JNE3489,JNE3489-KR-XL,XL,Robe/Jupe,1.0,387.5,368.0,213.13,154.87,42.08
TXN_006006,2022-03-03,Mar-22,SHILPI KUMARI,JNE3489,JNE3489-KR-S,S,Robe/Jupe,1.0,387.5,368.0,213.13,154.87,42.08
TXN_006005,2022-03-03,Mar-22,SHILPI KUMARI,JNE3489,JNE3489-KR-S,S,Robe/Jupe,1.0,387.5,368.0,213.13,154.87,42.08
TXN_006004,2022-03-03,Mar-22,SHILPI KUMARI,JNE3489,JNE3489-KR-M,M,Robe/Jupe,1.0,387.5,368.0,213.13,154.87,42.08
TXN_006003,2022-03-03,Mar-22,SHILPI KUMARI,JNE3489,JNE3489-KR-M,M,Robe/Jupe,1.0,387.5,368.0,213.13,154.87,42.08
TXN_006002,2022-03-03,Mar-22,SHILPI KUMARI,JNE3489,JNE3489-KR-L,L,Robe/Jupe,1.0,387.5,368.0,213.13,154.87,42.08
TXN_006001,2022-03-03,Mar-22,SHILPI KUMARI,JNE3489,JNE3489-KR-L,L,Robe/Jupe,1.0,387.5,368.0,213.13,154.87,42.08
TXN_006000,2022-03-03,Mar-22,SHILPI KUMARI,JNE3480,JNE3480-KR-XL,XL,Robe/Jupe,1.0,293.75,279.0,161.56,117.44,42.09
TXN_005999,2022-03-03,Mar-22,SHILPI KUMARI,JNE3480,JNE3480-KR-S,S,Robe/Jupe,1.0,293.75,279.0,161.56,117.44,42.09
TXN_005998,2022-03-03,Mar-22,SHILPI KUMARI,JNE3480,JNE3480-KR-M,M,Robe/Jupe,1.0,293.75,279.0,161.56,117.44,42.09
TXN_005997,2022-03-03,Mar-22,SHILPI KUMARI,JNE3480,JNE3480-KR-L,L,Robe/Jupe,1.0,293.75,279.0,161.56,117.44,42.09
TXN_005996,2022-03-03,Mar-22,SHILPI KUMARI,JNE3479,JNE3479-KR-XL,XL,Robe/Jupe,1.0,293.75,279.0,161.56,117.44,42.09
TXN_005995,2022-03-03,Mar-22,SHILPI KUMARI,JNE3479,JNE3479-KR-S,S,Robe/Jupe,1.0,293.75,279.0,161.56,117.44,42.09
TXN_005994,2022-03-03,Mar-22,SHILPI KUMARI,JNE3479,JNE3479-KR-M,M,Robe/Jupe,1.0,293.75,279.0,161.56,117.44,42.09
TXN_005993,2022-03-03,Mar-22,SHILPI KUMARI,JNE3479,JNE3479-KR-L,L,Robe/Jupe,1.0,293.75,279.0,161.56,117.44,42.09
TXN_005992,2022-03-03,Mar-22,SHILPI KUMARI,JNE3440,JNE3440-KR-XL,XL,Robe/Jupe,1.0,387.5,368.0,213.13,154.87,42.08
TXN_005991,2022-03-03,Mar-22,SHILPI KUMARI,JNE3440,JNE3440-KR-XL,XL,Robe/Jupe,1.0,387.5,368.0,213.13,154.87,42.08
TXN_006018,2022-03-03,Mar-22,SHILPI KUMARI,JNE3622,JNE3622-KR-L,L,Robe/Jupe,1.0,462.5,439.0,254.38,184.62,42.05
TXN_005990,2022-03-03,Mar-22,SHILPI KUMARI,JNE3440,JNE3440-KR-S,S,Robe/Jupe,1.0,387.5,368.0,213.13,154.87,42.08
TXN_006019,2022-03-03,Mar-22,SHILPI KUMARI,JNE3622,JNE3622-KR-M,M,Robe/Jupe,1.0,462.5,439.0,254.38,184.62,42.05
TXN_006021,2022-03-03,Mar-22,SHILPI KUMARI,JNE3622,JNE3622-KR-S,S,Robe/Jupe,1.0,462.5,439.0,254.38,184.62,42.05
TXN_006048,2022-03-03,Mar-22,SHILPI KUMARI,JNE3790,JNE3790-KR-XL,XL,Robe/Jupe,1.0,562.5,534.0,309.38,224.62,42.06
TXN_006047,2022-03-03,Mar-22,SHILPI KUMARI,JNE3790,JNE3790-KR-XL,XL,Robe/Jupe,1.0,562.5,534.0,309.38,224.62,42.06
TXN_006046,2022-03-03,Mar-22,SHILPI KUMARI,JNE3790,JNE3790-KR-S,S,Robe/Jupe,1.0,562.5,534.0,309.38,224.62,42.06
TXN_006045,2022-03-03,Mar-22,SHILPI KUMARI,JNE3790,JNE3790-KR-S,S,Robe/Jupe,1.0,562.5,534.0,309.38,224.62,42.06
TXN_006044,2022-03-03,Mar-22,SHILPI KUMARI,JNE3790,JNE3790-KR-M,M,Robe/Jupe,1.0,562.5,534.0,309.38,224.62,42.06
TXN_006043,2022-03-03,Mar-22,SHILPI KUMARI,JNE3790,JNE3790-KR-M,M,Robe/Jupe,1.0,562.5,534.0,309.38,224.62,42.06
TXN_006042,2022-03-03,Mar-22,SHILPI KUMARI,JNE3790,JNE3790-KR-L,L,Robe/Jupe,1.0,562.5,534.0,309.38,224.62,42.06
TXN_006041,2022-03-03,Mar-22,SHILPI KUMARI,JNE3790,JNE3790-KR-L,L,Robe/Jupe,1.0,562.5,534.0,309.38,224.62,42.06
TXN_006040,2022-03-03,Mar-22,SHILPI KUMARI,JNE3775,JNE3775-KR-XL,XL,Robe/Jupe,1.0,525.0,499.0,288.75,210.25,42.13
TXN_006039,2022-03-03,Mar-22,SHILPI KUMARI,JNE3775,JNE3775-KR-S,S,Robe/Jupe,1.0,525.0,499.0,288.75,210.25,42.13
TXN_006038,2022-03-03,Mar-22,SHILPI KUMARI,JNE3775,JNE3775-KR-M,M,Robe/Jupe,1.0,525.0,499.0,288.75,210.25,42.13
TXN_006037,2022-03-03,Mar-22,SHILPI KUMARI,JNE3775,JNE3775-KR-L,L,Robe/Jupe,1.0,525.0,499.0,288.75,210.25,42.13
TXN_006036,2022-03-03,Mar-22,SHILPI KUMARI,JNE3736,JNE3736-KR-XL,XL,Robe/Jupe,1.0,537.5,511.0,295.62,215.38,42.15
TXN_006035,2022-03-03,Mar-22,SHILPI KUMARI,JNE3736,JNE3736-KR-S,S,Robe/Jupe,1.0,537.5,511.0,295.62,215.38,42.15
TXN_006034,2022-03-03,Mar-22,SHILPI KUMARI,JNE3736,JNE3736-KR-M,M,Robe/Jupe,1.0,537.5,511.0,295.62,215.38,42.15
TXN_006033,2022-03-03,Mar-22,SHILPI KUMARI,JNE3736,JNE3736-KR-L,L,Robe/Jupe,1.0,537.5,511.0,295.62,215.38,42.15
TXN_006032,2022-03-03,Mar-22,SHILPI KUMARI,JNE3701,JNE3701-KR-XL,XL,Robe/Jupe,1.0,462.5,439.0,254.38,184.62,42.05
TXN_006031,2022-03-03,Mar-22,SHILPI KUMARI,JNE3701,JNE3701-KR-XL,XL,Robe/Jupe,1.0,462.5,439.0,254.38,184.62,42.05
TXN_006030,2022-03-03,Mar-22,SHILPI KUMARI,JNE3701,JNE3701-KR-S,S,Robe/Jupe,1.0,462.5,439.0,254.38,184.62,42.05
TXN_006029,2022-03-03,Mar-22,SHILPI KUMARI,JNE3701,JNE3701-KR-S,S,Robe/Jupe,1.0,462.5,439.0,254.38,184.62,42.05
TXN_006028,2022-03-03,Mar-22,SHILPI KUMARI,JNE3701,JNE3701-KR-M,M,Robe/Jupe,1.0,462.5,439.0,254.38,184.62,42.05
TXN_006027,2022-03-03,Mar-22,SHILPI KUMARI,JNE3701,JNE3701-KR-M,M,Robe/Jupe,1.0,462.5,439.0,254.38,184.62,42.05
TXN_006026,2022-03-03,Mar-22,SHILPI KUMARI,JNE3701,JNE3701-KR-L,L,Robe/Jupe,1.0,462.5,439.0,254.38,184.62,42.05
TXN_006025,2022-03-03,Mar-22,SHILPI KUMARI,JNE3701,JNE3701-KR-L,L,Robe/Jupe,1.0,462.5,439.0,254.38,184.62,42.05
TXN_006024,2022-03-03,Mar-22,SHILPI KUMARI,JNE3622,JNE3622-KR-XL,XL,Robe/Jupe,1.0,462.5,439.0,254.38,184.62,42.05
TXN_006023,2022-03-03,Mar-22,SHILPI KUMARI,JNE3622,JNE3622-KR-XL,XL,Robe/Jupe,1.0,462.5,439.0,254.38,184.62,42.05
TXN_006022,2022-03-03,Mar-22,SHILPI KUMARI,JNE3622,JNE3622-KR-S,S,Robe/Jupe,1.0,462.5,439.0,254.38,184.62,42.05
TXN_006020,2022-03-03,Mar-22,SHILPI KUMARI,JNE3622,JNE3622-KR-M,M,Robe/Jupe,1.0,462.5,439.0,254.38,184.62,42.05
TXN_005989,2022-03-03,Mar-22,SHILPI KUMARI,JNE3440,JNE3440-KR-S,S,Robe/Jupe,1.0,387.5,368.0,213.13,154.87,42.08
TXN_005988,2022-03-03,Mar-22,SHILPI KUMARI,JNE3440,JNE3440-KR-M,M,Robe/Jupe,1.0,387.5,368.0,213.13,154.87,42.08
TXN_005987,2022-03-03,Mar-22,SHILPI KUMARI,JNE3440,JNE3440-KR-M,M,Robe/Jupe,1.0,387.5,368.0,213.13,154.87,42.08
TXN_006606,2022-03-03,Mar-22,YASSHLINY KUNJU,SET286,SET286-KR-NP-XL,XL,Ensemble,1.0,687.5,653.0,378.13,274.87,42.09
TXN_006607,2022-03-03,Mar-22,YASSHLINY KUNJU,SET286,SET286-KR-NP-M,M,Ensemble,1.0,687.5,653.0,378.13,274.87,42.09
TXN_006608,2022-03-03,Mar-22,YASSHLINY KUNJU,SET300,SET300-KR-NP-XS,XS,Ensemble,1.0,1162.5,1104.0,639.38,464.62,42.09
TXN_006609,2022-03-03,Mar-22,YASSHLINY KUNJU,SET378,SET378-KR-NP-XXXL,XXXL,Ensemble,1.0,1512.5,1437.0,831.88,605.12,42.11
TXN_006610,2022-03-03,Mar-22,YASSHLINY KUNJU,SET392,SET392-KR-NP-M,M,Ensemble,1.0,850.0,808.0,467.5,340.5,42.14
TXN_006611,2022-03-03,Mar-22,IBRAHIM MAFTHOOH(JANASYA.IN),JNE3839,CMB5-JNE3839,Free,Robe/Jupe,5.0,374.0,1776.0,1028.5,747.5,42.09
TXN_006612,2022-03-03,Mar-22,IBRAHIM MAFTHOOH(JANASYA.IN),JNE3840,CMB5-JNE3840,Free,Robe/Jupe,5.0,374.0,1776.0,1028.5,747.5,42.09
TXN_006613,2022-03-03,Mar-22,IBRAHIM MAFTHOOH(JANASYA.IN),JNE3843,CMB5-JNE3843,Free,Robe/Jupe,5.0,374.0,1776.0,1028.5,747.5,42.09
TXN_006614,2022-03-03,Mar-22,IBRAHIM MAFTHOOH(JANASYA.IN),JNE3844,CMB5-JNE3844,Free,Robe/Jupe,5.0,374.0,1776.0,1028.5,747.5,42.09
TXN_006615,2022-03-03,Mar-22,IBRAHIM MAFTHOOH(JANASYA.IN),JNE3845,CMB5-JNE3845,Free,Robe/Jupe,5.0,374.0,1776.0,1028.5,747.5,42.09
TXN_006616,2022-03-03,Mar-22,IBRAHIM MAFTHOOH(JANASYA.IN),JNE3846,CMB5-JNE3846,Free,Robe/Jupe,5.0,374.0,1776.0,1028.5,747.5,42.09
TXN_006617,2022-03-03,Mar-22,IBRAHIM MAFTHOOH(JANASYA.IN),JNE3848,CMB5-JNE3848,Free,Robe/Jupe,5.0,299.0,1420.0,822.25,597.75,42.1
TXN_006618,2022-03-03,Mar-22,IBRAHIM MAFTHOOH(JANASYA.IN),JNE3849,CMB5-JNE3849,Free,Robe/Jupe,5.0,299.0,1420.0,822.25,597.75,42.1
TXN_006619,2022-03-03,Mar-22,IBRAHIM MAFTHOOH(JANASYA.IN),J0073,J0073-KR-L,L,Robe/Jupe,1.0,393.75,374.0,216.56,157.44,42.1
TXN_006620,2022-03-03,Mar-22,IBRAHIM MAFTHOOH(JANASYA.IN),J0094,J0094-KR-L,L,Robe/Jupe,1.0,718.75,683.0,395.31,287.69,42.12
TXN_006621,2022-03-03,Mar-22,IBRAHIM MAFTHOOH(JANASYA.IN),J0242,J0242-SKD-L,L,Robe/Jupe,1.0,1350.0,1282.0,742.5,539.5,42.08
TXN_006622,2022-03-03,Mar-22,IBRAHIM MAFTHOOH(JANASYA.IN),J0242,J0242-SKD-M,M,Robe/Jupe,1.0,1350.0,1282.0,742.5,539.5,42.08
TXN_006623,2022-03-03,Mar-22,IBRAHIM MAFTHOOH(JANASYA.IN),J0247,J0247-SKD-M,M,Robe/Jupe,1.0,1162.5,1104.0,639.38,464.62,42.09
TXN_006624,2022-03-03,Mar-22,KHANJANA MOJEE,J0009,J0009-SKD-L,L,Robe/Jupe,1.0,1125.0,1125.0,618.75,506.25,45.0
TXN_006625,2022-03-03,Mar-22,KHANJANA MOJEE,J0014,J0014-LCD-M,M,Robe/Jupe,1.0,1312.5,1312.0,721.88,590.12,44.98
TXN_006626,2022-03-03,Mar-22,KHANJANA MOJEE,J0228,J0228-SKD-S,S,Robe/Jupe,1.0,2087.5,2088.0,1148.12,939.88,45.01
TXN_006627,2022-03-03,Mar-22,KHANJANA MOJEE,J0238,J0238-LCD-L,L,Robe/Jupe,1.0,1937.5,1938.0,1065.62,872.38,45.01
TXN_006628,2022-03-03,Mar-22,KHANJANA MOJEE,J0243,J0243-DR-XL,XL,Robe/Jupe,1.0,1475.0,1475.0,811.25,663.75,45.0
TXN_006629,2022-03-03,Mar-22,KHANJANA MOJEE,J0247,J0247-SKD-M,M,Robe/Jupe,1.0,1162.5,1162.0,639.38,522.62,44.98
TXN_006630,2022-03-03,Mar-22,KHANJANA MOJEE,J0251,J0251-SKD-XL,XL,Robe/Jupe,1.0,1037.5,1038.0,570.62,467.38,45.03
TXN_006631,2022-03-03,Mar-22,KHANJANA MOJEE,J0252,J0252-SKD-L,L,Robe/Jupe,1.0,1037.5,1038.0,570.62,467.38,45.03
TXN_006632,2022-03-03,Mar-22,KHANJANA MOJEE,J0252,J0252-SKD-S,S,Robe/Jupe,1.0,1037.5,1038.0,570.62,467.38,45.03
TXN_006605,2022-03-03,Mar-22,YASSHLINY KUNJU,SET286,SET286-KR-NP-L,L,Ensemble,1.0,687.5,653.0,378.13,274.87,42.09
TXN_006604,2022-03-03,Mar-22,YASSHLINY KUNJU,SET268,SET268-KR-NP-XS,XS,Ensemble,1.0,925.0,879.0,508.75,370.25,42.12
TXN_006603,2022-03-03,Mar-22,YASSHLINY KUNJU,SET225,SET225-KR-NP-M,M,Ensemble,1.0,750.0,712.0,412.5,299.5,42.06
TXN_006602,2022-03-03,Mar-22,YASSHLINY KUNJU,SET225,SET225-KR-NP-L,L,Ensemble,1.0,750.0,712.0,412.5,299.5,42.06
TXN_005986,2022-03-03,Mar-22,SHILPI KUMARI,JNE3440,JNE3440-KR-L,L,Robe/Jupe,1.0,387.5,368.0,213.13,154.87,42.08
TXN_005985,2022-03-03,Mar-22,SHILPI KUMARI,JNE3440,JNE3440-KR-L,L,Robe/Jupe,1.0,387.5,368.0,213.13,154.87,42.08
TXN_005984,2022-03-03,Mar-22,SHILPI KUMARI,JNE3405,JNE3405-KR-XL,XL,Robe/Jupe,1.0,350.0,332.0,192.5,139.5,42.02
TXN_005983,2022-03-03,Mar-22,SHILPI KUMARI,JNE3405,JNE3405-KR-S,S,Robe/Jupe,1.0,350.0,332.0,192.5,139.5,42.02
TXN_005982,2022-03-03,Mar-22,SHILPI KUMARI,JNE3405,JNE3405-KR-M,M,Robe/Jupe,1.0,350.0,332.0,192.5,139.5,42.02
TXN_005981,2022-03-03,Mar-22,SHILPI KUMARI,JNE3405,JNE3405-KR-L,L,Robe/Jupe,1.0,350.0,332.0,192.5,139.5,42.02
TXN_005980,2022-03-03,Mar-22,SHILPI KUMARI,JNE2101,JNE2101-KR-210-XL,XL,Robe/Jupe,1.0,306.25,291.0,168.44,122.56,42.12
TXN_005979,2022-03-03,Mar-22,SHILPI KUMARI,JNE2101,JNE2101-KR-210-S,S,Robe/Jupe,1.0,306.25,291.0,168.44,122.56,42.12
TXN_005978,2022-03-03,Mar-22,SHILPI KUMARI,JNE2101,JNE2101-KR-210-M,M,Robe/Jupe,1.0,306.25,291.0,168.44,122.56,42.12
TXN_005977,2022-03-03,Mar-22,SHILPI KUMARI,JNE2101,JNE2101-KR-210-L,L,Robe/Jupe,1.0,306.25,291.0,168.44,122.56,42.12
TXN_006584,2022-03-03,Mar-22,YASSHLINY KUNJU,J0094,J0094-KR-XXL,XXL,Robe/Jupe,1.0,718.75,683.0,395.31,287.69,42.12
TXN_006585,2022-03-03,Mar-22,YASSHLINY KUNJU,J0094,J0094-KR-L,L,Robe/Jupe,2.0,718.75,1366.0,790.63,575.37,42.12
TXN_006586,2022-03-03,Mar-22,YASSHLINY KUNJU,J0131,J0131-KR-L,L,Robe/Jupe,1.0,418.75,398.0,230.31,167.69,42.13
TXN_006049,2022-03-03,Mar-22,SHILPI KUMARI,JNE3793,JNE3793-KR-L,L,Robe/Jupe,1.0,587.5,558.0,323.12,234.88,42.09
TXN_006587,2022-03-03,Mar-22,YASSHLINY KUNJU,J0133,J0133-KR-XXL,XXL,Robe/Jupe,1.0,456.25,433.0,250.94,182.06,42.05
TXN_006589,2022-03-03,Mar-22,YASSHLINY KUNJU,J0158,J0158-DR-XXL,XXL,Robe/Jupe,1.0,687.5,653.0,378.13,274.87,42.09
TXN_006590,2022-03-03,Mar-22,YASSHLINY KUNJU,J0172,J0172-TP-XXL,XXL,Robe/Jupe,1.0,425.0,404.0,233.75,170.25,42.14
TXN_006591,2022-03-03,Mar-22,YASSHLINY KUNJU,J0172,J0172-TP-XL,XL,Robe/Jupe,1.0,425.0,404.0,233.75,170.25,42.14
TXN_006592,2022-03-03,Mar-22,YASSHLINY KUNJU,J0237,J0237-SKD-XXXL,XXXL,Robe/Jupe,1.0,1625.0,1544.0,893.75,650.25,42.11
TXN_006593,2022-03-03,Mar-22,YASSHLINY KUNJU,J0252,J0252-SKD-L,L,Robe/Jupe,1.0,1037.5,986.0,570.62,415.38,42.13
TXN_006594,2022-03-03,Mar-22,YASSHLINY KUNJU,J0295,J0295-DR-L,L,Robe/Jupe,1.0,850.0,808.0,467.5,340.5,42.14
TXN_006595,2022-03-03,Mar-22,YASSHLINY KUNJU,J0307,J0307-TP-XXL,XXL,Robe/Jupe,1.0,425.0,404.0,233.75,170.25,42.14
TXN_006596,2022-03-03,Mar-22,YASSHLINY KUNJU,J0382,J0382-SKD-M,M,Robe/Jupe,1.0,1550.0,1472.0,852.5,619.5,42.09
TXN_006597,2022-03-03,Mar-22,YASSHLINY KUNJU,JNE3160,JNE3160-KR-M,M,Robe/Jupe,1.0,687.5,653.0,378.13,274.87,42.09
TXN_006598,2022-03-03,Mar-22,YASSHLINY KUNJU,JNE3252,JNE3252-KR-XL,XL,Robe/Jupe,1.0,475.0,451.0,261.25,189.75,42.07
TXN_006599,2022-03-03,Mar-22,YASSHLINY KUNJU,JNE3798,JNE3798-KR-XL,XL,Robe/Jupe,1.0,975.0,926.0,536.25,389.75,42.09
TXN_006600,2022-03-03,Mar-22,YASSHLINY KUNJU,SET225,SET225-KR-NP-XL,XL,Ensemble,1.0,750.0,712.0,412.5,299.5,42.06
TXN_006601,2022-03-03,Mar-22,YASSHLINY KUNJU,SET225,SET225-KR-NP-XXL,XXL,Ensemble,1.0,750.0,712.0,412.5,299.5,42.06
TXN_006588,2022-03-03,Mar-22,YASSHLINY KUNJU,J0157,J0157-DR-XXL,XXL,Robe/Jupe,1.0,562.5,534.0,309.38,224.62,42.06
TXN_006177,2022-03-03,Mar-22,KHANJANA MOJEE,SET265,SET265-KR-NP-M,M,Ensemble,1.0,975.0,975.0,536.25,438.75,45.0
TXN_006050,2022-03-03,Mar-22,SHILPI KUMARI,JNE3793,JNE3793-KR-L,L,Robe/Jupe,1.0,587.5,558.0,323.12,234.88,42.09
TXN_006052,2022-03-03,Mar-22,SHILPI KUMARI,JNE3793,JNE3793-KR-M,M,Robe/Jupe,1.0,587.5,558.0,323.12,234.88,42.09
TXN_006144,2022-03-03,Mar-22,YASSHLINY KUNJU,SET268,SET268-KR-NP-XS,XS,Ensemble,1.0,925.0,879.0,508.75,370.25,42.12
TXN_006143,2022-03-03,Mar-22,YASSHLINY KUNJU,SET225,SET225-KR-NP-M,M,Ensemble,1.0,750.0,712.0,412.5,299.5,42.06
TXN_006142,2022-03-03,Mar-22,YASSHLINY KUNJU,SET225,SET225-KR-NP-L,L,Ensemble,1.0,750.0,712.0,412.5,299.5,42.06
TXN_006141,2022-03-03,Mar-22,YASSHLINY KUNJU,SET225,SET225-KR-NP-XXL,XXL,Ensemble,1.0,750.0,712.0,412.5,299.5,42.06
TXN_006140,2022-03-03,Mar-22,YASSHLINY KUNJU,SET225,SET225-KR-NP-XL,XL,Ensemble,1.0,750.0,712.0,412.5,299.5,42.06
TXN_006139,2022-03-03,Mar-22,YASSHLINY KUNJU,JNE3798,JNE3798-KR-XL,XL,Robe/Jupe,1.0,975.0,926.0,536.25,389.75,42.09
TXN_006138,2022-03-03,Mar-22,YASSHLINY KUNJU,JNE3252,JNE3252-KR-XL,XL,Robe/Jupe,1.0,475.0,451.0,261.25,189.75,42.07
TXN_006137,2022-03-03,Mar-22,YASSHLINY KUNJU,JNE3160,JNE3160-KR-M,M,Robe/Jupe,1.0,687.5,653.0,378.13,274.87,42.09
TXN_006136,2022-03-03,Mar-22,YASSHLINY KUNJU,J0382,J0382-SKD-M,M,Robe/Jupe,1.0,1550.0,1472.0,852.5,619.5,42.09
TXN_006135,2022-03-03,Mar-22,YASSHLINY KUNJU,J0307,J0307-TP-XXL,XXL,Robe/Jupe,1.0,425.0,404.0,233.75,170.25,42.14
TXN_006134,2022-03-03,Mar-22,YASSHLINY KUNJU,J0295,J0295-DR-L,L,Robe/Jupe,1.0,850.0,808.0,467.5,340.5,42.14
TXN_006133,2022-03-03,Mar-22,YASSHLINY KUNJU,J0252,J0252-SKD-L,L,Robe/Jupe,1.0,1037.5,986.0,570.62,415.38,42.13
TXN_006132,2022-03-03,Mar-22,YASSHLINY KUNJU,J0237,J0237-SKD-XXXL,XXXL,Robe/Jupe,1.0,1625.0,1544.0,893.75,650.25,42.11
TXN_006131,2022-03-03,Mar-22,YASSHLINY KUNJU,J0172,J0172-TP-XL,XL,Robe/Jupe,1.0,425.0,404.0,233.75,170.25,42.14
TXN_006130,2022-03-03,Mar-22,YASSHLINY KUNJU,J0172,J0172-TP-XXL,XXL,Robe/Jupe,1.0,425.0,404.0,233.75,170.25,42.14
TXN_006129,2022-03-03,Mar-22,YASSHLINY KUNJU,J0158,J0158-DR-XXL,XXL,Robe/Jupe,1.0,687.5,653.0,378.13,274.87,42.09
TXN_006128,2022-03-03,Mar-22,YASSHLINY KUNJU,J0157,J0157-DR-XXL,XXL,Robe/Jupe,1.0,562.5,534.0,309.38,224.62,42.06
TXN_006127,2022-03-03,Mar-22,YASSHLINY KUNJU,J0133,J0133-KR-XXL,XXL,Robe/Jupe,1.0,456.25,433.0,250.94,182.06,42.05
TXN_006126,2022-03-03,Mar-22,YASSHLINY KUNJU,J0131,J0131-KR-L,L,Robe/Jupe,1.0,418.75,398.0,230.31,167.69,42.13
TXN_006125,2022-03-03,Mar-22,YASSHLINY KUNJU,J0094,J0094-KR-L,L,Robe/Jupe,2.0,718.75,1366.0,790.63,575.37,42.12
TXN_006124,2022-03-03,Mar-22,YASSHLINY KUNJU,J0094,J0094-KR-XXL,XXL,Robe/Jupe,1.0,718.75,683.0,395.31,287.69,42.12
TXN_006123,2022-03-03,Mar-22,YASSHLINY KUNJU,J0094,J0094-KR-XXXL,XXXL,Robe/Jupe,1.0,718.75,683.0,395.31,287.69,42.12
TXN_006122,2022-03-03,Mar-22,YASSHLINY KUNJU,J0094,J0094-KR-XL,XL,Robe/Jupe,2.0,718.75,1366.0,790.63,575.37,42.12
TXN_006121,2022-03-03,Mar-22,YASSHLINY KUNJU,J0094,J0094-KR-XS,XS,Robe/Jupe,1.0,718.75,683.0,395.31,287.69,42.12
TXN_006120,2022-03-03,Mar-22,YASSHLINY KUNJU,J0094,J0094-KR-S,S,Robe/Jupe,1.0,718.75,683.0,395.31,287.69,42.12
TXN_006119,2022-03-03,Mar-22,YASSHLINY KUNJU,J0094,J0094-KR-M,M,Robe/Jupe,1.0,718.75,683.0,395.31,287.69,42.12
TXN_006118,2022-03-03,Mar-22,YASSHLINY KUNJU,J0090,J0090-TP-M,M,Robe/Jupe,1.0,693.75,659.0,381.56,277.44,42.1
TXN_006145,2022-03-03,Mar-22,YASSHLINY KUNJU,SET286,SET286-KR-NP-L,L,Ensemble,1.0,687.5,653.0,378.13,274.87,42.09
TXN_006117,2022-03-03,Mar-22,YASSHLINY KUNJU,J0086,J0086-DR-M,M,Robe/Jupe,1.0,618.75,588.0,340.31,247.69,42.12
TXN_006146,2022-03-03,Mar-22,YASSHLINY KUNJU,SET286,SET286-KR-NP-XL,XL,Ensemble,1.0,687.5,653.0,378.13,274.87,42.09
TXN_006148,2022-03-03,Mar-22,YASSHLINY KUNJU,SET300,SET300-KR-NP-XS,XS,Ensemble,1.0,1162.5,1104.0,639.38,464.62,42.09
TXN_006175,2022-03-03,Mar-22,KHANJANA MOJEE,SET264,SET264-KR-NP-XL,XL,Ensemble,1.0,975.0,975.0,536.25,438.75,45.0
TXN_006174,2022-03-03,Mar-22,KHANJANA MOJEE,J0399,J0399-DR-SC,Free,Robe/Jupe,1.0,775.0,775.0,426.25,348.75,45.0
TXN_006173,2022-03-03,Mar-22,KHANJANA MOJEE,J0352,J0352-KR-M,M,Robe/Jupe,1.0,650.0,650.0,357.5,292.5,45.0
TXN_006172,2022-03-03,Mar-22,KHANJANA MOJEE,J0252,J0252-SKD-S,S,Robe/Jupe,1.0,1037.5,1038.0,570.62,467.38,45.03
TXN_006171,2022-03-03,Mar-22,KHANJANA MOJEE,J0252,J0252-SKD-L,L,Robe/Jupe,1.0,1037.5,1038.0,570.62,467.38,45.03
TXN_006170,2022-03-03,Mar-22,KHANJANA MOJEE,J0251,J0251-SKD-XL,XL,Robe/Jupe,1.0,1037.5,1038.0,570.62,467.38,45.03
TXN_006169,2022-03-03,Mar-22,KHANJANA MOJEE,J0247,J0247-SKD-M,M,Robe/Jupe,1.0,1162.5,1162.0,639.38,522.62,44.98
TXN_006168,2022-03-03,Mar-22,KHANJANA MOJEE,J0243,J0243-DR-XL,XL,Robe/Jupe,1.0,1475.0,1475.0,811.25,663.75,45.0
TXN_006167,2022-03-03,Mar-22,KHANJANA MOJEE,J0238,J0238-LCD-L,L,Robe/Jupe,1.0,1937.5,1938.0,1065.62,872.38,45.01
TXN_006166,2022-03-03,Mar-22,KHANJANA MOJEE,J0228,J0228-SKD-S,S,Robe/Jupe,1.0,2087.5,2088.0,1148.12,939.88,45.01
TXN_006165,2022-03-03,Mar-22,KHANJANA MOJEE,J0014,J0014-LCD-M,M,Robe/Jupe,1.0,1312.5,1312.0,721.88,590.12,44.98
TXN_006164,2022-03-03,Mar-22,KHANJANA MOJEE,J0009,J0009-SKD-L,L,Robe/Jupe,1.0,1125.0,1125.0,618.75,506.25,45.0
TXN_006163,2022-03-03,Mar-22,IBRAHIM MAFTHOOH(JANASYA.IN),J0247,J0247-SKD-M,M,Robe/Jupe,1.0,1162.5,1104.0,639.38,464.62,42.09
TXN_006162,2022-03-03,Mar-22,IBRAHIM MAFTHOOH(JANASYA.IN),J0242,J0242-SKD-M,M,Robe/Jupe,1.0,1350.0,1282.0,742.5,539.5,42.08
TXN_006161,2022-03-03,Mar-22,IBRAHIM MAFTHOOH(JANASYA.IN),J0242,J0242-SKD-L,L,Robe/Jupe,1.0,1350.0,1282.0,742.5,539.5,42.08
TXN_006160,2022-03-03,Mar-22,IBRAHIM MAFTHOOH(JANASYA.IN),J0094,J0094-KR-L,L,Robe/Jupe,1.0,718.75,683.0,395.31,287.69,42.12
TXN_006159,2022-03-03,Mar-22,IBRAHIM MAFTHOOH(JANASYA.IN),J0073,J0073-KR-L,L,Robe/Jupe,1.0,393.75,374.0,216.56,157.44,42.1
TXN_006158,2022-03-03,Mar-22,IBRAHIM MAFTHOOH(JANASYA.IN),JNE3849,CMB5-JNE3849,Free,Robe/Jupe,5.0,299.0,1420.0,822.25,597.75,42.1
TXN_006157,2022-03-03,Mar-22,IBRAHIM MAFTHOOH(JANASYA.IN),JNE3848,CMB5-JNE3848,Free,Robe/Jupe,5.0,299.0,1420.0,822.25,597.75,42.1
TXN_006156,2022-03-03,Mar-22,IBRAHIM MAFTHOOH(JANASYA.IN),JNE3846,CMB5-JNE3846,Free,Robe/Jupe,5.0,374.0,1776.0,1028.5,747.5,42.09
TXN_006155,2022-03-03,Mar-22,IBRAHIM MAFTHOOH(JANASYA.IN),JNE3845,CMB5-JNE3845,Free,Robe/Jupe,5.0,374.0,1776.0,1028.5,747.5,42.09
TXN_006154,2022-03-03,Mar-22,IBRAHIM MAFTHOOH(JANASYA.IN),JNE3844,CMB5-JNE3844,Free,Robe/Jupe,5.0,374.0,1776.0,1028.5,747.5,42.09
TXN_006153,2022-03-03,Mar-22,IBRAHIM MAFTHOOH(JANASYA.IN),JNE3843,CMB5-JNE3843,Free,Robe/Jupe,5.0,374.0,1776.0,1028.5,747.5,42.09
TXN_006152,2022-03-03,Mar-22,IBRAHIM MAFTHOOH(JANASYA.IN),JNE3840,CMB5-JNE3840,Free,Robe/Jupe,5.0,374.0,1776.0,1028.5,747.5,42.09
TXN_006151,2022-03-03,Mar-22,IBRAHIM MAFTHOOH(JANASYA.IN),JNE3839,CMB5-JNE3839,Free,Robe/Jupe,5.0,374.0,1776.0,1028.5,747.5,42.09
TXN_006150,2022-03-03,Mar-22,YASSHLINY KUNJU,SET392,SET392-KR-NP-M,M,Ensemble,1.0,850.0,808.0,467.5,340.5,42.14
TXN_006149,2022-03-03,Mar-22,YASSHLINY KUNJU,SET378,SET378-KR-NP-XXXL,XXXL,Ensemble,1.0,1512.5,1437.0,831.88,605.12,42.11
TXN_006147,2022-03-03,Mar-22,YASSHLINY KUNJU,SET286,SET286-KR-NP-M,M,Ensemble,1.0,687.5,653.0,378.13,274.87,42.09
TXN_006115,2022-03-03,Mar-22,YASSHLINY KUNJU,J0086,J0086-DR-S,S,Robe/Jupe,1.0,618.75,588.0,340.31,247.69,42.12
TXN_006114,2022-03-03,Mar-22,YASSHLINY KUNJU,J0086,J0086-DR-XXL,XXL,Robe/Jupe,1.0,618.75,588.0,340.31,247.69,42.12
TXN_006113,2022-03-03,Mar-22,YASSHLINY KUNJU,J0086,J0086-DR-XL,XL,Robe/Jupe,1.0,618.75,588.0,340.31,247.69,42.12
TXN_006080,2022-03-03,Mar-22,SHILPI KUMARI,SET205,SET205-KR-DPT-XL,XL,Ensemble,1.0,506.25,481.0,278.44,202.56,42.11
TXN_006079,2022-03-03,Mar-22,SHILPI KUMARI,SET205,SET205-KR-DPT-S,S,Ensemble,1.0,506.25,481.0,278.44,202.56,42.11
TXN_006078,2022-03-03,Mar-22,SHILPI KUMARI,SET205,SET205-KR-DPT-M,M,Ensemble,1.0,506.25,481.0,278.44,202.56,42.11
TXN_006077,2022-03-03,Mar-22,SHILPI KUMARI,SET205,SET205-KR-DPT-L,L,Ensemble,1.0,506.25,481.0,278.44,202.56,42.11
TXN_006076,2022-03-03,Mar-22,SHILPI KUMARI,SET194,SET194-KR-NP-XL,XL,Ensemble,1.0,737.5,701.0,405.63,295.37,42.14
TXN_006075,2022-03-03,Mar-22,SHILPI KUMARI,SET194,SET194-KR-NP-S,S,Ensemble,1.0,737.5,701.0,405.63,295.37,42.14
TXN_006074,2022-03-03,Mar-22,SHILPI KUMARI,SET194,SET194-KR-NP-M,M,Ensemble,1.0,737.5,701.0,405.63,295.37,42.14
TXN_006073,2022-03-03,Mar-22,SHILPI KUMARI,SET194,SET194-KR-NP-L,L,Ensemble,1.0,737.5,701.0,405.63,295.37,42.14
TXN_006072,2022-03-03,Mar-22,SHILPI KUMARI,SET182,SET182-KR-DH-XL,XL,Ensemble,1.0,725.0,689.0,398.75,290.25,42.13
TXN_006071,2022-03-03,Mar-22,SHILPI KUMARI,SET182,SET182-KR-DH-S,S,Ensemble,1.0,725.0,689.0,398.75,290.25,42.13
TXN_006070,2022-03-03,Mar-22,SHILPI KUMARI,SET182,SET182-KR-DH-M,M,Ensemble,1.0,725.0,689.0,398.75,290.25,42.13
TXN_006069,2022-03-03,Mar-22,SHILPI KUMARI,SET182,SET182-KR-DH-L,L,Ensemble,1.0,725.0,689.0,398.75,290.25,42.13
TXN_006068,2022-03-03,Mar-22,SHILPI KUMARI,SET144,SET144-KR-NP-XL,XL,Ensemble,1.0,825.0,784.0,453.75,330.25,42.12
TXN_006067,2022-03-03,Mar-22,SHILPI KUMARI,SET144,SET144-KR-NP-S,S,Ensemble,1.0,825.0,784.0,453.75,330.25,42.12
TXN_006066,2022-03-03,Mar-22,SHILPI KUMARI,SET144,SET144-KR-NP-M,M,Ensemble,1.0,825.0,784.0,453.75,330.25,42.12
TXN_006064,2022-03-03,Mar-22,SHILPI KUMARI,SET098,SET098-KR-PP-XL,XL,Ensemble,1.0,900.0,855.0,495.0,360.0,42.11
TXN_006063,2022-03-03,Mar-22,SHILPI KUMARI,SET098,SET098-KR-PP-S,S,Ensemble,1.0,900.0,855.0,495.0,360.0,42.11
TXN_006062,2022-03-03,Mar-22,SHILPI KUMARI,SET098,SET098-KR-PP-M,M,Ensemble,1.0,900.0,855.0,495.0,360.0,42.11
TXN_006061,2022-03-03,Mar-22,SHILPI KUMARI,SET098,SET098-KR-PP-L,L,Ensemble,1.0,900.0,855.0,495.0,360.0,42.11
TXN_006060,2022-03-03,Mar-22,SHILPI KUMARI,SET044,SET044-KR-NP-XL,XL,Ensemble,1.0,687.5,653.0,378.13,274.87,42.09
TXN_006059,2022-03-03,Mar-22,SHILPI KUMARI,SET044,SET044-KR-NP-S,S,Ensemble,1.0,687.5,653.0,378.13,274.87,42.09
TXN_006058,2022-03-03,Mar-22,SHILPI KUMARI,SET044,SET044-KR-NP-M,M,Ensemble,1.0,687.5,653.0,378.13,274.87,42.09
TXN_006057,2022-03-03,Mar-22,SHILPI KUMARI,SET044,SET044-KR-NP-L,L,Ensemble,1.0,687.5,653.0,378.13,274.87,42.09
TXN_006056,2022-03-03,Mar-22,SHILPI KUMARI,JNE3793,JNE3793-KR-XL,XL,Robe/Jupe,1.0,587.5,558.0,323.12,234.88,42.09
TXN_006055,2022-03-03,Mar-22,SHILPI KUMARI,JNE3793,JNE3793-KR-XL,XL,Robe/Jupe,1.0,587.5,558.0,323.12,234.88,42.09
TXN_006054,2022-03-03,Mar-22,SHILPI KUMARI,JNE3793,JNE3793-KR-S,S,Robe/Jupe,1.0,587.5,558.0,323.12,234.88,42.09
TXN_006053,2022-03-03,Mar-22,SHILPI KUMARI,JNE3793,JNE3793-KR-S,S,Robe/Jupe,1.0,587.5,558.0,323.12,234.88,42.09
TXN_006081,2022-03-03,Mar-22,SHILPI KUMARI,SET232,SET232-KR-PP-L,L,Ensemble,1.0,656.25,623.0,360.94,262.06,42.06
TXN_006082,2022-03-03,Mar-22,SHILPI KUMARI,SET232,SET232-KR-PP-M,M,Ensemble,1.0,656.25,623.0,360.94,262.06,42.06
TXN_006083,2022-03-03,Mar-22,SHILPI KUMARI,SET232,SET232-KR-PP-S,S,Ensemble,1.0,656.25,623.0,360.94,262.06,42.06
TXN_006084,2022-03-03,Mar-22,SHILPI KUMARI,SET232,SET232-KR-PP-XL,XL,Ensemble,1.0,656.25,623.0,360.94,262.06,42.06
TXN_006112,2022-03-03,Mar-22,YASSHLINY KUNJU,J0009,J0009-SKD-XXL,XXL,Robe/Jupe,1.0,1125.0,1069.0,618.75,450.25,42.12
TXN_006111,2022-03-03,Mar-22,YASSHLINY KUNJU,BTM002,BTM002-XL,XL,Autre,1.0,425.0,404.0,233.75,170.25,42.14
TXN_006110,2022-03-03,Mar-22,SHILPI KUMARI,SET285,SET285-KR-SHA-XL,XL,Ensemble,1.0,612.5,582.0,336.88,245.12,42.12
TXN_006109,2022-03-03,Mar-22,SHILPI KUMARI,SET285,SET285-KR-SHA-S,S,Ensemble,1.0,612.5,582.0,336.88,245.12,42.12
TXN_006108,2022-03-03,Mar-22,SHILPI KUMARI,SET285,SET285-KR-SHA-M,M,Ensemble,1.0,612.5,582.0,336.88,245.12,42.12
TXN_006107,2022-03-03,Mar-22,SHILPI KUMARI,SET285,SET285-KR-SHA-L,L,Ensemble,1.0,612.5,582.0,336.88,245.12,42.12
TXN_006106,2022-03-03,Mar-22,SHILPI KUMARI,SET273,SET273-KR-NP-S,S,Ensemble,1.0,687.5,653.0,378.13,274.87,42.09
TXN_006105,2022-03-03,Mar-22,SHILPI KUMARI,SET273,SET273-KR-NP-M,M,Ensemble,5.0,687.5,3266.0,1890.63,1375.37,42.11
TXN_006104,2022-03-03,Mar-22,SHILPI KUMARI,SET267,SET267-KR-NP-XL,XL,Ensemble,1.0,925.0,879.0,508.75,370.25,42.12
TXN_006103,2022-03-03,Mar-22,SHILPI KUMARI,SET267,SET267-KR-NP-S,S,Ensemble,1.0,925.0,879.0,508.75,370.25,42.12
TXN_006102,2022-03-03,Mar-22,SHILPI KUMARI,SET267,SET267-KR-NP-M,M,Ensemble,1.0,925.0,879.0,508.75,370.25,42.12
TXN_006101,2022-03-03,Mar-22,SHILPI KUMARI,SET267,SET267-KR-NP-L,L,Ensemble,1.0,925.0,879.0,508.75,370.25,42.12
TXN_006100,2022-03-03,Mar-22,SHILPI KUMARI,SET262,SET262-KR-NP-XL,XL,Ensemble,1.0,743.75,707.0,409.06,297.94,42.14
TXN_006051,2022-03-03,Mar-22,SHILPI KUMARI,JNE3793,JNE3793-KR-M,M,Robe/Jupe,1.0,587.5,558.0,323.12,234.88,42.09
TXN_006099,2022-03-03,Mar-22,SHILPI KUMARI,SET262,SET262-KR-NP-S,S,Ensemble,1.0,743.75,707.0,409.06,297.94,42.14
TXN_006097,2022-03-03,Mar-22,SHILPI KUMARI,SET262,SET262-KR-NP-L,L,Ensemble,1.0,743.75,707.0,409.06,297.94,42.14
TXN_006096,2022-03-03,Mar-22,SHILPI KUMARI,SET252,SET252-KR-PP-XL.,XL,Ensemble,1.0,887.5,843.0,488.13,354.87,42.1
TXN_006095,2022-03-03,Mar-22,SHILPI KUMARI,SET252,SET252-KR-PP-S.,S,Ensemble,1.0,887.5,843.0,488.13,354.87,42.1
TXN_006094,2022-03-03,Mar-22,SHILPI KUMARI,SET252,SET252-KR-PP-M.,M,Ensemble,1.0,887.5,843.0,488.13,354.87,42.1
TXN_006093,2022-03-03,Mar-22,SHILPI KUMARI,SET252,SET252-KR-PP-L,L,Ensemble,1.0,887.5,843.0,488.13,354.87,42.1
TXN_006092,2022-03-03,Mar-22,SHILPI KUMARI,SET246,SET246-KR-PP-XL,XL,Ensemble,1.0,593.75,564.0,326.56,237.44,42.1
TXN_006091,2022-03-03,Mar-22,SHILPI KUMARI,SET246,SET246-KR-PP-S,S,Ensemble,1.0,593.75,564.0,326.56,237.44,42.1
TXN_006090,2022-03-03,Mar-22,SHILPI KUMARI,SET246,SET246-KR-PP-M,M,Ensemble,1.0,593.75,564.0,326.56,237.44,42.1
TXN_006089,2022-03-03,Mar-22,SHILPI KUMARI,SET246,SET246-KR-PP-L,L,Ensemble,1.0,593.75,564.0,326.56,237.44,42.1
TXN_006088,2022-03-03,Mar-22,SHILPI KUMARI,SET236,SET236-KR-PP-XL,XL,Ensemble,1.0,750.0,712.0,412.5,299.5,42.06
TXN_006087,2022-03-03,Mar-22,SHILPI KUMARI,SET236,SET236-KR-PP-S,S,Ensemble,1.0,750.0,712.0,412.5,299.5,42.06
TXN_006086,2022-03-03,Mar-22,SHILPI KUMARI,SET236,SET236-KR-PP-M,M,Ensemble,1.0,750.0,712.0,412.5,299.5,42.06
TXN_006085,2022-03-03,Mar-22,SHILPI KUMARI,SET236,SET236-KR-PP-L,L,Ensemble,1.0,750.0,712.0,412.5,299.5,42.06
TXN_006098,2022-03-03,Mar-22,SHILPI KUMARI,SET262,SET262-KR-NP-M,M,Ensemble,1.0,743.75,707.0,409.06,297.94,42.14
TXN_006065,2022-03-03,Mar-22,SHILPI KUMARI,SET144,SET144-KR-NP-L,L,Ensemble,1.0,825.0,784.0,453.75,330.25,42.12
TXN_006571,2022-03-03,Mar-22,YASSHLINY KUNJU,BTM002,BTM002-XL,XL,Autre,1.0,425.0,404.0,233.75,170.25,42.14
TXN_003594,2022-03-03,Mar-22,SHILPI KUMARI,JNE3790,JNE3790-KR-XL,XL,Robe/Jupe,1.0,562.5,534.0,309.38,224.62,42.06
TXN_003659,2022-03-03,Mar-22,YASSHLINY KUNJU,J0086,J0086-DR-XL,XL,Robe/Jupe,1.0,618.75,588.0,340.31,247.69,42.12
TXN_003660,2022-03-03,Mar-22,YASSHLINY KUNJU,J0086,J0086-DR-XXL,XXL,Robe/Jupe,1.0,618.75,588.0,340.31,247.69,42.12
TXN_003661,2022-03-03,Mar-22,YASSHLINY KUNJU,J0086,J0086-DR-S,S,Robe/Jupe,1.0,618.75,588.0,340.31,247.69,42.12
TXN_003662,2022-03-03,Mar-22,YASSHLINY KUNJU,J0086,J0086-DR-XS,XS,Robe/Jupe,1.0,618.75,588.0,340.31,247.69,42.12
TXN_003663,2022-03-03,Mar-22,YASSHLINY KUNJU,J0086,J0086-DR-M,M,Robe/Jupe,1.0,618.75,588.0,340.31,247.69,42.12
TXN_003664,2022-03-03,Mar-22,YASSHLINY KUNJU,J0090,J0090-TP-M,M,Robe/Jupe,1.0,693.75,659.0,381.56,277.44,42.1
TXN_003665,2022-03-03,Mar-22,YASSHLINY KUNJU,J0094,J0094-KR-M,M,Robe/Jupe,1.0,718.75,683.0,395.31,287.69,42.12
TXN_003666,2022-03-03,Mar-22,YASSHLINY KUNJU,J0094,J0094-KR-S,S,Robe/Jupe,1.0,718.75,683.0,395.31,287.69,42.12
TXN_003667,2022-03-03,Mar-22,YASSHLINY KUNJU,J0094,J0094-KR-XS,XS,Robe/Jupe,1.0,718.75,683.0,395.31,287.69,42.12
TXN_003668,2022-03-03,Mar-22,YASSHLINY KUNJU,J0094,J0094-KR-XL,XL,Robe/Jupe,2.0,718.75,1366.0,790.63,575.37,42.12
TXN_003669,2022-03-03,Mar-22,YASSHLINY KUNJU,J0094,J0094-KR-XXXL,XXXL,Robe/Jupe,1.0,718.75,683.0,395.31,287.69,42.12
TXN_003670,2022-03-03,Mar-22,YASSHLINY KUNJU,J0094,J0094-KR-XXL,XXL,Robe/Jupe,1.0,718.75,683.0,395.31,287.69,42.12
TXN_003671,2022-03-03,Mar-22,YASSHLINY KUNJU,J0094,J0094-KR-L,L,Robe/Jupe,2.0,718.75,1366.0,790.63,575.37,42.12
TXN_003672,2022-03-03,Mar-22,YASSHLINY KUNJU,J0131,J0131-KR-L,L,Robe/Jupe,1.0,418.75,398.0,230.31,167.69,42.13
TXN_003673,2022-03-03,Mar-22,YASSHLINY KUNJU,J0133,J0133-KR-XXL,XXL,Robe/Jupe,1.0,456.25,433.0,250.94,182.06,42.05
TXN_003674,2022-03-03,Mar-22,YASSHLINY KUNJU,J0157,J0157-DR-XXL,XXL,Robe/Jupe,1.0,562.5,534.0,309.38,224.62,42.06
TXN_003675,2022-03-03,Mar-22,YASSHLINY KUNJU,J0158,J0158-DR-XXL,XXL,Robe/Jupe,1.0,687.5,653.0,378.13,274.87,42.09
TXN_003676,2022-03-03,Mar-22,YASSHLINY KUNJU,J0172,J0172-TP-XXL,XXL,Robe/Jupe,1.0,425.0,404.0,233.75,170.25,42.14
TXN_003677,2022-03-03,Mar-22,YASSHLINY KUNJU,J0172,J0172-TP-XL,XL,Robe/Jupe,1.0,425.0,404.0,233.75,170.25,42.14
TXN_003678,2022-03-03,Mar-22,YASSHLINY KUNJU,J0237,J0237-SKD-XXXL,XXXL,Robe/Jupe,1.0,1625.0,1544.0,893.75,650.25,42.11
TXN_003679,2022-03-03,Mar-22,YASSHLINY KUNJU,J0252,J0252-SKD-L,L,Robe/Jupe,1.0,1037.5,986.0,570.62,415.38,42.13
TXN_003680,2022-03-03,Mar-22,YASSHLINY KUNJU,J0295,J0295-DR-L,L,Robe/Jupe,1.0,850.0,808.0,467.5,340.5,42.14
TXN_003681,2022-03-03,Mar-22,YASSHLINY KUNJU,J0307,J0307-TP-XXL,XXL,Robe/Jupe,1.0,425.0,404.0,233.75,170.25,42.14
TXN_003658,2022-03-03,Mar-22,YASSHLINY KUNJU,J0009,J0009-SKD-XXL,XXL,Robe/Jupe,1.0,1125.0,1069.0,618.75,450.25,42.12
TXN_003682,2022-03-03,Mar-22,YASSHLINY KUNJU,J0382,J0382-SKD-M,M,Robe/Jupe,1.0,1550.0,1472.0,852.5,619.5,42.09
TXN_003657,2022-03-03,Mar-22,YASSHLINY KUNJU,BTM002,BTM002-XL,XL,Autre,1.0,425.0,404.0,233.75,170.25,42.14
TXN_003655,2022-03-03,Mar-22,SHILPI KUMARI,SET285,SET285-KR-SHA-S,S,Ensemble,1.0,612.5,582.0,336.88,245.12,42.12
TXN_003632,2022-03-03,Mar-22,SHILPI KUMARI,SET236,SET236-KR-PP-M,M,Ensemble,1.0,750.0,712.0,412.5,299.5,42.06
TXN_003633,2022-03-03,Mar-22,SHILPI KUMARI,SET236,SET236-KR-PP-S,S,Ensemble,1.0,750.0,712.0,412.5,299.5,42.06
TXN_003634,2022-03-03,Mar-22,SHILPI KUMARI,SET236,SET236-KR-PP-XL,XL,Ensemble,1.0,750.0,712.0,412.5,299.5,42.06
TXN_003635,2022-03-03,Mar-22,SHILPI KUMARI,SET246,SET246-KR-PP-L,L,Ensemble,1.0,593.75,564.0,326.56,237.44,42.1
TXN_003636,2022-03-03,Mar-22,SHILPI KUMARI,SET246,SET246-KR-PP-M,M,Ensemble,1.0,593.75,564.0,326.56,237.44,42.1
TXN_003637,2022-03-03,Mar-22,SHILPI KUMARI,SET246,SET246-KR-PP-S,S,Ensemble,1.0,593.75,564.0,326.56,237.44,42.1
TXN_003638,2022-03-03,Mar-22,SHILPI KUMARI,SET246,SET246-KR-PP-XL,XL,Ensemble,1.0,593.75,564.0,326.56,237.44,42.1
TXN_003639,2022-03-03,Mar-22,SHILPI KUMARI,SET252,SET252-KR-PP-L,L,Ensemble,1.0,887.5,843.0,488.13,354.87,42.1
TXN_003640,2022-03-03,Mar-22,SHILPI KUMARI,SET252,SET252-KR-PP-M.,M,Ensemble,1.0,887.5,843.0,488.13,354.87,42.1
TXN_003641,2022-03-03,Mar-22,SHILPI KUMARI,SET252,SET252-KR-PP-S.,S,Ensemble,1.0,887.5,843.0,488.13,354.87,42.1
TXN_003642,2022-03-03,Mar-22,SHILPI KUMARI,SET252,SET252-KR-PP-XL.,XL,Ensemble,1.0,887.5,843.0,488.13,354.87,42.1
TXN_003643,2022-03-03,Mar-22,SHILPI KUMARI,SET262,SET262-KR-NP-L,L,Ensemble,1.0,743.75,707.0,409.06,297.94,42.14
TXN_003644,2022-03-03,Mar-22,SHILPI KUMARI,SET262,SET262-KR-NP-M,M,Ensemble,1.0,743.75,707.0,409.06,297.94,42.14
TXN_003645,2022-03-03,Mar-22,SHILPI KUMARI,SET262,SET262-KR-NP-S,S,Ensemble,1.0,743.75,707.0,409.06,297.94,42.14
TXN_003646,2022-03-03,Mar-22,SHILPI KUMARI,SET262,SET262-KR-NP-XL,XL,Ensemble,1.0,743.75,707.0,409.06,297.94,42.14
TXN_003647,2022-03-03,Mar-22,SHILPI KUMARI,SET267,SET267-KR-NP-L,L,Ensemble,1.0,925.0,879.0,508.75,370.25,42.12
TXN_003648,2022-03-03,Mar-22,SHILPI KUMARI,SET267,SET267-KR-NP-M,M,Ensemble,1.0,925.0,879.0,508.75,370.25,42.12
TXN_003649,2022-03-03,Mar-22,SHILPI KUMARI,SET267,SET267-KR-NP-S,S,Ensemble,1.0,925.0,879.0,508.75,370.25,42.12
TXN_003650,2022-03-03,Mar-22,SHILPI KUMARI,SET267,SET267-KR-NP-XL,XL,Ensemble,1.0,925.0,879.0,508.75,370.25,42.12
TXN_003651,2022-03-03,Mar-22,SHILPI KUMARI,SET273,SET273-KR-NP-M,M,Ensemble,5.0,687.5,3266.0,1890.63,1375.37,42.11
TXN_003652,2022-03-03,Mar-22,SHILPI KUMARI,SET273,SET273-KR-NP-S,S,Ensemble,1.0,687.5,653.0,378.13,274.87,42.09
TXN_003653,2022-03-03,Mar-22,SHILPI KUMARI,SET285,SET285-KR-SHA-L,L,Ensemble,1.0,612.5,582.0,336.88,245.12,42.12
TXN_003654,2022-03-03,Mar-22,SHILPI KUMARI,SET285,SET285-KR-SHA-M,M,Ensemble,1.0,612.5,582.0,336.88,245.12,42.12
TXN_003656,2022-03-03,Mar-22,SHILPI KUMARI,SET285,SET285-KR-SHA-XL,XL,Ensemble,1.0,612.5,582.0,336.88,245.12,42.12
TXN_003631,2022-03-03,Mar-22,SHILPI KUMARI,SET236,SET236-KR-PP-L,L,Ensemble,1.0,750.0,712.0,412.5,299.5,42.06
TXN_003683,2022-03-03,Mar-22,YASSHLINY KUNJU,JNE3160,JNE3160-KR-M,M,Robe/Jupe,1.0,687.5,653.0,378.13,274.87,42.09
TXN_003685,2022-03-03,Mar-22,YASSHLINY KUNJU,JNE3798,JNE3798-KR-XL,XL,Robe/Jupe,1.0,975.0,926.0,536.25,389.75,42.09
TXN_003714,2022-03-03,Mar-22,KHANJANA MOJEE,J0243,J0243-DR-XL,XL,Robe/Jupe,1.0,1475.0,1475.0,811.25,663.75,45.0
TXN_003715,2022-03-03,Mar-22,KHANJANA MOJEE,J0247,J0247-SKD-M,M,Robe/Jupe,1.0,1162.5,1162.0,639.38,522.62,44.98
TXN_003716,2022-03-03,Mar-22,KHANJANA MOJEE,J0251,J0251-SKD-XL,XL,Robe/Jupe,1.0,1037.5,1038.0,570.62,467.38,45.03
TXN_003717,2022-03-03,Mar-22,KHANJANA MOJEE,J0252,J0252-SKD-L,L,Robe/Jupe,1.0,1037.5,1038.0,570.62,467.38,45.03
TXN_003718,2022-03-03,Mar-22,KHANJANA MOJEE,J0252,J0252-SKD-S,S,Robe/Jupe,1.0,1037.5,1038.0,570.62,467.38,45.03
TXN_003719,2022-03-03,Mar-22,KHANJANA MOJEE,J0352,J0352-KR-M,M,Robe/Jupe,1.0,650.0,650.0,357.5,292.5,45.0
TXN_003720,2022-03-03,Mar-22,KHANJANA MOJEE,J0399,J0399-DR-SC,Free,Robe/Jupe,1.0,775.0,775.0,426.25,348.75,45.0
TXN_003721,2022-03-03,Mar-22,KHANJANA MOJEE,SET264,SET264-KR-NP-XL,XL,Ensemble,1.0,975.0,975.0,536.25,438.75,45.0
TXN_003722,2022-03-03,Mar-22,KHANJANA MOJEE,SET264,SET264-KR-NP-XXL,XXL,Ensemble,1.0,975.0,975.0,536.25,438.75,45.0
TXN_003723,2022-03-03,Mar-22,KHANJANA MOJEE,SET265,SET265-KR-NP-M,M,Ensemble,1.0,975.0,975.0,536.25,438.75,45.0
TXN_003724,2022-03-03,Mar-22,KHANJANA MOJEE,SET265,SET265-KR-NP-XL,XL,Ensemble,1.0,975.0,975.0,536.25,438.75,45.0
TXN_003725,2022-03-03,Mar-22,KHANJANA MOJEE,SET266,SET266-KR-NP-M,M,Ensemble,1.0,925.0,925.0,508.75,416.25,45.0
TXN_003726,2022-03-03,Mar-22,KHANJANA MOJEE,SET267,SET267-KR-NP-L,L,Ensemble,1.0,925.0,925.0,508.75,416.25,45.0
TXN_003727,2022-03-03,Mar-22,KHANJANA MOJEE,SET267,SET267-KR-NP-XXL,XXL,Ensemble,1.0,925.0,925.0,508.75,416.25,45.0
TXN_003728,2022-03-03,Mar-22,KHANJANA MOJEE,SET285,SET285-KR-SHA-L,L,Ensemble,1.0,612.5,612.0,336.88,275.12,44.95
TXN_003729,2022-03-03,Mar-22,KHANJANA MOJEE,SET293,SET293-KR-NP-XXXL,XXXL,Ensemble,1.0,775.0,775.0,426.25,348.75,45.0
TXN_003730,2022-03-03,Mar-22,KHANJANA MOJEE,SET320,SET320-KR-NP-M,M,Ensemble,1.0,1000.0,1000.0,550.0,450.0,45.0
TXN_003731,2022-03-03,Mar-22,KHANJANA MOJEE,SET322,SET322-KR-SHA-L,L,Ensemble,1.0,1237.5,1238.0,680.62,557.38,45.02
TXN_003732,2022-03-03,Mar-22,KHANJANA MOJEE,SET323,SET323-KR-NP-XXL,XXL,Ensemble,1.0,1162.5,1162.0,639.38,522.62,44.98
TXN_003733,2022-03-03,Mar-22,KHANJANA MOJEE,SET331,SET331-KR-NP-XL,XL,Ensemble,1.0,650.0,650.0,357.5,292.5,45.0
TXN_003734,2022-03-03,Mar-22,KHANJANA MOJEE,SET344,SET344-KR-NP-XXL,XXL,Ensemble,1.0,1312.5,1312.0,721.88,590.12,44.98
TXN_003735,2022-03-03,Mar-22,KHANJANA MOJEE,SET353,SET353-KR-NP-S,S,Ensemble,1.0,975.0,975.0,536.25,438.75,45.0
TXN_003736,2022-03-03,Mar-22,KHANJANA MOJEE,SET355,SET355-KR-PP-L,L,Ensemble,1.0,1625.0,1625.0,893.75,731.25,45.0
TXN_003713,2022-03-03,Mar-22,KHANJANA MOJEE,J0238,J0238-LCD-L,L,Robe/Jupe,1.0,1937.5,1938.0,1065.62,872.38,45.01
TXN_003684,2022-03-03,Mar-22,YASSHLINY KUNJU,JNE3252,JNE3252-KR-XL,XL,Robe/Jupe,1.0,475.0,451.0,261.25,189.75,42.07
TXN_003712,2022-03-03,Mar-22,KHANJANA MOJEE,J0228,J0228-SKD-S,S,Robe/Jupe,1.0,2087.5,2088.0,1148.12,939.88,45.01
TXN_003710,2022-03-03,Mar-22,KHANJANA MOJEE,J0009,J0009-SKD-L,L,Robe/Jupe,1.0,1125.0,1125.0,618.75,506.25,45.0
TXN_003686,2022-03-03,Mar-22,YASSHLINY KUNJU,SET225,SET225-KR-NP-XL,XL,Ensemble,1.0,750.0,712.0,412.5,299.5,42.06
TXN_003687,2022-03-03,Mar-22,YASSHLINY KUNJU,SET225,SET225-KR-NP-XXL,XXL,Ensemble,1.0,750.0,712.0,412.5,299.5,42.06
TXN_003688,2022-03-03,Mar-22,YASSHLINY KUNJU,SET225,SET225-KR-NP-L,L,Ensemble,1.0,750.0,712.0,412.5,299.5,42.06
TXN_003689,2022-03-03,Mar-22,YASSHLINY KUNJU,SET225,SET225-KR-NP-M,M,Ensemble,1.0,750.0,712.0,412.5,299.5,42.06
TXN_003691,2022-03-03,Mar-22,YASSHLINY KUNJU,SET286,SET286-KR-NP-L,L,Ensemble,1.0,687.5,653.0,378.13,274.87,42.09
TXN_003692,2022-03-03,Mar-22,YASSHLINY KUNJU,SET286,SET286-KR-NP-XL,XL,Ensemble,1.0,687.5,653.0,378.13,274.87,42.09
TXN_003693,2022-03-03,Mar-22,YASSHLINY KUNJU,SET286,SET286-KR-NP-M,M,Ensemble,1.0,687.5,653.0,378.13,274.87,42.09
TXN_003694,2022-03-03,Mar-22,YASSHLINY KUNJU,SET300,SET300-KR-NP-XS,XS,Ensemble,1.0,1162.5,1104.0,639.38,464.62,42.09
TXN_003695,2022-03-03,Mar-22,YASSHLINY KUNJU,SET378,SET378-KR-NP-XXXL,XXXL,Ensemble,1.0,1512.5,1437.0,831.88,605.12,42.11
TXN_003696,2022-03-03,Mar-22,YASSHLINY KUNJU,SET392,SET392-KR-NP-M,M,Ensemble,1.0,850.0,808.0,467.5,340.5,42.14
TXN_003697,2022-03-03,Mar-22,IBRAHIM MAFTHOOH(JANASYA.IN),JNE3839,CMB5-JNE3839,Free,Robe/Jupe,5.0,374.0,1776.0,1028.5,747.5,42.09
TXN_003698,2022-03-03,Mar-22,IBRAHIM MAFTHOOH(JANASYA.IN),JNE3840,CMB5-JNE3840,Free,Robe/Jupe,5.0,374.0,1776.0,1028.5,747.5,42.09
TXN_003699,2022-03-03,Mar-22,IBRAHIM MAFTHOOH(JANASYA.IN),JNE3843,CMB5-JNE3843,Free,Robe/Jupe,5.0,374.0,1776.0,1028.5,747.5,42.09
TXN_003700,2022-03-03,Mar-22,IBRAHIM MAFTHOOH(JANASYA.IN),JNE3844,CMB5-JNE3844,Free,Robe/Jupe,5.0,374.0,1776.0,1028.5,747.5,42.09
TXN_003701,2022-03-03,Mar-22,IBRAHIM MAFTHOOH(JANASYA.IN),JNE3845,CMB5-JNE3845,Free,Robe/Jupe,5.0,374.0,1776.0,1028.5,747.5,42.09
TXN_003702,2022-03-03,Mar-22,IBRAHIM MAFTHOOH(JANASYA.IN),JNE3846,CMB5-JNE3846,Free,Robe/Jupe,5.0,374.0,1776.0,1028.5,747.5,42.09
TXN_003703,2022-03-03,Mar-22,IBRAHIM MAFTHOOH(JANASYA.IN),JNE3848,CMB5-JNE3848,Free,Robe/Jupe,5.0,299.0,1420.0,822.25,597.75,42.1
TXN_003704,2022-03-03,Mar-22,IBRAHIM MAFTHOOH(JANASYA.IN),JNE3849,CMB5-JNE3849,Free,Robe/Jupe,5.0,299.0,1420.0,822.25,597.75,42.1
TXN_003705,2022-03-03,Mar-22,IBRAHIM MAFTHOOH(JANASYA.IN),J0073,J0073-KR-L,L,Robe/Jupe,1.0,393.75,374.0,216.56,157.44,42.1
TXN_003706,2022-03-03,Mar-22,IBRAHIM MAFTHOOH(JANASYA.IN),J0094,J0094-KR-L,L,Robe/Jupe,1.0,718.75,683.0,395.31,287.69,42.12
TXN_003707,2022-03-03,Mar-22,IBRAHIM MAFTHOOH(JANASYA.IN),J0242,J0242-SKD-L,L,Robe/Jupe,1.0,1350.0,1282.0,742.5,539.5,42.08
TXN_003708,2022-03-03,Mar-22,IBRAHIM MAFTHOOH(JANASYA.IN),J0242,J0242-SKD-M,M,Robe/Jupe,1.0,1350.0,1282.0,742.5,539.5,42.08
TXN_003709,2022-03-03,Mar-22,IBRAHIM MAFTHOOH(JANASYA.IN),J0247,J0247-SKD-M,M,Robe/Jupe,1.0,1162.5,1104.0,639.38,464.62,42.09
TXN_003711,2022-03-03,Mar-22,KHANJANA MOJEE,J0014,J0014-LCD-M,M,Robe/Jupe,1.0,1312.5,1312.0,721.88,590.12,44.98
TXN_003630,2022-03-03,Mar-22,SHILPI KUMARI,SET232,SET232-KR-PP-XL,XL,Ensemble,1.0,656.25,623.0,360.94,262.06,42.06
TXN_003629,2022-03-03,Mar-22,SHILPI KUMARI,SET232,SET232-KR-PP-S,S,Ensemble,1.0,656.25,623.0,360.94,262.06,42.06
TXN_003628,2022-03-03,Mar-22,SHILPI KUMARI,SET232,SET232-KR-PP-M,M,Ensemble,1.0,656.25,623.0,360.94,262.06,42.06
TXN_003549,2022-03-03,Mar-22,SHILPI KUMARI,JNE3489,JNE3489-KR-M,M,Robe/Jupe,1.0,387.5,368.0,213.13,154.87,42.08
TXN_003550,2022-03-03,Mar-22,SHILPI KUMARI,JNE3489,JNE3489-KR-M,M,Robe/Jupe,1.0,387.5,368.0,213.13,154.87,42.08
TXN_003551,2022-03-03,Mar-22,SHILPI KUMARI,JNE3489,JNE3489-KR-S,S,Robe/Jupe,1.0,387.5,368.0,213.13,154.87,42.08
TXN_003552,2022-03-03,Mar-22,SHILPI KUMARI,JNE3489,JNE3489-KR-S,S,Robe/Jupe,1.0,387.5,368.0,213.13,154.87,42.08
TXN_003553,2022-03-03,Mar-22,SHILPI KUMARI,JNE3489,JNE3489-KR-XL,XL,Robe/Jupe,1.0,387.5,368.0,213.13,154.87,42.08
TXN_003554,2022-03-03,Mar-22,SHILPI KUMARI,JNE3489,JNE3489-KR-XL,XL,Robe/Jupe,1.0,387.5,368.0,213.13,154.87,42.08
TXN_003555,2022-03-03,Mar-22,SHILPI KUMARI,JNE3546,JNE3546-KR-L,L,Robe/Jupe,1.0,425.0,404.0,233.75,170.25,42.14
TXN_003556,2022-03-03,Mar-22,SHILPI KUMARI,JNE3546,JNE3546-KR-L,L,Robe/Jupe,1.0,425.0,404.0,233.75,170.25,42.14
TXN_003557,2022-03-03,Mar-22,SHILPI KUMARI,JNE3546,JNE3546-KR-M,M,Robe/Jupe,1.0,425.0,404.0,233.75,170.25,42.14
TXN_003558,2022-03-03,Mar-22,SHILPI KUMARI,JNE3546,JNE3546-KR-M,M,Robe/Jupe,1.0,425.0,404.0,233.75,170.25,42.14
TXN_003559,2022-03-03,Mar-22,SHILPI KUMARI,JNE3546,JNE3546-KR-S,S,Robe/Jupe,1.0,425.0,404.0,233.75,170.25,42.14
TXN_003560,2022-03-03,Mar-22,SHILPI KUMARI,JNE3546,JNE3546-KR-S,S,Robe/Jupe,1.0,425.0,404.0,233.75,170.25,42.14
TXN_003561,2022-03-03,Mar-22,SHILPI KUMARI,JNE3546,JNE3546-KR-XL,XL,Robe/Jupe,1.0,425.0,404.0,233.75,170.25,42.14
TXN_003562,2022-03-03,Mar-22,SHILPI KUMARI,JNE3546,JNE3546-KR-XL,XL,Robe/Jupe,1.0,425.0,404.0,233.75,170.25,42.14
TXN_003563,2022-03-03,Mar-22,SHILPI KUMARI,JNE3622,JNE3622-KR-L,L,Robe/Jupe,1.0,462.5,439.0,254.38,184.62,42.05
TXN_003564,2022-03-03,Mar-22,SHILPI KUMARI,JNE3622,JNE3622-KR-L,L,Robe/Jupe,1.0,462.5,439.0,254.38,184.62,42.05
TXN_003565,2022-03-03,Mar-22,SHILPI KUMARI,JNE3622,JNE3622-KR-M,M,Robe/Jupe,1.0,462.5,439.0,254.38,184.62,42.05
TXN_003566,2022-03-03,Mar-22,SHILPI KUMARI,JNE3622,JNE3622-KR-M,M,Robe/Jupe,1.0,462.5,439.0,254.38,184.62,42.05
TXN_003567,2022-03-03,Mar-22,SHILPI KUMARI,JNE3622,JNE3622-KR-S,S,Robe/Jupe,1.0,462.5,439.0,254.38,184.62,42.05
TXN_003568,2022-03-03,Mar-22,SHILPI KUMARI,JNE3622,JNE3622-KR-S,S,Robe/Jupe,1.0,462.5,439.0,254.38,184.62,42.05
TXN_003569,2022-03-03,Mar-22,SHILPI KUMARI,JNE3622,JNE3622-KR-XL,XL,Robe/Jupe,1.0,462.5,439.0,254.38,184.62,42.05
TXN_003570,2022-03-03,Mar-22,SHILPI KUMARI,JNE3622,JNE3622-KR-XL,XL,Robe/Jupe,1.0,462.5,439.0,254.38,184.62,42.05
TXN_003571,2022-03-03,Mar-22,SHILPI KUMARI,JNE3701,JNE3701-KR-L,L,Robe/Jupe,1.0,462.5,439.0,254.38,184.62,42.05
TXN_003548,2022-03-03,Mar-22,SHILPI KUMARI,JNE3489,JNE3489-KR-L,L,Robe/Jupe,1.0,387.5,368.0,213.13,154.87,42.08
TXN_003572,2022-03-03,Mar-22,SHILPI KUMARI,JNE3701,JNE3701-KR-L,L,Robe/Jupe,1.0,462.5,439.0,254.38,184.62,42.05
TXN_003547,2022-03-03,Mar-22,SHILPI KUMARI,JNE3489,JNE3489-KR-L,L,Robe/Jupe,1.0,387.5,368.0,213.13,154.87,42.08
TXN_003545,2022-03-03,Mar-22,SHILPI KUMARI,JNE3480,JNE3480-KR-S,S,Robe/Jupe,1.0,293.75,279.0,161.56,117.44,42.09
TXN_006570,2022-03-03,Mar-22,SHILPI KUMARI,SET285,SET285-KR-SHA-XL,XL,Ensemble,1.0,612.5,582.0,336.88,245.12,42.12
TXN_003523,2022-03-03,Mar-22,SHILPI KUMARI,JNE2101,JNE2101-KR-210-L,L,Robe/Jupe,1.0,306.25,291.0,168.44,122.56,42.12
TXN_003524,2022-03-03,Mar-22,SHILPI KUMARI,JNE2101,JNE2101-KR-210-M,M,Robe/Jupe,1.0,306.25,291.0,168.44,122.56,42.12
TXN_003525,2022-03-03,Mar-22,SHILPI KUMARI,JNE2101,JNE2101-KR-210-S,S,Robe/Jupe,1.0,306.25,291.0,168.44,122.56,42.12
TXN_003526,2022-03-03,Mar-22,SHILPI KUMARI,JNE2101,JNE2101-KR-210-XL,XL,Robe/Jupe,1.0,306.25,291.0,168.44,122.56,42.12
TXN_003527,2022-03-03,Mar-22,SHILPI KUMARI,JNE3405,JNE3405-KR-L,L,Robe/Jupe,1.0,350.0,332.0,192.5,139.5,42.02
TXN_003528,2022-03-03,Mar-22,SHILPI KUMARI,JNE3405,JNE3405-KR-M,M,Robe/Jupe,1.0,350.0,332.0,192.5,139.5,42.02
TXN_003529,2022-03-03,Mar-22,SHILPI KUMARI,JNE3405,JNE3405-KR-S,S,Robe/Jupe,1.0,350.0,332.0,192.5,139.5,42.02
TXN_003530,2022-03-03,Mar-22,SHILPI KUMARI,JNE3405,JNE3405-KR-XL,XL,Robe/Jupe,1.0,350.0,332.0,192.5,139.5,42.02
TXN_003531,2022-03-03,Mar-22,SHILPI KUMARI,JNE3440,JNE3440-KR-L,L,Robe/Jupe,1.0,387.5,368.0,213.13,154.87,42.08
TXN_003532,2022-03-03,Mar-22,SHILPI KUMARI,JNE3440,JNE3440-KR-L,L,Robe/Jupe,1.0,387.5,368.0,213.13,154.87,42.08
TXN_003533,2022-03-03,Mar-22,SHILPI KUMARI,JNE3440,JNE3440-KR-M,M,Robe/Jupe,1.0,387.5,368.0,213.13,154.87,42.08
TXN_003534,2022-03-03,Mar-22,SHILPI KUMARI,JNE3440,JNE3440-KR-M,M,Robe/Jupe,1.0,387.5,368.0,213.13,154.87,42.08
TXN_003535,2022-03-03,Mar-22,SHILPI KUMARI,JNE3440,JNE3440-KR-S,S,Robe/Jupe,1.0,387.5,368.0,213.13,154.87,42.08
TXN_003536,2022-03-03,Mar-22,SHILPI KUMARI,JNE3440,JNE3440-KR-S,S,Robe/Jupe,1.0,387.5,368.0,213.13,154.87,42.08
TXN_003537,2022-03-03,Mar-22,SHILPI KUMARI,JNE3440,JNE3440-KR-XL,XL,Robe/Jupe,1.0,387.5,368.0,213.13,154.87,42.08
TXN_003538,2022-03-03,Mar-22,SHILPI KUMARI,JNE3440,JNE3440-KR-XL,XL,Robe/Jupe,1.0,387.5,368.0,213.13,154.87,42.08
TXN_003539,2022-03-03,Mar-22,SHILPI KUMARI,JNE3479,JNE3479-KR-L,L,Robe/Jupe,1.0,293.75,279.0,161.56,117.44,42.09
TXN_003540,2022-03-03,Mar-22,SHILPI KUMARI,JNE3479,JNE3479-KR-M,M,Robe/Jupe,1.0,293.75,279.0,161.56,117.44,42.09
TXN_003541,2022-03-03,Mar-22,SHILPI KUMARI,JNE3479,JNE3479-KR-S,S,Robe/Jupe,1.0,293.75,279.0,161.56,117.44,42.09
TXN_003542,2022-03-03,Mar-22,SHILPI KUMARI,JNE3479,JNE3479-KR-XL,XL,Robe/Jupe,1.0,293.75,279.0,161.56,117.44,42.09
TXN_003543,2022-03-03,Mar-22,SHILPI KUMARI,JNE3480,JNE3480-KR-L,L,Robe/Jupe,1.0,293.75,279.0,161.56,117.44,42.09
TXN_003544,2022-03-03,Mar-22,SHILPI KUMARI,JNE3480,JNE3480-KR-M,M,Robe/Jupe,1.0,293.75,279.0,161.56,117.44,42.09
TXN_003546,2022-03-03,Mar-22,SHILPI KUMARI,JNE3480,JNE3480-KR-XL,XL,Robe/Jupe,1.0,293.75,279.0,161.56,117.44,42.09
TXN_003573,2022-03-03,Mar-22,SHILPI KUMARI,JNE3701,JNE3701-KR-M,M,Robe/Jupe,1.0,462.5,439.0,254.38,184.62,42.05
TXN_003574,2022-03-03,Mar-22,SHILPI KUMARI,JNE3701,JNE3701-KR-M,M,Robe/Jupe,1.0,462.5,439.0,254.38,184.62,42.05
TXN_003575,2022-03-03,Mar-22,SHILPI KUMARI,JNE3701,JNE3701-KR-S,S,Robe/Jupe,1.0,462.5,439.0,254.38,184.62,42.05
TXN_003605,2022-03-03,Mar-22,SHILPI KUMARI,SET044,SET044-KR-NP-S,S,Ensemble,1.0,687.5,653.0,378.13,274.87,42.09
TXN_003606,2022-03-03,Mar-22,SHILPI KUMARI,SET044,SET044-KR-NP-XL,XL,Ensemble,1.0,687.5,653.0,378.13,274.87,42.09
TXN_003607,2022-03-03,Mar-22,SHILPI KUMARI,SET098,SET098-KR-PP-L,L,Ensemble,1.0,900.0,855.0,495.0,360.0,42.11
TXN_003608,2022-03-03,Mar-22,SHILPI KUMARI,SET098,SET098-KR-PP-M,M,Ensemble,1.0,900.0,855.0,495.0,360.0,42.11
TXN_003609,2022-03-03,Mar-22,SHILPI KUMARI,SET098,SET098-KR-PP-S,S,Ensemble,1.0,900.0,855.0,495.0,360.0,42.11
TXN_003610,2022-03-03,Mar-22,SHILPI KUMARI,SET098,SET098-KR-PP-XL,XL,Ensemble,1.0,900.0,855.0,495.0,360.0,42.11
TXN_003611,2022-03-03,Mar-22,SHILPI KUMARI,SET144,SET144-KR-NP-L,L,Ensemble,1.0,825.0,784.0,453.75,330.25,42.12
TXN_003612,2022-03-03,Mar-22,SHILPI KUMARI,SET144,SET144-KR-NP-M,M,Ensemble,1.0,825.0,784.0,453.75,330.25,42.12
TXN_003613,2022-03-03,Mar-22,SHILPI KUMARI,SET144,SET144-KR-NP-S,S,Ensemble,1.0,825.0,784.0,453.75,330.25,42.12
TXN_003614,2022-03-03,Mar-22,SHILPI KUMARI,SET144,SET144-KR-NP-XL,XL,Ensemble,1.0,825.0,784.0,453.75,330.25,42.12
TXN_003615,2022-03-03,Mar-22,SHILPI KUMARI,SET182,SET182-KR-DH-L,L,Ensemble,1.0,725.0,689.0,398.75,290.25,42.13
TXN_003616,2022-03-03,Mar-22,SHILPI KUMARI,SET182,SET182-KR-DH-M,M,Ensemble,1.0,725.0,689.0,398.75,290.25,42.13
TXN_003617,2022-03-03,Mar-22,SHILPI KUMARI,SET182,SET182-KR-DH-S,S,Ensemble,1.0,725.0,689.0,398.75,290.25,42.13
TXN_003618,2022-03-03,Mar-22,SHILPI KUMARI,SET182,SET182-KR-DH-XL,XL,Ensemble,1.0,725.0,689.0,398.75,290.25,42.13
TXN_003619,2022-03-03,Mar-22,SHILPI KUMARI,SET194,SET194-KR-NP-L,L,Ensemble,1.0,737.5,701.0,405.63,295.37,42.14
TXN_003620,2022-03-03,Mar-22,SHILPI KUMARI,SET194,SET194-KR-NP-M,M,Ensemble,1.0,737.5,701.0,405.63,295.37,42.14
TXN_003621,2022-03-03,Mar-22,SHILPI KUMARI,SET194,SET194-KR-NP-S,S,Ensemble,1.0,737.5,701.0,405.63,295.37,42.14
TXN_003622,2022-03-03,Mar-22,SHILPI KUMARI,SET194,SET194-KR-NP-XL,XL,Ensemble,1.0,737.5,701.0,405.63,295.37,42.14
TXN_003623,2022-03-03,Mar-22,SHILPI KUMARI,SET205,SET205-KR-DPT-L,L,Ensemble,1.0,506.25,481.0,278.44,202.56,42.11
TXN_003624,2022-03-03,Mar-22,SHILPI KUMARI,SET205,SET205-KR-DPT-M,M,Ensemble,1.0,506.25,481.0,278.44,202.56,42.11
TXN_003625,2022-03-03,Mar-22,SHILPI KUMARI,SET205,SET205-KR-DPT-S,S,Ensemble,1.0,506.25,481.0,278.44,202.56,42.11
TXN_003626,2022-03-03,Mar-22,SHILPI KUMARI,SET205,SET205-KR-DPT-XL,XL,Ensemble,1.0,506.25,481.0,278.44,202.56,42.11
TXN_003627,2022-03-03,Mar-22,SHILPI KUMARI,SET232,SET232-KR-PP-L,L,Ensemble,1.0,656.25,623.0,360.94,262.06,42.06
TXN_003604,2022-03-03,Mar-22,SHILPI KUMARI,SET044,SET044-KR-NP-M,M,Ensemble,1.0,687.5,653.0,378.13,274.87,42.09
TXN_003603,2022-03-03,Mar-22,SHILPI KUMARI,SET044,SET044-KR-NP-L,L,Ensemble,1.0,687.5,653.0,378.13,274.87,42.09
TXN_003602,2022-03-03,Mar-22,SHILPI KUMARI,JNE3793,JNE3793-KR-XL,XL,Robe/Jupe,1.0,587.5,558.0,323.12,234.88,42.09
TXN_003601,2022-03-03,Mar-22,SHILPI KUMARI,JNE3793,JNE3793-KR-XL,XL,Robe/Jupe,1.0,587.5,558.0,323.12,234.88,42.09
TXN_003576,2022-03-03,Mar-22,SHILPI KUMARI,JNE3701,JNE3701-KR-S,S,Robe/Jupe,1.0,462.5,439.0,254.38,184.62,42.05
TXN_003577,2022-03-03,Mar-22,SHILPI KUMARI,JNE3701,JNE3701-KR-XL,XL,Robe/Jupe,1.0,462.5,439.0,254.38,184.62,42.05
TXN_003578,2022-03-03,Mar-22,SHILPI KUMARI,JNE3701,JNE3701-KR-XL,XL,Robe/Jupe,1.0,462.5,439.0,254.38,184.62,42.05
TXN_003579,2022-03-03,Mar-22,SHILPI KUMARI,JNE3736,JNE3736-KR-L,L,Robe/Jupe,1.0,537.5,511.0,295.62,215.38,42.15
TXN_003580,2022-03-03,Mar-22,SHILPI KUMARI,JNE3736,JNE3736-KR-M,M,Robe/Jupe,1.0,537.5,511.0,295.62,215.38,42.15
TXN_003581,2022-03-03,Mar-22,SHILPI KUMARI,JNE3736,JNE3736-KR-S,S,Robe/Jupe,1.0,537.5,511.0,295.62,215.38,42.15
TXN_003582,2022-03-03,Mar-22,SHILPI KUMARI,JNE3736,JNE3736-KR-XL,XL,Robe/Jupe,1.0,537.5,511.0,295.62,215.38,42.15
TXN_003583,2022-03-03,Mar-22,SHILPI KUMARI,JNE3775,JNE3775-KR-L,L,Robe/Jupe,1.0,525.0,499.0,288.75,210.25,42.13
TXN_003584,2022-03-03,Mar-22,SHILPI KUMARI,JNE3775,JNE3775-KR-M,M,Robe/Jupe,1.0,525.0,499.0,288.75,210.25,42.13
TXN_003585,2022-03-03,Mar-22,SHILPI KUMARI,JNE3775,JNE3775-KR-S,S,Robe/Jupe,1.0,525.0,499.0,288.75,210.25,42.13
TXN_003586,2022-03-03,Mar-22,SHILPI KUMARI,JNE3775,JNE3775-KR-XL,XL,Robe/Jupe,1.0,525.0,499.0,288.75,210.25,42.13
TXN_003737,2022-03-03,Mar-22,KHANJANA MOJEE,SET358,SET358-KR-NP-XL,XL,Ensemble,1.0,1550.0,1550.0,852.5,697.5,45.0
TXN_003587,2022-03-03,Mar-22,SHILPI KUMARI,JNE3790,JNE3790-KR-L,L,Robe/Jupe,1.0,562.5,534.0,309.38,224.62,42.06
TXN_003589,2022-03-03,Mar-22,SHILPI KUMARI,JNE3790,JNE3790-KR-M,M,Robe/Jupe,1.0,562.5,534.0,309.38,224.62,42.06
TXN_003590,2022-03-03,Mar-22,SHILPI KUMARI,JNE3790,JNE3790-KR-M,M,Robe/Jupe,1.0,562.5,534.0,309.38,224.62,42.06
TXN_003591,2022-03-03,Mar-22,SHILPI KUMARI,JNE3790,JNE3790-KR-S,S,Robe/Jupe,1.0,562.5,534.0,309.38,224.62,42.06
TXN_003592,2022-03-03,Mar-22,SHILPI KUMARI,JNE3790,JNE3790-KR-S,S,Robe/Jupe,1.0,562.5,534.0,309.38,224.62,42.06
TXN_003593,2022-03-03,Mar-22,SHILPI KUMARI,JNE3790,JNE3790-KR-XL,XL,Robe/Jupe,1.0,562.5,534.0,309.38,224.62,42.06
TXN_003595,2022-03-03,Mar-22,SHILPI KUMARI,JNE3793,JNE3793-KR-L,L,Robe/Jupe,1.0,587.5,558.0,323.12,234.88,42.09
TXN_003596,2022-03-03,Mar-22,SHILPI KUMARI,JNE3793,JNE3793-KR-L,L,Robe/Jupe,1.0,587.5,558.0,323.12,234.88,42.09
TXN_003597,2022-03-03,Mar-22,SHILPI KUMARI,JNE3793,JNE3793-KR-M,M,Robe/Jupe,1.0,587.5,558.0,323.12,234.88,42.09
TXN_003598,2022-03-03,Mar-22,SHILPI KUMARI,JNE3793,JNE3793-KR-M,M,Robe/Jupe,1.0,587.5,558.0,323.12,234.88,42.09
TXN_003599,2022-03-03,Mar-22,SHILPI KUMARI,JNE3793,JNE3793-KR-S,S,Robe/Jupe,1.0,587.5,558.0,323.12,234.88,42.09
TXN_003600,2022-03-03,Mar-22,SHILPI KUMARI,JNE3793,JNE3793-KR-S,S,Robe/Jupe,1.0,587.5,558.0,323.12,234.88,42.09
TXN_003588,2022-03-03,Mar-22,SHILPI KUMARI,JNE3790,JNE3790-KR-L,L,Robe/Jupe,1.0,562.5,534.0,309.38,224.62,42.06
TXN_003738,2022-03-03,Mar-22,KHANJANA MOJEE,SET363,SET363-KR-NP-S,S,Ensemble,1.0,1550.0,1550.0,852.5,697.5,45.0
TXN_003690,2022-03-03,Mar-22,YASSHLINY KUNJU,SET268,SET268-KR-NP-XS,XS,Ensemble,1.0,925.0,879.0,508.75,370.25,42.12
TXN_003740,2022-03-03,Mar-22,KHANJANA MOJEE,SET394,SET394-KR-NP-M,M,Ensemble,1.0,1475.0,1475.0,811.25,663.75,45.0
TXN_006635,2022-03-03,Mar-22,KHANJANA MOJEE,SET264,SET264-KR-NP-XL,XL,Ensemble,1.0,975.0,975.0,536.25,438.75,45.0
TXN_006636,2022-03-03,Mar-22,KHANJANA MOJEE,SET264,SET264-KR-NP-XXL,XXL,Ensemble,1.0,975.0,975.0,536.25,438.75,45.0
TXN_006637,2022-03-03,Mar-22,KHANJANA MOJEE,SET265,SET265-KR-NP-M,M,Ensemble,1.0,975.0,975.0,536.25,438.75,45.0
TXN_006638,2022-03-03,Mar-22,KHANJANA MOJEE,SET265,SET265-KR-NP-XL,XL,Ensemble,1.0,975.0,975.0,536.25,438.75,45.0
TXN_006639,2022-03-03,Mar-22,KHANJANA MOJEE,SET266,SET266-KR-NP-M,M,Ensemble,1.0,925.0,925.0,508.75,416.25,45.0
TXN_006640,2022-03-03,Mar-22,KHANJANA MOJEE,SET267,SET267-KR-NP-L,L,Ensemble,1.0,925.0,925.0,508.75,416.25,45.0
TXN_006641,2022-03-03,Mar-22,KHANJANA MOJEE,SET267,SET267-KR-NP-XXL,XXL,Ensemble,1.0,925.0,925.0,508.75,416.25,45.0
TXN_006642,2022-03-03,Mar-22,KHANJANA MOJEE,SET285,SET285-KR-SHA-L,L,Ensemble,1.0,612.5,612.0,336.88,275.12,44.95
TXN_006643,2022-03-03,Mar-22,KHANJANA MOJEE,SET293,SET293-KR-NP-XXXL,XXXL,Ensemble,1.0,775.0,775.0,426.25,348.75,45.0
TXN_006634,2022-03-03,Mar-22,KHANJANA MOJEE,J0399,J0399-DR-SC,Free,Robe/Jupe,1.0,775.0,775.0,426.25,348.75,45.0
TXN_006644,2022-03-03,Mar-22,KHANJANA MOJEE,SET320,SET320-KR-NP-M,M,Ensemble,1.0,1000.0,1000.0,550.0,450.0,45.0
TXN_006647,2022-03-03,Mar-22,KHANJANA MOJEE,SET331,SET331-KR-NP-XL,XL,Ensemble,1.0,650.0,650.0,357.5,292.5,45.0
TXN_006648,2022-03-03,Mar-22,KHANJANA MOJEE,SET344,SET344-KR-NP-XXL,XXL,Ensemble,1.0,1312.5,1312.0,721.88,590.12,44.98
TXN_006649,2022-03-03,Mar-22,KHANJANA MOJEE,SET353,SET353-KR-NP-S,S,Ensemble,1.0,975.0,975.0,536.25,438.75,45.0
TXN_006650,2022-03-03,Mar-22,KHANJANA MOJEE,SET355,SET355-KR-PP-L,L,Ensemble,1.0,1625.0,1625.0,893.75,731.25,45.0
TXN_006651,2022-03-03,Mar-22,KHANJANA MOJEE,SET358,SET358-KR-NP-XL,XL,Ensemble,1.0,1550.0,1550.0,852.5,697.5,45.0
TXN_006652,2022-03-03,Mar-22,KHANJANA MOJEE,SET363,SET363-KR-NP-S,S,Ensemble,1.0,1550.0,1550.0,852.5,697.5,45.0
TXN_006653,2022-03-03,Mar-22,KHANJANA MOJEE,SET393,SET393-KR-NP-XXL,XXL,Ensemble,1.0,1350.0,1350.0,742.5,607.5,45.0
TXN_006654,2022-03-03,Mar-22,KHANJANA MOJEE,SET394,SET394-KR-NP-M,M,Ensemble,1.0,1475.0,1475.0,811.25,663.75,45.0
TXN_006655,2022-03-03,Mar-22,KHANJANA MOJEE,SET405,SET405-KR-NP-XXXL,XXXL,Ensemble,1.0,812.5,812.0,446.88,365.12,44.97
TXN_006646,2022-03-03,Mar-22,KHANJANA MOJEE,SET323,SET323-KR-NP-XXL,XXL,Ensemble,1.0,1162.5,1162.0,639.38,522.62,44.98
TXN_006633,2022-03-03,Mar-22,KHANJANA MOJEE,J0352,J0352-KR-M,M,Robe/Jupe,1.0,650.0,650.0,357.5,292.5,45.0
TXN_006645,2022-03-03,Mar-22,KHANJANA MOJEE,SET322,SET322-KR-SHA-L,L,Ensemble,1.0,1237.5,1238.0,680.62,557.38,45.02
TXN_003741,2022-03-03,Mar-22,KHANJANA MOJEE,SET405,SET405-KR-NP-XXXL,XXXL,Ensemble,1.0,812.5,812.0,446.88,365.12,44.97
TXN_003739,2022-03-03,Mar-22,KHANJANA MOJEE,SET393,SET393-KR-NP-XXL,XXL,Ensemble,1.0,1350.0,1350.0,742.5,607.5,45.0
TXN_003000,2022-04-01,Jan-22,K.PARTHIBAN,PJNE3440,PJNE3440-KR-5XL,5XL,Autre,1.0,538.0,538.0,295.9,242.1,45.0
TXN_005447,2022-04-01,Jan-22,K.PARTHIBAN,SET374,SET374-KR-NP-XXXL,XXXL,Ensemble,1.0,650.0,650.0,357.5,292.5,45.0
TXN_005448,2022-04-01,Jan-22,K.PARTHIBAN,JNE3741,JNE3741-KR-XL,XL,Robe/Jupe,1.0,538.0,538.0,295.9,242.1,45.0
TXN_005449,2022-04-01,Jan-22,K.PARTHIBAN,PJNE3399,PJNE3399-KR-4XL,4XL,Autre,1.0,650.0,650.0,357.5,292.5,45.0
TXN_005450,2022-04-01,Jan-22,K.PARTHIBAN,JNE3261,JNE3261-KR-XL,XL,Robe/Jupe,1.0,510.0,510.0,280.5,229.5,45.0
TXN_005451,2022-04-01,Jan-22,K.PARTHIBAN,JNE3716,JNE3716-KR-XXL,XXL,Robe/Jupe,1.0,475.0,475.0,261.25,213.75,45.0
TXN_005452,2022-04-01,Jan-22,K.PARTHIBAN,SET187,SET187-KR-DH-XXL,XXL,Ensemble,1.0,775.0,775.0,426.25,348.75,45.0
TXN_005453,2022-04-01,Jan-22,K.PARTHIBAN,SET186,SET186-KR-DH-L,L,Ensemble,1.0,925.0,925.0,508.75,416.25,45.0
TXN_005454,2022-04-01,Jan-22,K.PARTHIBAN,PJNE3440,PJNE3440-KR-5XL,5XL,Autre,1.0,538.0,538.0,295.9,242.1,45.0
TXN_005455,2022-04-01,Jan-22,K.PARTHIBAN,SET262,SET262-KR-NP-M,M,Ensemble,1.0,888.0,888.0,488.4,399.6,45.0
TXN_005456,2022-04-01,Jan-22,K.PARTHIBAN,SET345,SET345-KR-NP-M,M,Ensemble,1.0,688.0,688.0,378.4,309.6,45.0
TXN_003022,2022-04-01,Jan-22,K.PARTHIBAN,JNE3823,JNE3823-KR-L,L,Robe/Jupe,1.0,688.0,688.0,378.4,309.6,45.0
TXN_005458,2022-04-01,Jan-22,K.PARTHIBAN,JNE3791,JNE3791-DR-XL,XL,Robe/Jupe,1.0,650.0,650.0,357.5,292.5,45.0
TXN_005459,2022-04-01,Jan-22,K.PARTHIBAN,J0005,J0005-DR-XXL,XXL,Robe/Jupe,1.0,925.0,925.0,508.75,416.25,45.0
TXN_005460,2022-04-01,Jan-22,K.PARTHIBAN,J0006,J0006-SET-XL,XL,Robe/Jupe,1.0,925.0,925.0,508.75,416.25,45.0
TXN_005461,2022-04-01,Jan-22,K.PARTHIBAN,J0006,J0006-SET-M,M,Robe/Jupe,1.0,925.0,925.0,508.75,416.25,45.0
TXN_005462,2022-04-01,Jan-22,K.PARTHIBAN,JNE3368,JNE3368-KR-XL,XL,Robe/Jupe,1.0,650.0,650.0,357.5,292.5,45.0
TXN_005463,2022-04-01,Jan-22,K.PARTHIBAN,JNE3749,JNE3749-KR-L,L,Robe/Jupe,1.0,738.0,738.0,405.9,332.1,45.0
TXN_005464,2022-04-01,Jan-22,K.PARTHIBAN,JNE3778,JNE3778-KR-XL,XL,Robe/Jupe,1.0,588.0,588.0,323.4,264.6,45.0
TXN_005465,2022-04-01,Jan-22,K.PARTHIBAN,JNE3775,JNE3775-KR-L,L,Robe/Jupe,1.0,538.0,538.0,295.9,242.1,45.0
TXN_005466,2022-04-01,Jan-22,K.PARTHIBAN,SET262,SET262-KR-NP-L,L,Ensemble,1.0,888.0,888.0,488.4,399.6,45.0
TXN_005467,2022-04-01,Jan-22,K.PARTHIBAN,JNE3368,JNE3368-KR-XXXL,XXXL,Robe/Jupe,1.0,650.0,650.0,357.5,292.5,45.0
TXN_005468,2022-04-01,Jan-22,K.PARTHIBAN,SET262,SET262-KR-NP-L,L,Ensemble,1.0,888.0,888.0,488.4,399.6,45.0
TXN_005469,2022-04-01,Jan-22,K.PARTHIBAN,JNE3368,JNE3368-KR-XXXL,XXXL,Robe/Jupe,1.0,650.0,650.0,357.5,292.5,45.0
TXN_002994,2022-04-01,Jan-22,K.PARTHIBAN,JNE3741,JNE3741-KR-XL,XL,Robe/Jupe,1.0,538.0,538.0,295.9,242.1,45.0
TXN_002995,2022-04-01,Jan-22,K.PARTHIBAN,PJNE3399,PJNE3399-KR-4XL,4XL,Autre,1.0,650.0,650.0,357.5,292.5,45.0
TXN_002996,2022-04-01,Jan-22,K.PARTHIBAN,JNE3261,JNE3261-KR-XL,XL,Robe/Jupe,1.0,510.0,510.0,280.5,229.5,45.0
TXN_002997,2022-04-01,Jan-22,K.PARTHIBAN,JNE3716,JNE3716-KR-XXL,XXL,Robe/Jupe,1.0,475.0,475.0,261.25,213.75,45.0
TXN_002999,2022-04-01,Jan-22,K.PARTHIBAN,SET186,SET186-KR-DH-L,L,Ensemble,1.0,925.0,925.0,508.75,416.25,45.0
TXN_002998,2022-04-01,Jan-22,K.PARTHIBAN,SET187,SET187-KR-DH-XXL,XXL,Ensemble,1.0,775.0,775.0,426.25,348.75,45.0
TXN_003002,2022-04-01,Jan-22,K.PARTHIBAN,SET345,SET345-KR-NP-M,M,Ensemble,1.0,688.0,688.0,378.4,309.6,45.0
TXN_003003,2022-04-01,Jan-22,K.PARTHIBAN,PJNE3399,PJNE3399-KR-5XL,5XL,Autre,1.0,650.0,650.0,357.5,292.5,45.0
TXN_003004,2022-04-01,Jan-22,K.PARTHIBAN,JNE3791,JNE3791-DR-XL,XL,Robe/Jupe,1.0,650.0,650.0,357.5,292.5,45.0
TXN_003005,2022-04-01,Jan-22,K.PARTHIBAN,J0005,J0005-DR-XXL,XXL,Robe/Jupe,1.0,925.0,925.0,508.75,416.25,45.0
TXN_003006,2022-04-01,Jan-22,K.PARTHIBAN,J0006,J0006-SET-XL,XL,Robe/Jupe,1.0,925.0,925.0,508.75,416.25,45.0
TXN_003007,2022-04-01,Jan-22,K.PARTHIBAN,J0006,J0006-SET-M,M,Robe/Jupe,1.0,925.0,925.0,508.75,416.25,45.0
TXN_003008,2022-04-01,Jan-22,K.PARTHIBAN,JNE3368,JNE3368-KR-XL,XL,Robe/Jupe,1.0,650.0,650.0,357.5,292.5,45.0
TXN_003009,2022-04-01,Jan-22,K.PARTHIBAN,JNE3749,JNE3749-KR-L,L,Robe/Jupe,1.0,738.0,738.0,405.9,332.1,45.0
TXN_003010,2022-04-01,Jan-22,K.PARTHIBAN,JNE3778,JNE3778-KR-XL,XL,Robe/Jupe,1.0,588.0,588.0,323.4,264.6,45.0
TXN_003011,2022-04-01,Jan-22,K.PARTHIBAN,JNE3775,JNE3775-KR-L,L,Robe/Jupe,1.0,538.0,538.0,295.9,242.1,45.0
TXN_003012,2022-04-01,Jan-22,K.PARTHIBAN,SET262,SET262-KR-NP-L,L,Ensemble,1.0,888.0,888.0,488.4,399.6,45.0
TXN_005470,2022-04-01,Jan-22,K.PARTHIBAN,JNE3794,JNE3794-KR-L,L,Robe/Jupe,1.0,650.0,650.0,357.5,292.5,45.0
TXN_003013,2022-04-01,Jan-22,K.PARTHIBAN,JNE3368,JNE3368-KR-XXXL,XXXL,Robe/Jupe,1.0,650.0,650.0,357.5,292.5,45.0
TXN_003014,2022-04-01,Jan-22,K.PARTHIBAN,SET262,SET262-KR-NP-L,L,Ensemble,1.0,888.0,888.0,488.4,399.6,45.0
TXN_003015,2022-04-01,Jan-22,K.PARTHIBAN,JNE3368,JNE3368-KR-XXXL,XXXL,Robe/Jupe,1.0,650.0,650.0,357.5,292.5,45.0
TXN_003016,2022-04-01,Jan-22,K.PARTHIBAN,JNE3794,JNE3794-KR-L,L,Robe/Jupe,1.0,650.0,650.0,357.5,292.5,45.0
TXN_003017,2022-04-01,Jan-22,K.PARTHIBAN,JNE3795,JNE3795-KR-XL,XL,Robe/Jupe,1.0,650.0,650.0,357.5,292.5,45.0
TXN_003018,2022-04-01,Jan-22,K.PARTHIBAN,SET262,SET262-KR-NP-XL,XL,Ensemble,1.0,888.0,888.0,488.4,399.6,45.0
TXN_003019,2022-04-01,Jan-22,K.PARTHIBAN,JNE3480,JNE3480-KR-XL,XL,Robe/Jupe,1.0,538.0,538.0,295.9,242.1,45.0
TXN_003020,2022-04-01,Jan-22,K.PARTHIBAN,SET268,SET268-KR-NP-XL,XL,Ensemble,1.0,925.0,925.0,508.75,416.25,45.0
TXN_003023,2022-04-01,Jan-22,K.PARTHIBAN,J0006,J0006-SET-XXXL,XXXL,Robe/Jupe,1.0,925.0,925.0,508.75,416.25,45.0
TXN_003001,2022-04-01,Jan-22,K.PARTHIBAN,SET262,SET262-KR-NP-M,M,Ensemble,1.0,888.0,888.0,488.4,399.6,45.0
TXN_005471,2022-04-01,Jan-22,K.PARTHIBAN,JNE3795,JNE3795-KR-XL,XL,Robe/Jupe,1.0,650.0,650.0,357.5,292.5,45.0
TXN_005457,2022-04-01,Jan-22,K.PARTHIBAN,PJNE3399,PJNE3399-KR-5XL,5XL,Autre,1.0,650.0,650.0,357.5,292.5,45.0
TXN_005473,2022-04-01,Jan-22,K.PARTHIBAN,JNE3480,JNE3480-KR-XL,XL,Robe/Jupe,1.0,538.0,538.0,295.9,242.1,45.0
TXN_002993,2022-04-01,Jan-22,K.PARTHIBAN,SET374,SET374-KR-NP-XXXL,XXXL,Ensemble,1.0,650.0,650.0,357.5,292.5,45.0
TXN_005472,2022-04-01,Jan-22,K.PARTHIBAN,SET262,SET262-KR-NP-XL,XL,Ensemble,1.0,888.0,888.0,488.4,399.6,45.0
TXN_005477,2022-04-01,Jan-22,K.PARTHIBAN,J0006,J0006-SET-XXXL,XXXL,Robe/Jupe,1.0,925.0,925.0,508.75,416.25,45.0
TXN_003021,2022-04-01,Jan-22,K.PARTHIBAN,SET210,SET210-KR-PP-XXL,XXL,Ensemble,1.0,813.0,813.0,447.15,365.85,45.0
TXN_005474,2022-04-01,Jan-22,K.PARTHIBAN,SET268,SET268-KR-NP-XL,XL,Ensemble,1.0,925.0,925.0,508.75,416.25,45.0
TXN_005476,2022-04-01,Jan-22,K.PARTHIBAN,JNE3823,JNE3823-KR-L,L,Robe/Jupe,1.0,688.0,688.0,378.4,309.6,45.0
TXN_005475,2022-04-01,Jan-22,K.PARTHIBAN,SET210,SET210-KR-PP-XXL,XXL,Ensemble,1.0,813.0,813.0,447.15,365.85,45.0
TXN_007020,2022-04-04,Apr-22,RIA FASHION,J0240,,XXXL,Robe/Jupe,1.0,1490.0,1490.0,819.5,670.5,45.0
TXN_007022,2022-04-04,Apr-22,RIA FASHION,JNE3764,,XL,Robe/Jupe,1.0,400.0,400.0,220.0,180.0,45.0
TXN_007023,2022-04-04,Apr-22,RIA FASHION,J0335,,XL,Robe/Jupe,1.0,680.0,680.0,374.0,306.0,45.0
TXN_007024,2022-04-04,Apr-22,RIA FASHION,SET322,,L,Ensemble,1.0,990.0,990.0,544.5,445.5,45.0
TXN_007018,2022-04-04,Apr-22,RIA FASHION,J0336,,XXXL,Robe/Jupe,1.0,430.0,430.0,236.5,193.5,45.0
TXN_007017,2022-04-04,Apr-22,RIA FASHION,JNE3645,,XXL,Robe/Jupe,1.0,280.0,280.0,154.0,126.0,45.0
TXN_007016,2022-04-04,Apr-22,RIA FASHION,JNE3764,,S,Robe/Jupe,1.0,400.0,400.0,220.0,180.0,45.0
TXN_007015,2022-04-04,Apr-22,RIA FASHION,JNE3665,,S,Robe/Jupe,1.0,310.0,310.0,170.5,139.5,45.0
TXN_007025,2022-04-04,Apr-22,RIA FASHION,PJ0096,,4XL,Autre,1.0,590.0,590.0,324.5,265.5,45.0
TXN_007026,2022-04-04,Apr-22,RIA FASHION,PJ0096,,6XL,Autre,1.0,590.0,590.0,324.5,265.5,45.0
TXN_007021,2022-04-04,Apr-22,RIA FASHION,J0343,,XXXL,Robe/Jupe,1.0,620.0,620.0,341.0,279.0,45.0
TXN_007028,2022-04-04,Apr-22,RIA FASHION,PJNE3421,,5XL,Autre,1.0,450.0,450.0,247.5,202.5,45.0
TXN_007027,2022-04-04,Apr-22,RIA FASHION,PJ0096,,5XL,Autre,1.0,590.0,590.0,324.5,265.5,45.0
TXN_007030,2022-04-04,Apr-22,RIA FASHION,PJNE3421,,6XL,Autre,1.0,450.0,450.0,247.5,202.5,45.0
TXN_007029,2022-04-04,Apr-22,RIA FASHION,PJNE3421,,4XL,Autre,1.0,450.0,450.0,247.5,202.5,45.0
TXN_007019,2022-04-04,Apr-22,RIA FASHION,J0238,,L,Robe/Jupe,1.0,1520.0,1520.0,836.0,684.0,45.0
TXN_003036,2022-05-01,Jan-22,KHIRTHIKA ,JNE3447,JNE3447-KR-S,S,Robe/Jupe,1.0,425.0,425.0,233.75,191.25,45.0
TXN_003033,2022-05-01,Jan-22,KHIRTHIKA ,JNE3568,JNE3568-KR-M,M,Robe/Jupe,1.0,425.0,425.0,233.75,191.25,45.0
TXN_005497,2022-05-01,Jan-22,KHIRTHIKA ,JNE3441,JNE3441-KR-XXL,XXL,Robe/Jupe,1.0,425.0,425.0,233.75,191.25,45.0
TXN_005496,2022-05-01,Jan-22,KHIRTHIKA ,JNE3441,JNE3441-KR-XL,XL,Robe/Jupe,1.0,425.0,425.0,233.75,191.25,45.0
TXN_005495,2022-05-01,Jan-22,KHIRTHIKA ,JNE3441,JNE3441-KR-M,M,Robe/Jupe,1.0,425.0,425.0,233.75,191.25,45.0
TXN_005494,2022-05-01,Jan-22,KHIRTHIKA ,JNE3441,JNE3441-KR-S,S,Robe/Jupe,1.0,425.0,425.0,233.75,191.25,45.0
TXN_003034,2022-05-01,Jan-22,KHIRTHIKA ,JNE3568,JNE3568-KR-XL,XL,Robe/Jupe,1.0,425.0,425.0,233.75,191.25,45.0
TXN_003037,2022-05-01,Jan-22,KHIRTHIKA ,JNE3447,JNE3447-KR-M,M,Robe/Jupe,1.0,425.0,425.0,233.75,191.25,45.0
TXN_003038,2022-05-01,Jan-22,KHIRTHIKA ,JNE3447,JNE3447-KR-XL,XL,Robe/Jupe,1.0,425.0,425.0,233.75,191.25,45.0
TXN_003039,2022-05-01,Jan-22,KHIRTHIKA ,JNE3447,JNE3447-KR-XXL,XXL,Robe/Jupe,1.0,425.0,425.0,233.75,191.25,45.0
TXN_003040,2022-05-01,Jan-22,KHIRTHIKA ,JNE3441,JNE3441-KR-S,S,Robe/Jupe,1.0,425.0,425.0,233.75,191.25,45.0
TXN_003041,2022-05-01,Jan-22,KHIRTHIKA ,JNE3441,JNE3441-KR-M,M,Robe/Jupe,1.0,425.0,425.0,233.75,191.25,45.0
TXN_003042,2022-05-01,Jan-22,KHIRTHIKA ,JNE3441,JNE3441-KR-XL,XL,Robe/Jupe,1.0,425.0,425.0,233.75,191.25,45.0
TXN_003043,2022-05-01,Jan-22,KHIRTHIKA ,JNE3441,JNE3441-KR-XXL,XXL,Robe/Jupe,1.0,425.0,425.0,233.75,191.25,45.0
TXN_003035,2022-05-01,Jan-22,KHIRTHIKA ,JNE3568,JNE3568-KR-XXL,XXL,Robe/Jupe,1.0,425.0,425.0,233.75,191.25,45.0
TXN_005493,2022-05-01,Jan-22,KHIRTHIKA ,JNE3447,JNE3447-KR-XXL,XXL,Robe/Jupe,1.0,425.0,425.0,233.75,191.25,45.0
TXN_005478,2022-05-01,Jan-22,KHIRTHIKA ,JNE3445,JNE3445-KR-S,S,Robe/Jupe,1.0,425.0,425.0,233.75,191.25,45.0
TXN_005486,2022-05-01,Jan-22,KHIRTHIKA ,JNE3568,JNE3568-KR-S,S,Robe/Jupe,1.0,425.0,425.0,233.75,191.25,45.0
TXN_005480,2022-05-01,Jan-22,KHIRTHIKA ,JNE3445,JNE3445-KR-XL,XL,Robe/Jupe,1.0,425.0,425.0,233.75,191.25,45.0
TXN_005481,2022-05-01,Jan-22,KHIRTHIKA ,JNE3445,JNE3445-KR-XXL,XXL,Robe/Jupe,1.0,425.0,425.0,233.75,191.25,45.0
TXN_005482,2022-05-01,Jan-22,KHIRTHIKA ,JNE3574,JNE3574-KR-S,S,Robe/Jupe,1.0,425.0,425.0,233.75,191.25,45.0
TXN_005483,2022-05-01,Jan-22,KHIRTHIKA ,JNE3574,JNE3574-KR-M,M,Robe/Jupe,1.0,425.0,425.0,233.75,191.25,45.0
TXN_005484,2022-05-01,Jan-22,KHIRTHIKA ,JNE3574,JNE3574-KR-XL,XL,Robe/Jupe,1.0,425.0,425.0,233.75,191.25,45.0
TXN_005485,2022-05-01,Jan-22,KHIRTHIKA ,JNE3574,JNE3574-KR-XXL,XXL,Robe/Jupe,1.0,425.0,425.0,233.75,191.25,45.0
TXN_005492,2022-05-01,Jan-22,KHIRTHIKA ,JNE3447,JNE3447-KR-XL,XL,Robe/Jupe,1.0,425.0,425.0,233.75,191.25,45.0
TXN_005487,2022-05-01,Jan-22,KHIRTHIKA ,JNE3568,JNE3568-KR-M,M,Robe/Jupe,1.0,425.0,425.0,233.75,191.25,45.0
TXN_005488,2022-05-01,Jan-22,KHIRTHIKA ,JNE3568,JNE3568-KR-XL,XL,Robe/Jupe,1.0,425.0,425.0,233.75,191.25,45.0
TXN_005490,2022-05-01,Jan-22,KHIRTHIKA ,JNE3447,JNE3447-KR-S,S,Robe/Jupe,1.0,425.0,425.0,233.75,191.25,45.0
TXN_005489,2022-05-01,Jan-22,KHIRTHIKA ,JNE3568,JNE3568-KR-XXL,XXL,Robe/Jupe,1.0,425.0,425.0,233.75,191.25,45.0
TXN_005479,2022-05-01,Jan-22,KHIRTHIKA ,JNE3445,JNE3445-KR-M,M,Robe/Jupe,1.0,425.0,425.0,233.75,191.25,45.0
TXN_003024,2022-05-01,Jan-22,KHIRTHIKA ,JNE3445,JNE3445-KR-S,S,Robe/Jupe,1.0,425.0,425.0,233.75,191.25,45.0
TXN_003025,2022-05-01,Jan-22,KHIRTHIKA ,JNE3445,JNE3445-KR-M,M,Robe/Jupe,1.0,425.0,425.0,233.75,191.25,45.0
TXN_003026,2022-05-01,Jan-22,KHIRTHIKA ,JNE3445,JNE3445-KR-XL,XL,Robe/Jupe,1.0,425.0,425.0,233.75,191.25,45.0
TXN_003027,2022-05-01,Jan-22,KHIRTHIKA ,JNE3445,JNE3445-KR-XXL,XXL,Robe/Jupe,1.0,425.0,425.0,233.75,191.25,45.0
TXN_003028,2022-05-01,Jan-22,KHIRTHIKA ,JNE3574,JNE3574-KR-S,S,Robe/Jupe,1.0,425.0,425.0,233.75,191.25,45.0
TXN_003029,2022-05-01,Jan-22,KHIRTHIKA ,JNE3574,JNE3574-KR-M,M,Robe/Jupe,1.0,425.0,425.0,233.75,191.25,45.0
TXN_003030,2022-05-01,Jan-22,KHIRTHIKA ,JNE3574,JNE3574-KR-XL,XL,Robe/Jupe,1.0,425.0,425.0,233.75,191.25,45.0
TXN_003031,2022-05-01,Jan-22,KHIRTHIKA ,JNE3574,JNE3574-KR-XXL,XXL,Robe/Jupe,1.0,425.0,425.0,233.75,191.25,45.0
TXN_003032,2022-05-01,Jan-22,KHIRTHIKA ,JNE3568,JNE3568-KR-S,S,Robe/Jupe,1.0,425.0,425.0,233.75,191.25,45.0
TXN_005491,2022-05-01,Jan-22,KHIRTHIKA ,JNE3447,JNE3447-KR-M,M,Robe/Jupe,1.0,425.0,425.0,233.75,191.25,45.0
TXN_003277,2022-05-02,Feb-22,THILAS BOMBAY BOUTIQUE SDN BHD,JNE3620,JNE3620-KR-M,M,Robe/Jupe,1.0,562.5,546.0,309.38,236.62,43.34
TXN_003279,2022-05-02,Feb-22,THILAS BOMBAY BOUTIQUE SDN BHD,JNE3620,JNE3620-KR-XXL,XXL,Robe/Jupe,1.0,562.5,546.0,309.38,236.62,43.34
TXN_003278,2022-05-02,Feb-22,THILAS BOMBAY BOUTIQUE SDN BHD,JNE3620,JNE3620-KR-XL,XL,Robe/Jupe,1.0,562.5,546.0,309.38,236.62,43.34
TXN_003276,2022-05-02,Feb-22,THILAS BOMBAY BOUTIQUE SDN BHD,JNE3620,JNE3620-KR-L,L,Robe/Jupe,1.0,562.5,546.0,309.38,236.62,43.34
TXN_003280,2022-05-02,Feb-22,THILAS BOMBAY BOUTIQUE SDN BHD,JNE3620,JNE3620-KR-XXXL,XXXL,Robe/Jupe,1.0,562.5,546.0,309.38,236.62,43.34
TXN_003274,2022-05-02,Feb-22,THILAS BOMBAY BOUTIQUE SDN BHD,JNE3576,JNE3576-KR-XXL,XXL,Robe/Jupe,1.0,425.0,412.0,233.75,178.25,43.26
TXN_003273,2022-05-02,Feb-22,THILAS BOMBAY BOUTIQUE SDN BHD,JNE3576,JNE3576-KR-XL,XL,Robe/Jupe,1.0,425.0,412.0,233.75,178.25,43.26
TXN_003272,2022-05-02,Feb-22,THILAS BOMBAY BOUTIQUE SDN BHD,JNE3576,JNE3576-KR-M,M,Robe/Jupe,1.0,425.0,412.0,233.75,178.25,43.26
TXN_003271,2022-05-02,Feb-22,THILAS BOMBAY BOUTIQUE SDN BHD,JNE3576,JNE3576-KR-L,L,Robe/Jupe,1.0,425.0,412.0,233.75,178.25,43.26
TXN_003275,2022-05-02,Feb-22,THILAS BOMBAY BOUTIQUE SDN BHD,JNE3576,JNE3576-KR-XXXL,XXXL,Robe/Jupe,1.0,425.0,412.0,233.75,178.25,43.26
TXN_003281,2022-05-02,Feb-22,THILAS BOMBAY BOUTIQUE SDN BHD,JNE3621,JNE3621-KR-L,L,Robe/Jupe,1.0,687.5,667.0,378.13,288.87,43.31
TXN_003301,2022-05-02,Feb-22,THILAS BOMBAY BOUTIQUE SDN BHD,JNE3716,JNE3716-KR-XL,XL,Robe/Jupe,1.0,462.5,449.0,254.38,194.62,43.35
TXN_003283,2022-05-02,Feb-22,THILAS BOMBAY BOUTIQUE SDN BHD,JNE3621,JNE3621-KR-XL,XL,Robe/Jupe,1.0,687.5,667.0,378.13,288.87,43.31
TXN_003307,2022-05-02,Feb-22,THILAS BOMBAY BOUTIQUE SDN BHD,JNE3717,JNE3717-KR-XXL,XXL,Robe/Jupe,1.0,305.56,296.0,168.06,127.94,43.22
TXN_003308,2022-05-02,Feb-22,THILAS BOMBAY BOUTIQUE SDN BHD,JNE3717,JNE3717-KR-XXXL,XXXL,Robe/Jupe,1.0,305.56,296.0,168.06,127.94,43.22
TXN_003309,2022-05-02,Feb-22,THILAS BOMBAY BOUTIQUE SDN BHD,JNE3722,JNE3722-KR-L,L,Robe/Jupe,1.0,462.5,449.0,254.38,194.62,43.35
TXN_003310,2022-05-02,Feb-22,THILAS BOMBAY BOUTIQUE SDN BHD,JNE3722,JNE3722-KR-M,M,Robe/Jupe,1.0,462.5,449.0,254.38,194.62,43.35
TXN_003311,2022-05-02,Feb-22,THILAS BOMBAY BOUTIQUE SDN BHD,JNE3722,JNE3722-KR-XL,XL,Robe/Jupe,1.0,462.5,449.0,254.38,194.62,43.35
TXN_003312,2022-05-02,Feb-22,THILAS BOMBAY BOUTIQUE SDN BHD,JNE3722,JNE3722-KR-XXL,XXL,Robe/Jupe,1.0,462.5,449.0,254.38,194.62,43.35
TXN_003313,2022-05-02,Feb-22,THILAS BOMBAY BOUTIQUE SDN BHD,JNE3722,JNE3722-KR-XXXL,XXXL,Robe/Jupe,1.0,462.5,449.0,254.38,194.62,43.35
TXN_003314,2022-05-02,Feb-22,THILAS BOMBAY BOUTIQUE SDN BHD,JNE3744,JNE3744-TU-L,L,Robe/Jupe,1.0,562.5,546.0,309.38,236.62,43.34
TXN_003315,2022-05-02,Feb-22,THILAS BOMBAY BOUTIQUE SDN BHD,JNE3744,JNE3744-TU-M,M,Robe/Jupe,1.0,562.5,546.0,309.38,236.62,43.34
TXN_003316,2022-05-02,Feb-22,THILAS BOMBAY BOUTIQUE SDN BHD,JNE3744,JNE3744-TU-XL,XL,Robe/Jupe,1.0,562.5,546.0,309.38,236.62,43.34
TXN_003306,2022-05-02,Feb-22,THILAS BOMBAY BOUTIQUE SDN BHD,JNE3717,JNE3717-KR-XL,XL,Robe/Jupe,1.0,305.56,296.0,168.06,127.94,43.22
TXN_003305,2022-05-02,Feb-22,THILAS BOMBAY BOUTIQUE SDN BHD,JNE3717,JNE3717-KR-M,M,Robe/Jupe,1.0,305.56,296.0,168.06,127.94,43.22
TXN_003304,2022-05-02,Feb-22,THILAS BOMBAY BOUTIQUE SDN BHD,JNE3717,JNE3717-KR-L,L,Robe/Jupe,1.0,305.56,296.0,168.06,127.94,43.22
TXN_003302,2022-05-02,Feb-22,THILAS BOMBAY BOUTIQUE SDN BHD,JNE3716,JNE3716-KR-XXL,XXL,Robe/Jupe,1.0,462.5,449.0,254.38,194.62,43.35
TXN_003282,2022-05-02,Feb-22,THILAS BOMBAY BOUTIQUE SDN BHD,JNE3621,JNE3621-KR-M,M,Robe/Jupe,1.0,687.5,667.0,378.13,288.87,43.31
TXN_003300,2022-05-02,Feb-22,THILAS BOMBAY BOUTIQUE SDN BHD,JNE3716,JNE3716-KR-M,M,Robe/Jupe,1.0,462.5,449.0,254.38,194.62,43.35
TXN_003298,2022-05-02,Feb-22,THILAS BOMBAY BOUTIQUE SDN BHD,JNE3691,JNE3691-TU-XXXL,XXXL,Robe/Jupe,1.0,562.5,546.0,309.38,236.62,43.34
TXN_003297,2022-05-02,Feb-22,THILAS BOMBAY BOUTIQUE SDN BHD,JNE3691,JNE3691-TU-XXL,XXL,Robe/Jupe,1.0,562.5,546.0,309.38,236.62,43.34
TXN_003296,2022-05-02,Feb-22,THILAS BOMBAY BOUTIQUE SDN BHD,JNE3691,JNE3691-TU-XL,XL,Robe/Jupe,1.0,562.5,546.0,309.38,236.62,43.34
TXN_003295,2022-05-02,Feb-22,THILAS BOMBAY BOUTIQUE SDN BHD,JNE3691,JNE3691-TU-M,M,Robe/Jupe,1.0,562.5,546.0,309.38,236.62,43.34
TXN_003294,2022-05-02,Feb-22,THILAS BOMBAY BOUTIQUE SDN BHD,JNE3691,JNE3691-TU-L,L,Robe/Jupe,1.0,562.5,546.0,309.38,236.62,43.34
TXN_003293,2022-05-02,Feb-22,THILAS BOMBAY BOUTIQUE SDN BHD,JNE3656,JNE3656-TP-XXL,XXL,Robe/Jupe,1.0,425.0,412.0,233.75,178.25,43.26
TXN_003292,2022-05-02,Feb-22,THILAS BOMBAY BOUTIQUE SDN BHD,JNE3656,JNE3656-TP-XL,XL,Robe/Jupe,1.0,425.0,412.0,233.75,178.25,43.26
TXN_003291,2022-05-02,Feb-22,THILAS BOMBAY BOUTIQUE SDN BHD,JNE3656,JNE3656-TP-M,M,Robe/Jupe,1.0,425.0,412.0,233.75,178.25,43.26
TXN_003290,2022-05-02,Feb-22,THILAS BOMBAY BOUTIQUE SDN BHD,JNE3656,JNE3656-TP-L,L,Robe/Jupe,1.0,425.0,412.0,233.75,178.25,43.26
TXN_003289,2022-05-02,Feb-22,THILAS BOMBAY BOUTIQUE SDN BHD,JNE3622,JNE3622-KR-XXXL,XXXL,Robe/Jupe,1.0,417.5,405.0,229.63,175.37,43.3
TXN_003288,2022-05-02,Feb-22,THILAS BOMBAY BOUTIQUE SDN BHD,JNE3622,JNE3622-KR-XXL,XXL,Robe/Jupe,1.0,417.5,405.0,229.63,175.37,43.3
TXN_003287,2022-05-02,Feb-22,THILAS BOMBAY BOUTIQUE SDN BHD,JNE3622,JNE3622-KR-XL,XL,Robe/Jupe,1.0,417.5,405.0,229.63,175.37,43.3
TXN_003286,2022-05-02,Feb-22,THILAS BOMBAY BOUTIQUE SDN BHD,JNE3622,JNE3622-KR-M,M,Robe/Jupe,1.0,417.5,405.0,229.63,175.37,43.3
TXN_003284,2022-05-02,Feb-22,THILAS BOMBAY BOUTIQUE SDN BHD,JNE3621,JNE3621-KR-XXL,XXL,Robe/Jupe,1.0,687.5,667.0,378.13,288.87,43.31
TXN_003299,2022-05-02,Feb-22,THILAS BOMBAY BOUTIQUE SDN BHD,JNE3716,JNE3716-KR-L,L,Robe/Jupe,1.0,462.5,449.0,254.38,194.62,43.35
TXN_003303,2022-05-02,Feb-22,THILAS BOMBAY BOUTIQUE SDN BHD,JNE3716,JNE3716-KR-XXXL,XXXL,Robe/Jupe,1.0,462.5,449.0,254.38,194.62,43.35
TXN_005738,2022-05-02,Feb-22,THILAS BOMBAY BOUTIQUE SDN BHD,JNE3621,JNE3621-KR-XXL,XXL,Robe/Jupe,1.0,687.5,667.0,378.13,288.87,43.31
TXN_005731,2022-05-02,Feb-22,THILAS BOMBAY BOUTIQUE SDN BHD,JNE3620,JNE3620-KR-M,M,Robe/Jupe,1.0,562.5,546.0,309.38,236.62,43.34
TXN_003350,2022-05-02,Feb-22,THILAS BOMBAY BOUTIQUE SDN BHD,SET287,SET287-KR-NP-M,M,Ensemble,1.0,687.5,667.0,378.13,288.87,43.31
TXN_003351,2022-05-02,Feb-22,THILAS BOMBAY BOUTIQUE SDN BHD,SET287,SET287-KR-NP-XL,XL,Ensemble,1.0,687.5,667.0,378.13,288.87,43.31
TXN_003352,2022-05-02,Feb-22,THILAS BOMBAY BOUTIQUE SDN BHD,SET287,SET287-KR-NP-XXL,XXL,Ensemble,1.0,687.5,667.0,378.13,288.87,43.31
TXN_003353,2022-05-02,Feb-22,THILAS BOMBAY BOUTIQUE SDN BHD,SET287,SET287-KR-NP-XXXL,XXXL,Ensemble,1.0,687.5,667.0,378.13,288.87,43.31
TXN_003354,2022-05-02,Feb-22,THILAS BOMBAY BOUTIQUE SDN BHD,SET328,SET328-KR-NP-L,L,Ensemble,1.0,650.0,630.0,357.5,272.5,43.25
TXN_003355,2022-05-02,Feb-22,THILAS BOMBAY BOUTIQUE SDN BHD,SET328,SET328-KR-NP-M,M,Ensemble,1.0,650.0,630.0,357.5,272.5,43.25
TXN_003356,2022-05-02,Feb-22,THILAS BOMBAY BOUTIQUE SDN BHD,SET328,SET328-KR-NP-XL,XL,Ensemble,1.0,650.0,630.0,357.5,272.5,43.25
TXN_003357,2022-05-02,Feb-22,THILAS BOMBAY BOUTIQUE SDN BHD,SET328,SET328-KR-NP-XXL,XXL,Ensemble,1.0,650.0,630.0,357.5,272.5,43.25
TXN_003358,2022-05-02,Feb-22,THILAS BOMBAY BOUTIQUE SDN BHD,SET328,SET328-KR-NP-XXXL,XXXL,Ensemble,1.0,650.0,630.0,357.5,272.5,43.25
TXN_003270,2022-05-02,Feb-22,THILAS BOMBAY BOUTIQUE SDN BHD,JNE3567,JNE3567-KR-XXXL,XXXL,Robe/Jupe,1.0,425.0,412.0,233.75,178.25,43.26
TXN_005812,2022-05-02,Feb-22,THILAS BOMBAY BOUTIQUE SDN BHD,SET328,SET328-KR-NP-XXXL,XXXL,Ensemble,1.0,650.0,630.0,357.5,272.5,43.25
TXN_005811,2022-05-02,Feb-22,THILAS BOMBAY BOUTIQUE SDN BHD,SET328,SET328-KR-NP-XXL,XXL,Ensemble,1.0,650.0,630.0,357.5,272.5,43.25
TXN_005810,2022-05-02,Feb-22,THILAS BOMBAY BOUTIQUE SDN BHD,SET328,SET328-KR-NP-XL,XL,Ensemble,1.0,650.0,630.0,357.5,272.5,43.25
TXN_005809,2022-05-02,Feb-22,THILAS BOMBAY BOUTIQUE SDN BHD,SET328,SET328-KR-NP-M,M,Ensemble,1.0,650.0,630.0,357.5,272.5,43.25
TXN_005808,2022-05-02,Feb-22,THILAS BOMBAY BOUTIQUE SDN BHD,SET328,SET328-KR-NP-L,L,Ensemble,1.0,650.0,630.0,357.5,272.5,43.25
TXN_005807,2022-05-02,Feb-22,THILAS BOMBAY BOUTIQUE SDN BHD,SET287,SET287-KR-NP-XXXL,XXXL,Ensemble,1.0,687.5,667.0,378.13,288.87,43.31
TXN_005806,2022-05-02,Feb-22,THILAS BOMBAY BOUTIQUE SDN BHD,SET287,SET287-KR-NP-XXL,XXL,Ensemble,1.0,687.5,667.0,378.13,288.87,43.31
TXN_005805,2022-05-02,Feb-22,THILAS BOMBAY BOUTIQUE SDN BHD,SET287,SET287-KR-NP-XL,XL,Ensemble,1.0,687.5,667.0,378.13,288.87,43.31
TXN_005804,2022-05-02,Feb-22,THILAS BOMBAY BOUTIQUE SDN BHD,SET287,SET287-KR-NP-M,M,Ensemble,1.0,687.5,667.0,378.13,288.87,43.31
TXN_005803,2022-05-02,Feb-22,THILAS BOMBAY BOUTIQUE SDN BHD,SET287,SET287-KR-NP-L,L,Ensemble,1.0,687.5,667.0,378.13,288.87,43.31
TXN_005802,2022-05-02,Feb-22,THILAS BOMBAY BOUTIQUE SDN BHD,SET286,SET286-KR-NP-XXXL,XXXL,Ensemble,1.0,687.5,667.0,378.13,288.87,43.31
TXN_005801,2022-05-02,Feb-22,THILAS BOMBAY BOUTIQUE SDN BHD,SET286,SET286-KR-NP-XXL,XXL,Ensemble,1.0,687.5,667.0,378.13,288.87,43.31
TXN_005800,2022-05-02,Feb-22,THILAS BOMBAY BOUTIQUE SDN BHD,SET286,SET286-KR-NP-XL,XL,Ensemble,1.0,687.5,667.0,378.13,288.87,43.31
TXN_005799,2022-05-02,Feb-22,THILAS BOMBAY BOUTIQUE SDN BHD,SET286,SET286-KR-NP-M,M,Ensemble,1.0,687.5,667.0,378.13,288.87,43.31
TXN_005798,2022-05-02,Feb-22,THILAS BOMBAY BOUTIQUE SDN BHD,SET286,SET286-KR-NP-L,L,Ensemble,1.0,687.5,667.0,378.13,288.87,43.31
TXN_005797,2022-05-02,Feb-22,THILAS BOMBAY BOUTIQUE SDN BHD,SET225,SET225-KR-NP-XXXL,XXXL,Ensemble,1.0,767.5,744.0,422.13,321.87,43.26
TXN_005796,2022-05-02,Feb-22,THILAS BOMBAY BOUTIQUE SDN BHD,SET225,SET225-KR-NP-XXL,XXL,Ensemble,1.0,767.5,744.0,422.13,321.87,43.26
TXN_003349,2022-05-02,Feb-22,THILAS BOMBAY BOUTIQUE SDN BHD,SET287,SET287-KR-NP-L,L,Ensemble,1.0,687.5,667.0,378.13,288.87,43.31
TXN_003348,2022-05-02,Feb-22,THILAS BOMBAY BOUTIQUE SDN BHD,SET286,SET286-KR-NP-XXXL,XXXL,Ensemble,1.0,687.5,667.0,378.13,288.87,43.31
TXN_003347,2022-05-02,Feb-22,THILAS BOMBAY BOUTIQUE SDN BHD,SET286,SET286-KR-NP-XXL,XXL,Ensemble,1.0,687.5,667.0,378.13,288.87,43.31
TXN_003346,2022-05-02,Feb-22,THILAS BOMBAY BOUTIQUE SDN BHD,SET286,SET286-KR-NP-XL,XL,Ensemble,1.0,687.5,667.0,378.13,288.87,43.31
TXN_003318,2022-05-02,Feb-22,THILAS BOMBAY BOUTIQUE SDN BHD,JNE3744,JNE3744-TU-XXXL,XXXL,Robe/Jupe,1.0,562.5,546.0,309.38,236.62,43.34
TXN_003319,2022-05-02,Feb-22,THILAS BOMBAY BOUTIQUE SDN BHD,JNE3774,JNE3774-KR-L,L,Robe/Jupe,1.0,612.5,594.0,336.88,257.12,43.29
TXN_003320,2022-05-02,Feb-22,THILAS BOMBAY BOUTIQUE SDN BHD,JNE3774,JNE3774-KR-M,M,Robe/Jupe,1.0,612.5,594.0,336.88,257.12,43.29
TXN_003321,2022-05-02,Feb-22,THILAS BOMBAY BOUTIQUE SDN BHD,JNE3774,JNE3774-KR-XL,XL,Robe/Jupe,1.0,612.5,594.0,336.88,257.12,43.29
TXN_003322,2022-05-02,Feb-22,THILAS BOMBAY BOUTIQUE SDN BHD,JNE3774,JNE3774-KR-XXL,XXL,Robe/Jupe,1.0,612.5,594.0,336.88,257.12,43.29
TXN_003323,2022-05-02,Feb-22,THILAS BOMBAY BOUTIQUE SDN BHD,JNE3774,JNE3774-KR-XXXL,XXXL,Robe/Jupe,1.0,612.5,594.0,336.88,257.12,43.29
TXN_003324,2022-05-02,Feb-22,THILAS BOMBAY BOUTIQUE SDN BHD,JNE3790,JNE3790-KR-L,L,Robe/Jupe,1.0,562.5,546.0,309.38,236.62,43.34
TXN_003325,2022-05-02,Feb-22,THILAS BOMBAY BOUTIQUE SDN BHD,JNE3790,JNE3790-KR-M,M,Robe/Jupe,1.0,562.5,546.0,309.38,236.62,43.34
TXN_003326,2022-05-02,Feb-22,THILAS BOMBAY BOUTIQUE SDN BHD,JNE3790,JNE3790-KR-XL,XL,Robe/Jupe,1.0,562.5,546.0,309.38,236.62,43.34
TXN_003327,2022-05-02,Feb-22,THILAS BOMBAY BOUTIQUE SDN BHD,JNE3790,JNE3790-KR-XXL,XXL,Robe/Jupe,1.0,562.5,546.0,309.38,236.62,43.34
TXN_003328,2022-05-02,Feb-22,THILAS BOMBAY BOUTIQUE SDN BHD,JNE3790,JNE3790-KR-XXXL,XXXL,Robe/Jupe,1.0,562.5,546.0,309.38,236.62,43.34
TXN_003329,2022-05-02,Feb-22,THILAS BOMBAY BOUTIQUE SDN BHD,SET058,SET058-KR-NP-L,L,Ensemble,1.0,957.5,929.0,526.62,402.38,43.31
TXN_003330,2022-05-02,Feb-22,THILAS BOMBAY BOUTIQUE SDN BHD,SET058,SET058-KR-NP-M,M,Ensemble,1.0,957.5,929.0,526.62,402.38,43.31
TXN_005795,2022-05-02,Feb-22,THILAS BOMBAY BOUTIQUE SDN BHD,SET225,SET225-KR-NP-XL,XL,Ensemble,1.0,767.5,744.0,422.13,321.87,43.26
TXN_003331,2022-05-02,Feb-22,THILAS BOMBAY BOUTIQUE SDN BHD,SET058,SET058-KR-NP-XL,XL,Ensemble,1.0,957.5,929.0,526.62,402.38,43.31
TXN_003333,2022-05-02,Feb-22,THILAS BOMBAY BOUTIQUE SDN BHD,SET058,SET058-KR-NP-XXXL,XXXL,Ensemble,1.0,957.5,929.0,526.62,402.38,43.31
TXN_003334,2022-05-02,Feb-22,THILAS BOMBAY BOUTIQUE SDN BHD,SET184,SET184-KR-PP-L,L,Ensemble,1.0,612.5,594.0,336.88,257.12,43.29
TXN_003335,2022-05-02,Feb-22,THILAS BOMBAY BOUTIQUE SDN BHD,SET184,SET184-KR-PP-M,M,Ensemble,1.0,612.5,594.0,336.88,257.12,43.29
TXN_003336,2022-05-02,Feb-22,THILAS BOMBAY BOUTIQUE SDN BHD,SET184,SET184-KR-PP-XL,XL,Ensemble,1.0,612.5,594.0,336.88,257.12,43.29
TXN_003337,2022-05-02,Feb-22,THILAS BOMBAY BOUTIQUE SDN BHD,SET184,SET184-KR-PP-XXL,XXL,Ensemble,1.0,612.5,594.0,336.88,257.12,43.29
TXN_003338,2022-05-02,Feb-22,THILAS BOMBAY BOUTIQUE SDN BHD,SET184,SET184-KR-PP-XXXL,XXXL,Ensemble,1.0,612.5,594.0,336.88,257.12,43.29
TXN_003339,2022-05-02,Feb-22,THILAS BOMBAY BOUTIQUE SDN BHD,SET225,SET225-KR-NP-L,L,Ensemble,1.0,767.5,744.0,422.13,321.87,43.26
TXN_003340,2022-05-02,Feb-22,THILAS BOMBAY BOUTIQUE SDN BHD,SET225,SET225-KR-NP-M,M,Ensemble,1.0,767.5,744.0,422.13,321.87,43.26
TXN_003341,2022-05-02,Feb-22,THILAS BOMBAY BOUTIQUE SDN BHD,SET225,SET225-KR-NP-XL,XL,Ensemble,1.0,767.5,744.0,422.13,321.87,43.26
TXN_003342,2022-05-02,Feb-22,THILAS BOMBAY BOUTIQUE SDN BHD,SET225,SET225-KR-NP-XXL,XXL,Ensemble,1.0,767.5,744.0,422.13,321.87,43.26
TXN_003343,2022-05-02,Feb-22,THILAS BOMBAY BOUTIQUE SDN BHD,SET225,SET225-KR-NP-XXXL,XXXL,Ensemble,1.0,767.5,744.0,422.13,321.87,43.26
TXN_003344,2022-05-02,Feb-22,THILAS BOMBAY BOUTIQUE SDN BHD,SET286,SET286-KR-NP-L,L,Ensemble,1.0,687.5,667.0,378.13,288.87,43.31
TXN_003345,2022-05-02,Feb-22,THILAS BOMBAY BOUTIQUE SDN BHD,SET286,SET286-KR-NP-M,M,Ensemble,1.0,687.5,667.0,378.13,288.87,43.31
TXN_003332,2022-05-02,Feb-22,THILAS BOMBAY BOUTIQUE SDN BHD,SET058,SET058-KR-NP-XXL,XXL,Ensemble,1.0,957.5,929.0,526.62,402.38,43.31
TXN_005730,2022-05-02,Feb-22,THILAS BOMBAY BOUTIQUE SDN BHD,JNE3620,JNE3620-KR-L,L,Robe/Jupe,1.0,562.5,546.0,309.38,236.62,43.34
TXN_005794,2022-05-02,Feb-22,THILAS BOMBAY BOUTIQUE SDN BHD,SET225,SET225-KR-NP-M,M,Ensemble,1.0,767.5,744.0,422.13,321.87,43.26
TXN_005792,2022-05-02,Feb-22,THILAS BOMBAY BOUTIQUE SDN BHD,SET184,SET184-KR-PP-XXXL,XXXL,Ensemble,1.0,612.5,594.0,336.88,257.12,43.29
TXN_005758,2022-05-02,Feb-22,THILAS BOMBAY BOUTIQUE SDN BHD,JNE3717,JNE3717-KR-L,L,Robe/Jupe,1.0,305.56,296.0,168.06,127.94,43.22
TXN_005757,2022-05-02,Feb-22,THILAS BOMBAY BOUTIQUE SDN BHD,JNE3716,JNE3716-KR-XXXL,XXXL,Robe/Jupe,1.0,462.5,449.0,254.38,194.62,43.35
TXN_005756,2022-05-02,Feb-22,THILAS BOMBAY BOUTIQUE SDN BHD,JNE3716,JNE3716-KR-XXL,XXL,Robe/Jupe,1.0,462.5,449.0,254.38,194.62,43.35
TXN_005755,2022-05-02,Feb-22,THILAS BOMBAY BOUTIQUE SDN BHD,JNE3716,JNE3716-KR-XL,XL,Robe/Jupe,1.0,462.5,449.0,254.38,194.62,43.35
TXN_005754,2022-05-02,Feb-22,THILAS BOMBAY BOUTIQUE SDN BHD,JNE3716,JNE3716-KR-M,M,Robe/Jupe,1.0,462.5,449.0,254.38,194.62,43.35
TXN_005753,2022-05-02,Feb-22,THILAS BOMBAY BOUTIQUE SDN BHD,JNE3716,JNE3716-KR-L,L,Robe/Jupe,1.0,462.5,449.0,254.38,194.62,43.35
TXN_005752,2022-05-02,Feb-22,THILAS BOMBAY BOUTIQUE SDN BHD,JNE3691,JNE3691-TU-XXXL,XXXL,Robe/Jupe,1.0,562.5,546.0,309.38,236.62,43.34
TXN_005751,2022-05-02,Feb-22,THILAS BOMBAY BOUTIQUE SDN BHD,JNE3691,JNE3691-TU-XXL,XXL,Robe/Jupe,1.0,562.5,546.0,309.38,236.62,43.34
TXN_003317,2022-05-02,Feb-22,THILAS BOMBAY BOUTIQUE SDN BHD,JNE3744,JNE3744-TU-XXL,XXL,Robe/Jupe,1.0,562.5,546.0,309.38,236.62,43.34
TXN_005750,2022-05-02,Feb-22,THILAS BOMBAY BOUTIQUE SDN BHD,JNE3691,JNE3691-TU-XL,XL,Robe/Jupe,1.0,562.5,546.0,309.38,236.62,43.34
TXN_005749,2022-05-02,Feb-22,THILAS BOMBAY BOUTIQUE SDN BHD,JNE3691,JNE3691-TU-M,M,Robe/Jupe,1.0,562.5,546.0,309.38,236.62,43.34
TXN_005748,2022-05-02,Feb-22,THILAS BOMBAY BOUTIQUE SDN BHD,JNE3691,JNE3691-TU-L,L,Robe/Jupe,1.0,562.5,546.0,309.38,236.62,43.34
TXN_005747,2022-05-02,Feb-22,THILAS BOMBAY BOUTIQUE SDN BHD,JNE3656,JNE3656-TP-XXL,XXL,Robe/Jupe,1.0,425.0,412.0,233.75,178.25,43.26
TXN_005746,2022-05-02,Feb-22,THILAS BOMBAY BOUTIQUE SDN BHD,JNE3656,JNE3656-TP-XL,XL,Robe/Jupe,1.0,425.0,412.0,233.75,178.25,43.26
TXN_005745,2022-05-02,Feb-22,THILAS BOMBAY BOUTIQUE SDN BHD,JNE3656,JNE3656-TP-M,M,Robe/Jupe,1.0,425.0,412.0,233.75,178.25,43.26
TXN_005744,2022-05-02,Feb-22,THILAS BOMBAY BOUTIQUE SDN BHD,JNE3656,JNE3656-TP-L,L,Robe/Jupe,1.0,425.0,412.0,233.75,178.25,43.26
TXN_005743,2022-05-02,Feb-22,THILAS BOMBAY BOUTIQUE SDN BHD,JNE3622,JNE3622-KR-XXXL,XXXL,Robe/Jupe,1.0,417.5,405.0,229.63,175.37,43.3
TXN_005742,2022-05-02,Feb-22,THILAS BOMBAY BOUTIQUE SDN BHD,JNE3622,JNE3622-KR-XXL,XXL,Robe/Jupe,1.0,417.5,405.0,229.63,175.37,43.3
TXN_005741,2022-05-02,Feb-22,THILAS BOMBAY BOUTIQUE SDN BHD,JNE3622,JNE3622-KR-XL,XL,Robe/Jupe,1.0,417.5,405.0,229.63,175.37,43.3
TXN_005740,2022-05-02,Feb-22,THILAS BOMBAY BOUTIQUE SDN BHD,JNE3622,JNE3622-KR-M,M,Robe/Jupe,1.0,417.5,405.0,229.63,175.37,43.3
TXN_005739,2022-05-02,Feb-22,THILAS BOMBAY BOUTIQUE SDN BHD,JNE3622,JNE3622-KR-L,L,Robe/Jupe,1.0,417.5,405.0,229.63,175.37,43.3
TXN_005737,2022-05-02,Feb-22,THILAS BOMBAY BOUTIQUE SDN BHD,JNE3621,JNE3621-KR-XL,XL,Robe/Jupe,1.0,687.5,667.0,378.13,288.87,43.31
TXN_005736,2022-05-02,Feb-22,THILAS BOMBAY BOUTIQUE SDN BHD,JNE3621,JNE3621-KR-M,M,Robe/Jupe,1.0,687.5,667.0,378.13,288.87,43.31
TXN_005735,2022-05-02,Feb-22,THILAS BOMBAY BOUTIQUE SDN BHD,JNE3621,JNE3621-KR-L,L,Robe/Jupe,1.0,687.5,667.0,378.13,288.87,43.31
TXN_005734,2022-05-02,Feb-22,THILAS BOMBAY BOUTIQUE SDN BHD,JNE3620,JNE3620-KR-XXXL,XXXL,Robe/Jupe,1.0,562.5,546.0,309.38,236.62,43.34
TXN_005733,2022-05-02,Feb-22,THILAS BOMBAY BOUTIQUE SDN BHD,JNE3620,JNE3620-KR-XXL,XXL,Robe/Jupe,1.0,562.5,546.0,309.38,236.62,43.34
TXN_005732,2022-05-02,Feb-22,THILAS BOMBAY BOUTIQUE SDN BHD,JNE3620,JNE3620-KR-XL,XL,Robe/Jupe,1.0,562.5,546.0,309.38,236.62,43.34
TXN_005759,2022-05-02,Feb-22,THILAS BOMBAY BOUTIQUE SDN BHD,JNE3717,JNE3717-KR-M,M,Robe/Jupe,1.0,305.56,296.0,168.06,127.94,43.22
TXN_005760,2022-05-02,Feb-22,THILAS BOMBAY BOUTIQUE SDN BHD,JNE3717,JNE3717-KR-XL,XL,Robe/Jupe,1.0,305.56,296.0,168.06,127.94,43.22
TXN_005761,2022-05-02,Feb-22,THILAS BOMBAY BOUTIQUE SDN BHD,JNE3717,JNE3717-KR-XXL,XXL,Robe/Jupe,1.0,305.56,296.0,168.06,127.94,43.22
TXN_005762,2022-05-02,Feb-22,THILAS BOMBAY BOUTIQUE SDN BHD,JNE3717,JNE3717-KR-XXXL,XXXL,Robe/Jupe,1.0,305.56,296.0,168.06,127.94,43.22
TXN_005791,2022-05-02,Feb-22,THILAS BOMBAY BOUTIQUE SDN BHD,SET184,SET184-KR-PP-XXL,XXL,Ensemble,1.0,612.5,594.0,336.88,257.12,43.29
TXN_005790,2022-05-02,Feb-22,THILAS BOMBAY BOUTIQUE SDN BHD,SET184,SET184-KR-PP-XL,XL,Ensemble,1.0,612.5,594.0,336.88,257.12,43.29
TXN_005789,2022-05-02,Feb-22,THILAS BOMBAY BOUTIQUE SDN BHD,SET184,SET184-KR-PP-M,M,Ensemble,1.0,612.5,594.0,336.88,257.12,43.29
TXN_005788,2022-05-02,Feb-22,THILAS BOMBAY BOUTIQUE SDN BHD,SET184,SET184-KR-PP-L,L,Ensemble,1.0,612.5,594.0,336.88,257.12,43.29
TXN_005786,2022-05-02,Feb-22,THILAS BOMBAY BOUTIQUE SDN BHD,SET058,SET058-KR-NP-XXL,XXL,Ensemble,1.0,957.5,929.0,526.62,402.38,43.31
TXN_005785,2022-05-02,Feb-22,THILAS BOMBAY BOUTIQUE SDN BHD,SET058,SET058-KR-NP-XL,XL,Ensemble,1.0,957.5,929.0,526.62,402.38,43.31
TXN_005784,2022-05-02,Feb-22,THILAS BOMBAY BOUTIQUE SDN BHD,SET058,SET058-KR-NP-M,M,Ensemble,1.0,957.5,929.0,526.62,402.38,43.31
TXN_005783,2022-05-02,Feb-22,THILAS BOMBAY BOUTIQUE SDN BHD,SET058,SET058-KR-NP-L,L,Ensemble,1.0,957.5,929.0,526.62,402.38,43.31
TXN_005782,2022-05-02,Feb-22,THILAS BOMBAY BOUTIQUE SDN BHD,JNE3790,JNE3790-KR-XXXL,XXXL,Robe/Jupe,1.0,562.5,546.0,309.38,236.62,43.34
TXN_005781,2022-05-02,Feb-22,THILAS BOMBAY BOUTIQUE SDN BHD,JNE3790,JNE3790-KR-XXL,XXL,Robe/Jupe,1.0,562.5,546.0,309.38,236.62,43.34
TXN_005780,2022-05-02,Feb-22,THILAS BOMBAY BOUTIQUE SDN BHD,JNE3790,JNE3790-KR-XL,XL,Robe/Jupe,1.0,562.5,546.0,309.38,236.62,43.34
TXN_005779,2022-05-02,Feb-22,THILAS BOMBAY BOUTIQUE SDN BHD,JNE3790,JNE3790-KR-M,M,Robe/Jupe,1.0,562.5,546.0,309.38,236.62,43.34
TXN_005778,2022-05-02,Feb-22,THILAS BOMBAY BOUTIQUE SDN BHD,JNE3790,JNE3790-KR-L,L,Robe/Jupe,1.0,562.5,546.0,309.38,236.62,43.34
TXN_005793,2022-05-02,Feb-22,THILAS BOMBAY BOUTIQUE SDN BHD,SET225,SET225-KR-NP-L,L,Ensemble,1.0,767.5,744.0,422.13,321.87,43.26
TXN_005777,2022-05-02,Feb-22,THILAS BOMBAY BOUTIQUE SDN BHD,JNE3774,JNE3774-KR-XXXL,XXXL,Robe/Jupe,1.0,612.5,594.0,336.88,257.12,43.29
TXN_005775,2022-05-02,Feb-22,THILAS BOMBAY BOUTIQUE SDN BHD,JNE3774,JNE3774-KR-XL,XL,Robe/Jupe,1.0,612.5,594.0,336.88,257.12,43.29
TXN_005774,2022-05-02,Feb-22,THILAS BOMBAY BOUTIQUE SDN BHD,JNE3774,JNE3774-KR-M,M,Robe/Jupe,1.0,612.5,594.0,336.88,257.12,43.29
TXN_005773,2022-05-02,Feb-22,THILAS BOMBAY BOUTIQUE SDN BHD,JNE3774,JNE3774-KR-L,L,Robe/Jupe,1.0,612.5,594.0,336.88,257.12,43.29
TXN_005772,2022-05-02,Feb-22,THILAS BOMBAY BOUTIQUE SDN BHD,JNE3744,JNE3744-TU-XXXL,XXXL,Robe/Jupe,1.0,562.5,546.0,309.38,236.62,43.34
TXN_005771,2022-05-02,Feb-22,THILAS BOMBAY BOUTIQUE SDN BHD,JNE3744,JNE3744-TU-XXL,XXL,Robe/Jupe,1.0,562.5,546.0,309.38,236.62,43.34
TXN_005770,2022-05-02,Feb-22,THILAS BOMBAY BOUTIQUE SDN BHD,JNE3744,JNE3744-TU-XL,XL,Robe/Jupe,1.0,562.5,546.0,309.38,236.62,43.34
TXN_005769,2022-05-02,Feb-22,THILAS BOMBAY BOUTIQUE SDN BHD,JNE3744,JNE3744-TU-M,M,Robe/Jupe,1.0,562.5,546.0,309.38,236.62,43.34
TXN_005768,2022-05-02,Feb-22,THILAS BOMBAY BOUTIQUE SDN BHD,JNE3744,JNE3744-TU-L,L,Robe/Jupe,1.0,562.5,546.0,309.38,236.62,43.34
TXN_005767,2022-05-02,Feb-22,THILAS BOMBAY BOUTIQUE SDN BHD,JNE3722,JNE3722-KR-XXXL,XXXL,Robe/Jupe,1.0,462.5,449.0,254.38,194.62,43.35
TXN_005766,2022-05-02,Feb-22,THILAS BOMBAY BOUTIQUE SDN BHD,JNE3722,JNE3722-KR-XXL,XXL,Robe/Jupe,1.0,462.5,449.0,254.38,194.62,43.35
TXN_005765,2022-05-02,Feb-22,THILAS BOMBAY BOUTIQUE SDN BHD,JNE3722,JNE3722-KR-XL,XL,Robe/Jupe,1.0,462.5,449.0,254.38,194.62,43.35
TXN_005764,2022-05-02,Feb-22,THILAS BOMBAY BOUTIQUE SDN BHD,JNE3722,JNE3722-KR-M,M,Robe/Jupe,1.0,462.5,449.0,254.38,194.62,43.35
TXN_005763,2022-05-02,Feb-22,THILAS BOMBAY BOUTIQUE SDN BHD,JNE3722,JNE3722-KR-L,L,Robe/Jupe,1.0,462.5,449.0,254.38,194.62,43.35
TXN_005776,2022-05-02,Feb-22,THILAS BOMBAY BOUTIQUE SDN BHD,JNE3774,JNE3774-KR-XXL,XXL,Robe/Jupe,1.0,612.5,594.0,336.88,257.12,43.29
TXN_003269,2022-05-02,Feb-22,THILAS BOMBAY BOUTIQUE SDN BHD,JNE3567,JNE3567-KR-XXL,XXL,Robe/Jupe,1.0,425.0,412.0,233.75,178.25,43.26
TXN_005787,2022-05-02,Feb-22,THILAS BOMBAY BOUTIQUE SDN BHD,SET058,SET058-KR-NP-XXXL,XXXL,Ensemble,1.0,957.5,929.0,526.62,402.38,43.31
TXN_003267,2022-05-02,Feb-22,THILAS BOMBAY BOUTIQUE SDN BHD,JNE3567,JNE3567-KR-M,M,Robe/Jupe,1.0,425.0,412.0,233.75,178.25,43.26
TXN_003147,2022-05-02,Feb-22,ABBI COLLECTION ,JNE3805,JNE3805-KR-XL,XL,Robe/Jupe,1.0,425.0,425.0,233.75,191.25,45.0
TXN_003146,2022-05-02,Feb-22,ABBI COLLECTION ,JNE3405,JNE3405-KR-M,M,Robe/Jupe,1.0,390.0,390.0,214.5,175.5,45.0
TXN_003145,2022-05-02,Feb-22,ABBI COLLECTION ,JNE3420,JNE3420-KR-XXL,XXL,Robe/Jupe,1.0,390.0,390.0,214.5,175.5,45.0
TXN_003144,2022-05-02,Feb-22,ABBI COLLECTION ,JNE3420,JNE3420-KR-L,L,Robe/Jupe,1.0,390.0,390.0,214.5,175.5,45.0
TXN_003143,2022-05-02,Feb-22,ABBI COLLECTION ,JNE3489,JNE3489-KR-XXL,XXL,Robe/Jupe,1.0,425.0,425.0,233.75,191.25,45.0
TXN_003142,2022-05-02,Feb-22,ABBI COLLECTION ,JNE3489,JNE3489-KR-L,L,Robe/Jupe,1.0,425.0,425.0,233.75,191.25,45.0
TXN_003141,2022-05-02,Feb-22,ABBI COLLECTION ,JNE3434,JNE3434-KR-XXL,XXL,Robe/Jupe,1.0,425.0,425.0,233.75,191.25,45.0
TXN_003140,2022-05-02,Feb-22,ABBI COLLECTION ,JNE3434,JNE3434-KR-L,L,Robe/Jupe,1.0,425.0,425.0,233.75,191.25,45.0
TXN_003139,2022-05-02,Feb-22,ABBI COLLECTION ,JNE3445,JNE3445-KR-XL,XL,Robe/Jupe,1.0,425.0,425.0,233.75,191.25,45.0
TXN_003138,2022-05-02,Feb-22,ABBI COLLECTION ,JNE3445,JNE3445-KR-L,L,Robe/Jupe,1.0,425.0,425.0,233.75,191.25,45.0
TXN_003137,2022-05-02,Feb-22,ABBI COLLECTION ,JNE3535,JNE3535-KR-XXXL,XXXL,Robe/Jupe,1.0,425.0,425.0,233.75,191.25,45.0
TXN_003136,2022-05-02,Feb-22,ABBI COLLECTION ,JNE3535,JNE3535-KR-XL,XL,Robe/Jupe,1.0,425.0,425.0,233.75,191.25,45.0
TXN_003135,2022-05-02,Feb-22,ABBI COLLECTION ,JNE3576,JNE3576-KR-XXL,XXL,Robe/Jupe,1.0,425.0,425.0,233.75,191.25,45.0
TXN_003134,2022-05-02,Feb-22,ABBI COLLECTION ,JNE3576,JNE3576-KR-XS,XS,Robe/Jupe,1.0,425.0,425.0,233.75,191.25,45.0
TXN_003133,2022-05-02,Feb-22,ABBI COLLECTION ,JNE3627,JNE3627-KR-XS,XS,Robe/Jupe,1.0,438.75,439.0,241.31,197.69,45.03
TXN_003132,2022-05-02,Feb-22,ABBI COLLECTION ,JNE3627,JNE3627-KR-XXXL,XXXL,Robe/Jupe,1.0,438.75,439.0,241.31,197.69,45.03
TXN_003131,2022-05-02,Feb-22,ABBI COLLECTION ,JNE3627,JNE3627-KR-L,L,Robe/Jupe,1.0,438.75,439.0,241.31,197.69,45.03
TXN_003130,2022-05-02,Feb-22,ABBI COLLECTION ,J0005,J0005-DR-XXL,XXL,Robe/Jupe,1.0,925.0,925.0,508.75,416.25,45.0
TXN_003129,2022-05-02,Feb-22,ABBI COLLECTION ,J0120,J0120-TP-XXL,XXL,Robe/Jupe,1.0,387.5,388.0,213.13,174.87,45.07
TXN_003148,2022-05-02,Feb-22,ABBI COLLECTION ,JNE3802,JNE3802-KR-XXXL,XXXL,Robe/Jupe,1.0,425.0,425.0,233.75,191.25,45.0
TXN_003149,2022-05-02,Feb-22,ABBI COLLECTION ,JNE3435,JNE3435-KR-XXL,XXL,Robe/Jupe,1.0,390.0,390.0,214.5,175.5,45.0
TXN_003150,2022-05-02,Feb-22,ABBI COLLECTION ,JNE3435,JNE3435-KR-L,L,Robe/Jupe,1.0,390.0,390.0,214.5,175.5,45.0
TXN_003151,2022-05-02,Feb-22,ABBI COLLECTION ,JNE3440,JNE3440-KR-L,L,Robe/Jupe,1.0,390.0,390.0,214.5,175.5,45.0
TXN_003171,2022-05-02,Feb-22,THILAS BOMBAY BOUTIQUE SDN BHD,BTM021,BTM021-XS,XS,Autre,1.0,486.0,471.0,267.3,203.7,43.25
TXN_003170,2022-05-02,Feb-22,THILAS BOMBAY BOUTIQUE SDN BHD,BTM021,BTM021-XL,XL,Autre,1.0,486.0,471.0,267.3,203.7,43.25
TXN_003169,2022-05-02,Feb-22,THILAS BOMBAY BOUTIQUE SDN BHD,BTM021,BTM021-S,S,Autre,1.0,486.0,471.0,267.3,203.7,43.25
TXN_003168,2022-05-02,Feb-22,THILAS BOMBAY BOUTIQUE SDN BHD,BTM021,BTM021-M,M,Autre,1.0,486.0,471.0,267.3,203.7,43.25
TXN_003167,2022-05-02,Feb-22,THILAS BOMBAY BOUTIQUE SDN BHD,BTM021,BTM021-L,L,Autre,1.0,486.0,471.0,267.3,203.7,43.25
TXN_003166,2022-05-02,Feb-22,THILAS BOMBAY BOUTIQUE SDN BHD,BTM008,BTM008-XXXL,XXXL,Autre,1.0,486.0,471.0,267.3,203.7,43.25
TXN_003165,2022-05-02,Feb-22,THILAS BOMBAY BOUTIQUE SDN BHD,BTM008,BTM008-XXL,XXL,Autre,1.0,486.0,471.0,267.3,203.7,43.25
TXN_003164,2022-05-02,Feb-22,THILAS BOMBAY BOUTIQUE SDN BHD,BTM008,BTM008-XS,XS,Autre,1.0,486.0,471.0,267.3,203.7,43.25
TXN_003163,2022-05-02,Feb-22,THILAS BOMBAY BOUTIQUE SDN BHD,BTM008,BTM008-XL,XL,Autre,1.0,486.0,471.0,267.3,203.7,43.25
TXN_003128,2022-05-02,Feb-22,ABBI COLLECTION ,J0249,J0249-SKD-XXL,XXL,Robe/Jupe,1.0,1037.5,1038.0,570.62,467.38,45.03
TXN_003162,2022-05-02,Feb-22,THILAS BOMBAY BOUTIQUE SDN BHD,BTM008,BTM008-S,S,Autre,1.0,486.0,471.0,267.3,203.7,43.25
TXN_003160,2022-05-02,Feb-22,THILAS BOMBAY BOUTIQUE SDN BHD,BTM008,BTM008-L,L,Autre,1.0,486.0,471.0,267.3,203.7,43.25
TXN_003159,2022-05-02,Feb-22,THILAS BOMBAY BOUTIQUE SDN BHD,BTM005,BTM005-XXXL,XXXL,Autre,1.0,486.0,471.0,267.3,203.7,43.25
TXN_003158,2022-05-02,Feb-22,THILAS BOMBAY BOUTIQUE SDN BHD,BTM005,BTM005-XXL,XXL,Autre,1.0,486.0,471.0,267.3,203.7,43.25
TXN_003157,2022-05-02,Feb-22,THILAS BOMBAY BOUTIQUE SDN BHD,BTM005,BTM005-XS,XS,Autre,1.0,486.0,471.0,267.3,203.7,43.25
TXN_003156,2022-05-02,Feb-22,THILAS BOMBAY BOUTIQUE SDN BHD,BTM005,BTM005-XL,XL,Autre,1.0,486.0,471.0,267.3,203.7,43.25
TXN_003155,2022-05-02,Feb-22,THILAS BOMBAY BOUTIQUE SDN BHD,BTM005,BTM005-S,S,Autre,1.0,486.0,471.0,267.3,203.7,43.25
TXN_003154,2022-05-02,Feb-22,THILAS BOMBAY BOUTIQUE SDN BHD,BTM005,BTM005-M,M,Autre,1.0,486.0,471.0,267.3,203.7,43.25
TXN_003153,2022-05-02,Feb-22,THILAS BOMBAY BOUTIQUE SDN BHD,BTM005,BTM005-L,L,Autre,1.0,486.0,471.0,267.3,203.7,43.25
TXN_003152,2022-05-02,Feb-22,ABBI COLLECTION ,JNE3440,JNE3440-KR-XXL,XXL,Robe/Jupe,1.0,390.0,390.0,214.5,175.5,45.0
TXN_003161,2022-05-02,Feb-22,THILAS BOMBAY BOUTIQUE SDN BHD,BTM008,BTM008-M,M,Autre,1.0,486.0,471.0,267.3,203.7,43.25
TXN_003127,2022-05-02,Feb-22,ABBI COLLECTION ,J0252,J0252-SKD-XXXL,XXXL,Robe/Jupe,1.0,1037.5,1038.0,570.62,467.38,45.03
TXN_003126,2022-05-02,Feb-22,ABBI COLLECTION ,SET182,SET182-KR-DH-M,M,Ensemble,1.0,812.5,812.0,446.88,365.12,44.97
TXN_003125,2022-05-02,Feb-22,ABBI COLLECTION ,SET182,SET182-KR-DH-XXL,XXL,Ensemble,1.0,812.5,812.0,446.88,365.12,44.97
TXN_003100,2022-05-02,Feb-22,MR.JEYARAJ,JNE3528,JNE3528-KR-L,L,Robe/Jupe,1.0,425.0,425.0,233.75,191.25,45.0
TXN_003099,2022-05-02,Feb-22,MR.JEYARAJ,JNE3528,JNE3528-KR-M,M,Robe/Jupe,1.0,425.0,425.0,233.75,191.25,45.0
TXN_003098,2022-05-02,Feb-22,MR.JEYARAJ,JNE3528,JNE3528-KR-S,S,Robe/Jupe,1.0,425.0,425.0,233.75,191.25,45.0
TXN_003097,2022-05-02,Feb-22,MR.JEYARAJ,JNE3528,JNE3528-KR-XXXL,XXXL,Robe/Jupe,1.0,425.0,425.0,233.75,191.25,45.0
TXN_003096,2022-05-02,Feb-22,THILAS BOMBAY BOUTIQUE SDN BHD,JNE3850,CMB5-JNE3850,Free,Robe/Jupe,5.0,299.0,1495.0,822.25,672.75,45.0
TXN_003095,2022-05-02,Feb-22,THILAS BOMBAY BOUTIQUE SDN BHD,JNE3851,CMB5-JNE3851,Free,Robe/Jupe,5.0,299.0,1495.0,822.25,672.75,45.0
TXN_003094,2022-05-02,Feb-22,THILAS BOMBAY BOUTIQUE SDN BHD,JNE3855,CMB5-JNE3855,Free,Robe/Jupe,5.0,299.0,1495.0,822.25,672.75,45.0
TXN_003093,2022-05-02,Feb-22,THILAS BOMBAY BOUTIQUE SDN BHD,JNE3853,CMB5-JNE3853,Free,Robe/Jupe,5.0,299.0,1495.0,822.25,672.75,45.0
TXN_003092,2022-05-02,Feb-22,THILAS BOMBAY BOUTIQUE SDN BHD,JNE3849,CMB5-JNE3849,Free,Robe/Jupe,5.0,299.0,1495.0,822.25,672.75,45.0
TXN_003101,2022-05-02,Feb-22,MR.JEYARAJ,JNE3528,JNE3528-KR-XL,XL,Robe/Jupe,1.0,425.0,425.0,233.75,191.25,45.0
TXN_003091,2022-05-02,Feb-22,THILAS BOMBAY BOUTIQUE SDN BHD,JNE3848,CMB5-JNE3848,Free,Robe/Jupe,5.0,299.0,1495.0,822.25,672.75,45.0
TXN_003089,2022-05-02,Feb-22,THILAS BOMBAY BOUTIQUE SDN BHD,JNE3826,CMB5-JNE3826,Free,Robe/Jupe,5.0,299.0,1495.0,822.25,672.75,45.0
TXN_003088,2022-05-02,Feb-22,REVATHY LOGANATHAN,JNE3832,CMB5-JNE3832,Free,Robe/Jupe,5.0,299.0,1495.0,822.25,672.75,45.0
TXN_003087,2022-05-02,Feb-22,REVATHY LOGANATHAN,JNE3830,CMB5-JNE3830,Free,Robe/Jupe,5.0,299.0,1495.0,822.25,672.75,45.0
TXN_003086,2022-05-02,Feb-22,REVATHY LOGANATHAN,JNE3851,CMB5-JNE3851,Free,Robe/Jupe,5.0,299.0,1495.0,822.25,672.75,45.0
TXN_003085,2022-05-02,Feb-22,REVATHY LOGANATHAN,JNE3831,CMB5-JNE3831,Free,Robe/Jupe,5.0,299.0,1495.0,822.25,672.75,45.0
TXN_003084,2022-05-02,Feb-22,REVATHY LOGANATHAN,JNE3853,CMB5-JNE3853,Free,Robe/Jupe,5.0,299.0,1495.0,822.25,672.75,45.0
TXN_003083,2022-05-02,Feb-22,REVATHY LOGANATHAN,JNE3848,CMB5-JNE3848,Free,Robe/Jupe,5.0,299.0,1495.0,822.25,672.75,45.0
TXN_003082,2022-05-02,Feb-22,REVATHY LOGANATHAN,JNE3852,CMB5-JNE3852,Free,Robe/Jupe,5.0,299.0,1495.0,822.25,672.75,45.0
TXN_003081,2022-05-02,Feb-22,REVATHY LOGANATHAN,JNE3827,CMB5-JNE3827,Free,Robe/Jupe,5.0,299.0,1495.0,822.25,672.75,45.0
TXN_003090,2022-05-02,Feb-22,THILAS BOMBAY BOUTIQUE SDN BHD,JNE3828,CMB5-JNE3828,Free,Robe/Jupe,5.0,299.0,1495.0,822.25,672.75,45.0
TXN_003172,2022-05-02,Feb-22,THILAS BOMBAY BOUTIQUE SDN BHD,BTM021,BTM021-XXL,XXL,Autre,1.0,486.0,471.0,267.3,203.7,43.25
TXN_003102,2022-05-02,Feb-22,MR.JEYARAJ,JNE3528,JNE3528-KR-XXL,XXL,Robe/Jupe,1.0,425.0,425.0,233.75,191.25,45.0
TXN_003104,2022-05-02,Feb-22,MR.JEYARAJ,JNE1998,JNE1998-KR-311-M,M,Robe/Jupe,1.0,442.5,442.0,243.38,198.62,44.94
TXN_003124,2022-05-02,Feb-22,ABBI COLLECTION ,SET187,SET187-KR-DH-L,L,Ensemble,1.0,775.0,775.0,426.25,348.75,45.0
TXN_003123,2022-05-02,Feb-22,ABBI COLLECTION ,SET038,SET038-KR-PP-L,L,Ensemble,1.0,775.0,775.0,426.25,348.75,45.0
TXN_003122,2022-05-02,Feb-22,ABBI COLLECTION ,SET038,SET038-KR-PP-XXXL,XXXL,Ensemble,1.0,775.0,775.0,426.25,348.75,45.0
TXN_003121,2022-05-02,Feb-22,ABBI COLLECTION ,JNE3718,JNE3718-KR-XXL,XXL,Robe/Jupe,1.0,525.0,525.0,288.75,236.25,45.0
TXN_003120,2022-05-02,Feb-22,ABBI COLLECTION ,JNE3718,JNE3718-KR-XXXL,XXXL,Robe/Jupe,1.0,525.0,525.0,288.75,236.25,45.0
TXN_003119,2022-05-02,Feb-22,ABBI COLLECTION ,JNE3615,JNE3615-KR-L,L,Robe/Jupe,1.0,511.25,511.0,281.19,229.81,44.97
TXN_003118,2022-05-02,Feb-22,ABBI COLLECTION ,JNE3615,JNE3615-KR-XXL,XXL,Robe/Jupe,1.0,511.25,511.0,281.19,229.81,44.97
TXN_003117,2022-05-02,Feb-22,MR.JEYARAJ,JNE2009,JNE2009-KR-310-XXL,XXL,Robe/Jupe,1.0,442.5,442.0,243.38,198.62,44.94
TXN_003116,2022-05-02,Feb-22,MR.JEYARAJ,JNE2009,JNE2009-KR-310-XL,XL,Robe/Jupe,1.0,442.5,442.0,243.38,198.62,44.94
TXN_003103,2022-05-02,Feb-22,MR.JEYARAJ,JNE1998,JNE1998-KR-311-S,S,Robe/Jupe,1.0,442.5,442.0,243.38,198.62,44.94
TXN_003115,2022-05-02,Feb-22,MR.JEYARAJ,JNE2009,JNE2009-KR-310-L,L,Robe/Jupe,1.0,442.5,442.0,243.38,198.62,44.94
TXN_003113,2022-05-02,Feb-22,MR.JEYARAJ,JNE2009,JNE2009-KR-310-S,S,Robe/Jupe,1.0,442.5,442.0,243.38,198.62,44.94
TXN_003112,2022-05-02,Feb-22,MR.JEYARAJ,JNE3564,JNE3564-KR-XXL,XXL,Robe/Jupe,1.0,425.0,425.0,233.75,191.25,45.0
TXN_003111,2022-05-02,Feb-22,MR.JEYARAJ,JNE3564,JNE3564-KR-XL,XL,Robe/Jupe,1.0,425.0,425.0,233.75,191.25,45.0
TXN_003110,2022-05-02,Feb-22,MR.JEYARAJ,JNE3564,JNE3564-KR-L,L,Robe/Jupe,1.0,425.0,425.0,233.75,191.25,45.0
TXN_003109,2022-05-02,Feb-22,MR.JEYARAJ,JNE3564,JNE3564-KR-M,M,Robe/Jupe,1.0,425.0,425.0,233.75,191.25,45.0
TXN_003108,2022-05-02,Feb-22,MR.JEYARAJ,JNE3564,JNE3564-KR-S,S,Robe/Jupe,1.0,425.0,425.0,233.75,191.25,45.0
TXN_003107,2022-05-02,Feb-22,MR.JEYARAJ,JNE1998,JNE1998-KR-311-XXL,XXL,Robe/Jupe,1.0,442.5,442.0,243.38,198.62,44.94
TXN_003106,2022-05-02,Feb-22,MR.JEYARAJ,JNE1998,JNE1998-KR-311-XL,XL,Robe/Jupe,1.0,442.5,442.0,243.38,198.62,44.94
TXN_003105,2022-05-02,Feb-22,MR.JEYARAJ,JNE1998,JNE1998-KR-311-L,L,Robe/Jupe,1.0,442.5,442.0,243.38,198.62,44.94
TXN_003114,2022-05-02,Feb-22,MR.JEYARAJ,JNE2009,JNE2009-KR-310-M,M,Robe/Jupe,1.0,442.5,442.0,243.38,198.62,44.94
TXN_003173,2022-05-02,Feb-22,THILAS BOMBAY BOUTIQUE SDN BHD,BTM021,BTM021-XXXL,XXXL,Autre,1.0,486.0,471.0,267.3,203.7,43.25
TXN_003174,2022-05-02,Feb-22,THILAS BOMBAY BOUTIQUE SDN BHD,J0096,J0096-KR-L,L,Robe/Jupe,1.0,562.5,546.0,309.38,236.62,43.34
TXN_003175,2022-05-02,Feb-22,THILAS BOMBAY BOUTIQUE SDN BHD,J0096,J0096-KR-M,M,Robe/Jupe,1.0,562.5,546.0,309.38,236.62,43.34
TXN_003242,2022-05-02,Feb-22,THILAS BOMBAY BOUTIQUE SDN BHD,JNE3547,JNE3547-KR-L,L,Robe/Jupe,1.0,462.5,449.0,254.38,194.62,43.35
TXN_003241,2022-05-02,Feb-22,THILAS BOMBAY BOUTIQUE SDN BHD,JNE3488,JNE3488-KR-XXXL,XXXL,Robe/Jupe,1.0,425.0,412.0,233.75,178.25,43.26
TXN_003240,2022-05-02,Feb-22,THILAS BOMBAY BOUTIQUE SDN BHD,JNE3488,JNE3488-KR-XXL,XXL,Robe/Jupe,1.0,425.0,412.0,233.75,178.25,43.26
TXN_003239,2022-05-02,Feb-22,THILAS BOMBAY BOUTIQUE SDN BHD,JNE3488,JNE3488-KR-XL,XL,Robe/Jupe,1.0,425.0,412.0,233.75,178.25,43.26
TXN_003238,2022-05-02,Feb-22,THILAS BOMBAY BOUTIQUE SDN BHD,JNE3488,JNE3488-KR-M,M,Robe/Jupe,1.0,425.0,412.0,233.75,178.25,43.26
TXN_003237,2022-05-02,Feb-22,THILAS BOMBAY BOUTIQUE SDN BHD,JNE3488,JNE3488-KR-L,L,Robe/Jupe,1.0,425.0,412.0,233.75,178.25,43.26
TXN_003236,2022-05-02,Feb-22,THILAS BOMBAY BOUTIQUE SDN BHD,JNE3445,JNE3445-KR-XXXL,XXXL,Robe/Jupe,1.0,425.0,412.0,233.75,178.25,43.26
TXN_003235,2022-05-02,Feb-22,THILAS BOMBAY BOUTIQUE SDN BHD,JNE3445,JNE3445-KR-XXL,XXL,Robe/Jupe,1.0,425.0,412.0,233.75,178.25,43.26
TXN_003234,2022-05-02,Feb-22,THILAS BOMBAY BOUTIQUE SDN BHD,JNE3445,JNE3445-KR-XL,XL,Robe/Jupe,1.0,425.0,412.0,233.75,178.25,43.26
TXN_003243,2022-05-02,Feb-22,THILAS BOMBAY BOUTIQUE SDN BHD,JNE3547,JNE3547-KR-M,M,Robe/Jupe,1.0,462.5,449.0,254.38,194.62,43.35
TXN_003233,2022-05-02,Feb-22,THILAS BOMBAY BOUTIQUE SDN BHD,JNE3445,JNE3445-KR-M,M,Robe/Jupe,1.0,425.0,412.0,233.75,178.25,43.26
TXN_003231,2022-05-02,Feb-22,THILAS BOMBAY BOUTIQUE SDN BHD,JNE3439,JNE3439-KR-XXXL,XXXL,Robe/Jupe,1.0,390.0,378.0,214.5,163.5,43.25
TXN_003230,2022-05-02,Feb-22,THILAS BOMBAY BOUTIQUE SDN BHD,JNE3439,JNE3439-KR-XXL,XXL,Robe/Jupe,1.0,390.0,378.0,214.5,163.5,43.25
TXN_003229,2022-05-02,Feb-22,THILAS BOMBAY BOUTIQUE SDN BHD,JNE3439,JNE3439-KR-XL,XL,Robe/Jupe,1.0,390.0,378.0,214.5,163.5,43.25
TXN_003228,2022-05-02,Feb-22,THILAS BOMBAY BOUTIQUE SDN BHD,JNE3439,JNE3439-KR-M,M,Robe/Jupe,1.0,390.0,378.0,214.5,163.5,43.25
TXN_003227,2022-05-02,Feb-22,THILAS BOMBAY BOUTIQUE SDN BHD,JNE3439,JNE3439-KR-L,L,Robe/Jupe,1.0,390.0,378.0,214.5,163.5,43.25
TXN_003226,2022-05-02,Feb-22,THILAS BOMBAY BOUTIQUE SDN BHD,JNE3421,JNE3421-KR-XXL,XXL,Robe/Jupe,1.0,411.25,399.0,226.19,172.81,43.31
TXN_003225,2022-05-02,Feb-22,THILAS BOMBAY BOUTIQUE SDN BHD,JNE3421,JNE3421-KR-XL,XL,Robe/Jupe,1.0,411.25,399.0,226.19,172.81,43.31
TXN_003224,2022-05-02,Feb-22,THILAS BOMBAY BOUTIQUE SDN BHD,JNE3421,JNE3421-KR-M,M,Robe/Jupe,1.0,411.25,399.0,226.19,172.81,43.31
TXN_003223,2022-05-02,Feb-22,THILAS BOMBAY BOUTIQUE SDN BHD,JNE3421,JNE3421-KR-L,L,Robe/Jupe,1.0,411.25,399.0,226.19,172.81,43.31
TXN_003232,2022-05-02,Feb-22,THILAS BOMBAY BOUTIQUE SDN BHD,JNE3445,JNE3445-KR-L,L,Robe/Jupe,1.0,425.0,412.0,233.75,178.25,43.26
TXN_003222,2022-05-02,Feb-22,THILAS BOMBAY BOUTIQUE SDN BHD,JNE3384,JNE3384-KR-XXXL,XXXL,Robe/Jupe,1.0,462.5,449.0,254.38,194.62,43.35
TXN_003244,2022-05-02,Feb-22,THILAS BOMBAY BOUTIQUE SDN BHD,JNE3547,JNE3547-KR-XL,XL,Robe/Jupe,1.0,462.5,449.0,254.38,194.62,43.35
TXN_003246,2022-05-02,Feb-22,THILAS BOMBAY BOUTIQUE SDN BHD,JNE3547,JNE3547-KR-XXXL,XXXL,Robe/Jupe,1.0,462.5,449.0,254.38,194.62,43.35
TXN_003266,2022-05-02,Feb-22,THILAS BOMBAY BOUTIQUE SDN BHD,JNE3567,JNE3567-KR-L,L,Robe/Jupe,1.0,425.0,412.0,233.75,178.25,43.26
TXN_003265,2022-05-02,Feb-22,THILAS BOMBAY BOUTIQUE SDN BHD,JNE3565,JNE3565-KR-XXXL,XXXL,Robe/Jupe,1.0,462.5,449.0,254.38,194.62,43.35
TXN_003264,2022-05-02,Feb-22,THILAS BOMBAY BOUTIQUE SDN BHD,JNE3565,JNE3565-KR-XXL,XXL,Robe/Jupe,1.0,462.5,449.0,254.38,194.62,43.35
TXN_003263,2022-05-02,Feb-22,THILAS BOMBAY BOUTIQUE SDN BHD,JNE3565,JNE3565-KR-XL,XL,Robe/Jupe,1.0,462.5,449.0,254.38,194.62,43.35
TXN_003262,2022-05-02,Feb-22,THILAS BOMBAY BOUTIQUE SDN BHD,JNE3565,JNE3565-KR-M,M,Robe/Jupe,1.0,462.5,449.0,254.38,194.62,43.35
TXN_003261,2022-05-02,Feb-22,THILAS BOMBAY BOUTIQUE SDN BHD,JNE3565,JNE3565-KR-L,L,Robe/Jupe,1.0,462.5,449.0,254.38,194.62,43.35
TXN_003260,2022-05-02,Feb-22,THILAS BOMBAY BOUTIQUE SDN BHD,JNE3557,JNE3557-KR-XXL,XXL,Robe/Jupe,1.0,462.5,449.0,254.38,194.62,43.35
TXN_003259,2022-05-02,Feb-22,THILAS BOMBAY BOUTIQUE SDN BHD,JNE3557,JNE3557-KR-XL,XL,Robe/Jupe,1.0,462.5,449.0,254.38,194.62,43.35
TXN_003258,2022-05-02,Feb-22,THILAS BOMBAY BOUTIQUE SDN BHD,JNE3557,JNE3557-KR-M,M,Robe/Jupe,1.0,462.5,449.0,254.38,194.62,43.35
TXN_003245,2022-05-02,Feb-22,THILAS BOMBAY BOUTIQUE SDN BHD,JNE3547,JNE3547-KR-XXL,XXL,Robe/Jupe,1.0,462.5,449.0,254.38,194.62,43.35
TXN_003257,2022-05-02,Feb-22,THILAS BOMBAY BOUTIQUE SDN BHD,JNE3557,JNE3557-KR-L,L,Robe/Jupe,1.0,462.5,449.0,254.38,194.62,43.35
TXN_003255,2022-05-02,Feb-22,THILAS BOMBAY BOUTIQUE SDN BHD,JNE3555,JNE3555-KR-XXL,XXL,Robe/Jupe,1.0,462.5,449.0,254.38,194.62,43.35
TXN_003254,2022-05-02,Feb-22,THILAS BOMBAY BOUTIQUE SDN BHD,JNE3555,JNE3555-KR-XL,XL,Robe/Jupe,1.0,462.5,449.0,254.38,194.62,43.35
TXN_003253,2022-05-02,Feb-22,THILAS BOMBAY BOUTIQUE SDN BHD,JNE3555,JNE3555-KR-M,M,Robe/Jupe,1.0,462.5,449.0,254.38,194.62,43.35
TXN_003252,2022-05-02,Feb-22,THILAS BOMBAY BOUTIQUE SDN BHD,JNE3555,JNE3555-KR-L,L,Robe/Jupe,1.0,462.5,449.0,254.38,194.62,43.35
TXN_003251,2022-05-02,Feb-22,THILAS BOMBAY BOUTIQUE SDN BHD,JNE3548,JNE3548-KR-XXXL,XXXL,Robe/Jupe,1.0,462.5,449.0,254.38,194.62,43.35
TXN_003250,2022-05-02,Feb-22,THILAS BOMBAY BOUTIQUE SDN BHD,JNE3548,JNE3548-KR-XXL,XXL,Robe/Jupe,1.0,462.5,449.0,254.38,194.62,43.35
TXN_003249,2022-05-02,Feb-22,THILAS BOMBAY BOUTIQUE SDN BHD,JNE3548,JNE3548-KR-XL,XL,Robe/Jupe,1.0,462.5,449.0,254.38,194.62,43.35
TXN_003248,2022-05-02,Feb-22,THILAS BOMBAY BOUTIQUE SDN BHD,JNE3548,JNE3548-KR-M,M,Robe/Jupe,1.0,462.5,449.0,254.38,194.62,43.35
TXN_003247,2022-05-02,Feb-22,THILAS BOMBAY BOUTIQUE SDN BHD,JNE3548,JNE3548-KR-L,L,Robe/Jupe,1.0,462.5,449.0,254.38,194.62,43.35
TXN_003256,2022-05-02,Feb-22,THILAS BOMBAY BOUTIQUE SDN BHD,JNE3555,JNE3555-KR-XXXL,XXXL,Robe/Jupe,1.0,462.5,449.0,254.38,194.62,43.35
TXN_003268,2022-05-02,Feb-22,THILAS BOMBAY BOUTIQUE SDN BHD,JNE3567,JNE3567-KR-XL,XL,Robe/Jupe,1.0,425.0,412.0,233.75,178.25,43.26
TXN_003221,2022-05-02,Feb-22,THILAS BOMBAY BOUTIQUE SDN BHD,JNE3384,JNE3384-KR-XXL,XXL,Robe/Jupe,1.0,462.5,449.0,254.38,194.62,43.35
TXN_005729,2022-05-02,Feb-22,THILAS BOMBAY BOUTIQUE SDN BHD,JNE3576,JNE3576-KR-XXXL,XXXL,Robe/Jupe,1.0,425.0,412.0,233.75,178.25,43.26
TXN_003195,2022-05-02,Feb-22,THILAS BOMBAY BOUTIQUE SDN BHD,JNE2014,JNE2014-KR-178-M,M,Robe/Jupe,1.0,462.5,449.0,254.38,194.62,43.35
TXN_003194,2022-05-02,Feb-22,THILAS BOMBAY BOUTIQUE SDN BHD,JNE2014,JNE2014-KR-178-L,L,Robe/Jupe,1.0,462.5,449.0,254.38,194.62,43.35
TXN_003193,2022-05-02,Feb-22,THILAS BOMBAY BOUTIQUE SDN BHD,JNE1408,JNE1408-GREY-KR-UDF19-XXXL,XXXL,Robe/Jupe,1.0,503.75,489.0,277.06,211.94,43.34
TXN_003192,2022-05-02,Feb-22,THILAS BOMBAY BOUTIQUE SDN BHD,JNE1408,,Free,Robe/Jupe,1.0,503.75,489.0,277.06,211.94,43.34
TXN_003191,2022-05-02,Feb-22,THILAS BOMBAY BOUTIQUE SDN BHD,JNE1408,,Free,Robe/Jupe,1.0,503.75,489.0,277.06,211.94,43.34
TXN_003190,2022-05-02,Feb-22,THILAS BOMBAY BOUTIQUE SDN BHD,JNE1408,,Free,Robe/Jupe,1.0,503.75,489.0,277.06,211.94,43.34
TXN_003189,2022-05-02,Feb-22,THILAS BOMBAY BOUTIQUE SDN BHD,JNE1408,,Free,Robe/Jupe,1.0,503.75,489.0,277.06,211.94,43.34
TXN_003188,2022-05-02,Feb-22,THILAS BOMBAY BOUTIQUE SDN BHD,J0214,J0214-TP-XXXL,XXXL,Robe/Jupe,1.0,687.5,667.0,378.13,288.87,43.31
TXN_003187,2022-05-02,Feb-22,THILAS BOMBAY BOUTIQUE SDN BHD,J0214,J0214-TP-XXL,XXL,Robe/Jupe,1.0,687.5,667.0,378.13,288.87,43.31
TXN_003196,2022-05-02,Feb-22,THILAS BOMBAY BOUTIQUE SDN BHD,JNE2014,JNE2014-KR-178-XL,XL,Robe/Jupe,1.0,462.5,449.0,254.38,194.62,43.35
TXN_003186,2022-05-02,Feb-22,THILAS BOMBAY BOUTIQUE SDN BHD,J0214,J0214-TP-XL,XL,Robe/Jupe,1.0,687.5,667.0,378.13,288.87,43.31
TXN_003184,2022-05-02,Feb-22,THILAS BOMBAY BOUTIQUE SDN BHD,J0214,J0214-TP-L,L,Robe/Jupe,1.0,687.5,667.0,378.13,288.87,43.31
TXN_003183,2022-05-02,Feb-22,THILAS BOMBAY BOUTIQUE SDN BHD,J0172,J0172-TP-XXXL.,XXXL,Robe/Jupe,1.0,390.0,378.0,214.5,163.5,43.25
TXN_003182,2022-05-02,Feb-22,THILAS BOMBAY BOUTIQUE SDN BHD,J0172,J0172-TP-XXL,XXL,Robe/Jupe,1.0,390.0,378.0,214.5,163.5,43.25
TXN_003181,2022-05-02,Feb-22,THILAS BOMBAY BOUTIQUE SDN BHD,J0172,J0172-TP-XL,XL,Robe/Jupe,1.0,390.0,378.0,214.5,163.5,43.25
TXN_003180,2022-05-02,Feb-22,THILAS BOMBAY BOUTIQUE SDN BHD,J0172,J0172-TP-M,M,Robe/Jupe,1.0,390.0,378.0,214.5,163.5,43.25
TXN_003179,2022-05-02,Feb-22,THILAS BOMBAY BOUTIQUE SDN BHD,J0172,J0172-TP-L,L,Robe/Jupe,1.0,390.0,378.0,214.5,163.5,43.25
TXN_003178,2022-05-02,Feb-22,THILAS BOMBAY BOUTIQUE SDN BHD,J0096,J0096-KR-XXXL,XXXL,Robe/Jupe,1.0,562.5,546.0,309.38,236.62,43.34
TXN_003177,2022-05-02,Feb-22,THILAS BOMBAY BOUTIQUE SDN BHD,J0096,J0096-KR-XXL,XXL,Robe/Jupe,1.0,562.5,546.0,309.38,236.62,43.34
TXN_003176,2022-05-02,Feb-22,THILAS BOMBAY BOUTIQUE SDN BHD,J0096,J0096-KR-XL,XL,Robe/Jupe,1.0,562.5,546.0,309.38,236.62,43.34
TXN_003185,2022-05-02,Feb-22,THILAS BOMBAY BOUTIQUE SDN BHD,J0214,J0214-TP-M,M,Robe/Jupe,1.0,687.5,667.0,378.13,288.87,43.31
TXN_003220,2022-05-02,Feb-22,THILAS BOMBAY BOUTIQUE SDN BHD,JNE3384,JNE3384-KR-XL,XL,Robe/Jupe,1.0,462.5,449.0,254.38,194.62,43.35
TXN_003197,2022-05-02,Feb-22,THILAS BOMBAY BOUTIQUE SDN BHD,JNE2014,JNE2014-KR-178-XXL,XXL,Robe/Jupe,1.0,462.5,449.0,254.38,194.62,43.35
TXN_003199,2022-05-02,Feb-22,THILAS BOMBAY BOUTIQUE SDN BHD,JNE2032,JNE2032-KR-205-L,L,Robe/Jupe,1.0,503.75,489.0,277.06,211.94,43.34
TXN_003219,2022-05-02,Feb-22,THILAS BOMBAY BOUTIQUE SDN BHD,JNE3384,JNE3384-KR-M,M,Robe/Jupe,1.0,462.5,449.0,254.38,194.62,43.35
TXN_003218,2022-05-02,Feb-22,THILAS BOMBAY BOUTIQUE SDN BHD,JNE3384,JNE3384-KR-L,L,Robe/Jupe,1.0,462.5,449.0,254.38,194.62,43.35
TXN_003217,2022-05-02,Feb-22,THILAS BOMBAY BOUTIQUE SDN BHD,JNE2266,JNE2266-KR-490-XXL,XXL,Robe/Jupe,1.0,557.5,541.0,306.62,234.38,43.32
TXN_003216,2022-05-02,Feb-22,THILAS BOMBAY BOUTIQUE SDN BHD,JNE2266,JNE2266-KR-490-XL,XL,Robe/Jupe,1.0,557.5,541.0,306.62,234.38,43.32
TXN_003215,2022-05-02,Feb-22,THILAS BOMBAY BOUTIQUE SDN BHD,JNE2266,JNE2266-KR-490-M,M,Robe/Jupe,1.0,557.5,541.0,306.62,234.38,43.32
TXN_003214,2022-05-02,Feb-22,THILAS BOMBAY BOUTIQUE SDN BHD,JNE2266,JNE2266-KR-490-L,L,Robe/Jupe,1.0,557.5,541.0,306.62,234.38,43.32
TXN_003213,2022-05-02,Feb-22,THILAS BOMBAY BOUTIQUE SDN BHD,JNE2170,JNE2170-KR-436-XXXL,XXXL,Robe/Jupe,1.0,562.5,546.0,309.38,236.62,43.34
TXN_003212,2022-05-02,Feb-22,THILAS BOMBAY BOUTIQUE SDN BHD,JNE2170,JNE2170-KR-436-XXL,XXL,Robe/Jupe,1.0,562.5,546.0,309.38,236.62,43.34
TXN_003211,2022-05-02,Feb-22,THILAS BOMBAY BOUTIQUE SDN BHD,JNE2170,JNE2170-KR-436-XL,XL,Robe/Jupe,1.0,562.5,546.0,309.38,236.62,43.34
TXN_003198,2022-05-02,Feb-22,THILAS BOMBAY BOUTIQUE SDN BHD,JNE2014,JNE2014-KR-178-XXXL,XXXL,Robe/Jupe,1.0,462.5,449.0,254.38,194.62,43.35
TXN_003210,2022-05-02,Feb-22,THILAS BOMBAY BOUTIQUE SDN BHD,JNE2170,JNE2170-KR-436-M,M,Robe/Jupe,1.0,562.5,546.0,309.38,236.62,43.34
TXN_003208,2022-05-02,Feb-22,THILAS BOMBAY BOUTIQUE SDN BHD,JNE2100,JNE2100-KR-144-XXXL,XXXL,Robe/Jupe,1.0,477.5,463.0,262.62,200.38,43.28
TXN_003207,2022-05-02,Feb-22,THILAS BOMBAY BOUTIQUE SDN BHD,JNE2100,JNE2100-KR-144-XXL,XXL,Robe/Jupe,1.0,477.5,463.0,262.62,200.38,43.28
TXN_003206,2022-05-02,Feb-22,THILAS BOMBAY BOUTIQUE SDN BHD,JNE2100,JNE2100-KR-144-XL,XL,Robe/Jupe,1.0,477.5,463.0,262.62,200.38,43.28
TXN_003205,2022-05-02,Feb-22,THILAS BOMBAY BOUTIQUE SDN BHD,JNE2100,JNE2100-KR-144-M,M,Robe/Jupe,1.0,477.5,463.0,262.62,200.38,43.28
TXN_003204,2022-05-02,Feb-22,THILAS BOMBAY BOUTIQUE SDN BHD,JNE2100,JNE2100-KR-144-L,L,Robe/Jupe,1.0,477.5,463.0,262.62,200.38,43.28
TXN_003203,2022-05-02,Feb-22,THILAS BOMBAY BOUTIQUE SDN BHD,JNE2032,JNE2032-KR-205-XXXL,XXXL,Robe/Jupe,1.0,503.75,489.0,277.06,211.94,43.34
TXN_003202,2022-05-02,Feb-22,THILAS BOMBAY BOUTIQUE SDN BHD,JNE2032,JNE2032-KR-205-XXL,XXL,Robe/Jupe,1.0,503.75,489.0,277.06,211.94,43.34
TXN_003201,2022-05-02,Feb-22,THILAS BOMBAY BOUTIQUE SDN BHD,JNE2032,JNE2032-KR-205-XL,XL,Robe/Jupe,1.0,503.75,489.0,277.06,211.94,43.34
TXN_003200,2022-05-02,Feb-22,THILAS BOMBAY BOUTIQUE SDN BHD,JNE2032,JNE2032-KR-205-M,M,Robe/Jupe,1.0,503.75,489.0,277.06,211.94,43.34
TXN_003209,2022-05-02,Feb-22,THILAS BOMBAY BOUTIQUE SDN BHD,JNE2170,JNE2170-KR-436-L,L,Robe/Jupe,1.0,562.5,546.0,309.38,236.62,43.34
TXN_005728,2022-05-02,Feb-22,THILAS BOMBAY BOUTIQUE SDN BHD,JNE3576,JNE3576-KR-XXL,XXL,Robe/Jupe,1.0,425.0,412.0,233.75,178.25,43.26
TXN_003285,2022-05-02,Feb-22,THILAS BOMBAY BOUTIQUE SDN BHD,JNE3622,JNE3622-KR-L,L,Robe/Jupe,1.0,417.5,405.0,229.63,175.37,43.3
TXN_005726,2022-05-02,Feb-22,THILAS BOMBAY BOUTIQUE SDN BHD,JNE3576,JNE3576-KR-M,M,Robe/Jupe,1.0,425.0,412.0,233.75,178.25,43.26
TXN_005563,2022-05-02,Feb-22,MR.JEYARAJ,JNE3564,JNE3564-KR-M,M,Robe/Jupe,1.0,425.0,425.0,233.75,191.25,45.0
TXN_005564,2022-05-02,Feb-22,MR.JEYARAJ,JNE3564,JNE3564-KR-L,L,Robe/Jupe,1.0,425.0,425.0,233.75,191.25,45.0
TXN_005565,2022-05-02,Feb-22,MR.JEYARAJ,JNE3564,JNE3564-KR-XL,XL,Robe/Jupe,1.0,425.0,425.0,233.75,191.25,45.0
TXN_005566,2022-05-02,Feb-22,MR.JEYARAJ,JNE3564,JNE3564-KR-XXL,XXL,Robe/Jupe,1.0,425.0,425.0,233.75,191.25,45.0
TXN_005567,2022-05-02,Feb-22,MR.JEYARAJ,JNE2009,JNE2009-KR-310-S,S,Robe/Jupe,1.0,442.5,442.0,243.38,198.62,44.94
TXN_005568,2022-05-02,Feb-22,MR.JEYARAJ,JNE2009,JNE2009-KR-310-M,M,Robe/Jupe,1.0,442.5,442.0,243.38,198.62,44.94
TXN_005569,2022-05-02,Feb-22,MR.JEYARAJ,JNE2009,JNE2009-KR-310-L,L,Robe/Jupe,1.0,442.5,442.0,243.38,198.62,44.94
TXN_005570,2022-05-02,Feb-22,MR.JEYARAJ,JNE2009,JNE2009-KR-310-XL,XL,Robe/Jupe,1.0,442.5,442.0,243.38,198.62,44.94
TXN_005571,2022-05-02,Feb-22,MR.JEYARAJ,JNE2009,JNE2009-KR-310-XXL,XXL,Robe/Jupe,1.0,442.5,442.0,243.38,198.62,44.94
TXN_005572,2022-05-02,Feb-22,ABBI COLLECTION ,JNE3615,JNE3615-KR-XXL,XXL,Robe/Jupe,1.0,511.25,511.0,281.19,229.81,44.97
TXN_005573,2022-05-02,Feb-22,ABBI COLLECTION ,JNE3615,JNE3615-KR-L,L,Robe/Jupe,1.0,511.25,511.0,281.19,229.81,44.97
TXN_005574,2022-05-02,Feb-22,ABBI COLLECTION ,JNE3718,JNE3718-KR-XXXL,XXXL,Robe/Jupe,1.0,525.0,525.0,288.75,236.25,45.0
TXN_005575,2022-05-02,Feb-22,ABBI COLLECTION ,JNE3718,JNE3718-KR-XXL,XXL,Robe/Jupe,1.0,525.0,525.0,288.75,236.25,45.0
TXN_005576,2022-05-02,Feb-22,ABBI COLLECTION ,SET038,SET038-KR-PP-XXXL,XXXL,Ensemble,1.0,775.0,775.0,426.25,348.75,45.0
TXN_005577,2022-05-02,Feb-22,ABBI COLLECTION ,SET038,SET038-KR-PP-L,L,Ensemble,1.0,775.0,775.0,426.25,348.75,45.0
TXN_005578,2022-05-02,Feb-22,ABBI COLLECTION ,SET187,SET187-KR-DH-L,L,Ensemble,1.0,775.0,775.0,426.25,348.75,45.0
TXN_005579,2022-05-02,Feb-22,ABBI COLLECTION ,SET182,SET182-KR-DH-XXL,XXL,Ensemble,1.0,812.5,812.0,446.88,365.12,44.97
TXN_005580,2022-05-02,Feb-22,ABBI COLLECTION ,SET182,SET182-KR-DH-M,M,Ensemble,1.0,812.5,812.0,446.88,365.12,44.97
TXN_005581,2022-05-02,Feb-22,ABBI COLLECTION ,J0252,J0252-SKD-XXXL,XXXL,Robe/Jupe,1.0,1037.5,1038.0,570.62,467.38,45.03
TXN_005582,2022-05-02,Feb-22,ABBI COLLECTION ,J0249,J0249-SKD-XXL,XXL,Robe/Jupe,1.0,1037.5,1038.0,570.62,467.38,45.03
TXN_005583,2022-05-02,Feb-22,ABBI COLLECTION ,J0120,J0120-TP-XXL,XXL,Robe/Jupe,1.0,387.5,388.0,213.13,174.87,45.07
TXN_005584,2022-05-02,Feb-22,ABBI COLLECTION ,J0005,J0005-DR-XXL,XXL,Robe/Jupe,1.0,925.0,925.0,508.75,416.25,45.0
TXN_005585,2022-05-02,Feb-22,ABBI COLLECTION ,JNE3627,JNE3627-KR-L,L,Robe/Jupe,1.0,438.75,439.0,241.31,197.69,45.03
TXN_005562,2022-05-02,Feb-22,MR.JEYARAJ,JNE3564,JNE3564-KR-S,S,Robe/Jupe,1.0,425.0,425.0,233.75,191.25,45.0
TXN_005561,2022-05-02,Feb-22,MR.JEYARAJ,JNE1998,JNE1998-KR-311-XXL,XXL,Robe/Jupe,1.0,442.5,442.0,243.38,198.62,44.94
TXN_005560,2022-05-02,Feb-22,MR.JEYARAJ,JNE1998,JNE1998-KR-311-XL,XL,Robe/Jupe,1.0,442.5,442.0,243.38,198.62,44.94
TXN_005559,2022-05-02,Feb-22,MR.JEYARAJ,JNE1998,JNE1998-KR-311-L,L,Robe/Jupe,1.0,442.5,442.0,243.38,198.62,44.94
TXN_005535,2022-05-02,Feb-22,REVATHY LOGANATHAN,JNE3827,CMB5-JNE3827,Free,Robe/Jupe,5.0,299.0,1495.0,822.25,672.75,45.0
TXN_005536,2022-05-02,Feb-22,REVATHY LOGANATHAN,JNE3852,CMB5-JNE3852,Free,Robe/Jupe,5.0,299.0,1495.0,822.25,672.75,45.0
TXN_005537,2022-05-02,Feb-22,REVATHY LOGANATHAN,JNE3848,CMB5-JNE3848,Free,Robe/Jupe,5.0,299.0,1495.0,822.25,672.75,45.0
TXN_005538,2022-05-02,Feb-22,REVATHY LOGANATHAN,JNE3853,CMB5-JNE3853,Free,Robe/Jupe,5.0,299.0,1495.0,822.25,672.75,45.0
TXN_005539,2022-05-02,Feb-22,REVATHY LOGANATHAN,JNE3831,CMB5-JNE3831,Free,Robe/Jupe,5.0,299.0,1495.0,822.25,672.75,45.0
TXN_005540,2022-05-02,Feb-22,REVATHY LOGANATHAN,JNE3851,CMB5-JNE3851,Free,Robe/Jupe,5.0,299.0,1495.0,822.25,672.75,45.0
TXN_005541,2022-05-02,Feb-22,REVATHY LOGANATHAN,JNE3830,CMB5-JNE3830,Free,Robe/Jupe,5.0,299.0,1495.0,822.25,672.75,45.0
TXN_005542,2022-05-02,Feb-22,REVATHY LOGANATHAN,JNE3832,CMB5-JNE3832,Free,Robe/Jupe,5.0,299.0,1495.0,822.25,672.75,45.0
TXN_005543,2022-05-02,Feb-22,THILAS BOMBAY BOUTIQUE SDN BHD,JNE3826,CMB5-JNE3826,Free,Robe/Jupe,5.0,299.0,1495.0,822.25,672.75,45.0
TXN_005544,2022-05-02,Feb-22,THILAS BOMBAY BOUTIQUE SDN BHD,JNE3828,CMB5-JNE3828,Free,Robe/Jupe,5.0,299.0,1495.0,822.25,672.75,45.0
TXN_005545,2022-05-02,Feb-22,THILAS BOMBAY BOUTIQUE SDN BHD,JNE3848,CMB5-JNE3848,Free,Robe/Jupe,5.0,299.0,1495.0,822.25,672.75,45.0
TXN_005586,2022-05-02,Feb-22,ABBI COLLECTION ,JNE3627,JNE3627-KR-XXXL,XXXL,Robe/Jupe,1.0,438.75,439.0,241.31,197.69,45.03
TXN_005546,2022-05-02,Feb-22,THILAS BOMBAY BOUTIQUE SDN BHD,JNE3849,CMB5-JNE3849,Free,Robe/Jupe,5.0,299.0,1495.0,822.25,672.75,45.0
TXN_005548,2022-05-02,Feb-22,THILAS BOMBAY BOUTIQUE SDN BHD,JNE3855,CMB5-JNE3855,Free,Robe/Jupe,5.0,299.0,1495.0,822.25,672.75,45.0
TXN_005549,2022-05-02,Feb-22,THILAS BOMBAY BOUTIQUE SDN BHD,JNE3851,CMB5-JNE3851,Free,Robe/Jupe,5.0,299.0,1495.0,822.25,672.75,45.0
TXN_005550,2022-05-02,Feb-22,THILAS BOMBAY BOUTIQUE SDN BHD,JNE3850,CMB5-JNE3850,Free,Robe/Jupe,5.0,299.0,1495.0,822.25,672.75,45.0
TXN_005551,2022-05-02,Feb-22,MR.JEYARAJ,JNE3528,JNE3528-KR-XXXL,XXXL,Robe/Jupe,1.0,425.0,425.0,233.75,191.25,45.0
TXN_005552,2022-05-02,Feb-22,MR.JEYARAJ,JNE3528,JNE3528-KR-S,S,Robe/Jupe,1.0,425.0,425.0,233.75,191.25,45.0
TXN_005553,2022-05-02,Feb-22,MR.JEYARAJ,JNE3528,JNE3528-KR-M,M,Robe/Jupe,1.0,425.0,425.0,233.75,191.25,45.0
TXN_005554,2022-05-02,Feb-22,MR.JEYARAJ,JNE3528,JNE3528-KR-L,L,Robe/Jupe,1.0,425.0,425.0,233.75,191.25,45.0
TXN_005555,2022-05-02,Feb-22,MR.JEYARAJ,JNE3528,JNE3528-KR-XL,XL,Robe/Jupe,1.0,425.0,425.0,233.75,191.25,45.0
TXN_005556,2022-05-02,Feb-22,MR.JEYARAJ,JNE3528,JNE3528-KR-XXL,XXL,Robe/Jupe,1.0,425.0,425.0,233.75,191.25,45.0
TXN_005557,2022-05-02,Feb-22,MR.JEYARAJ,JNE1998,JNE1998-KR-311-S,S,Robe/Jupe,1.0,442.5,442.0,243.38,198.62,44.94
TXN_005558,2022-05-02,Feb-22,MR.JEYARAJ,JNE1998,JNE1998-KR-311-M,M,Robe/Jupe,1.0,442.5,442.0,243.38,198.62,44.94
TXN_005547,2022-05-02,Feb-22,THILAS BOMBAY BOUTIQUE SDN BHD,JNE3853,CMB5-JNE3853,Free,Robe/Jupe,5.0,299.0,1495.0,822.25,672.75,45.0
TXN_005727,2022-05-02,Feb-22,THILAS BOMBAY BOUTIQUE SDN BHD,JNE3576,JNE3576-KR-XL,XL,Robe/Jupe,1.0,425.0,412.0,233.75,178.25,43.26
TXN_005587,2022-05-02,Feb-22,ABBI COLLECTION ,JNE3627,JNE3627-KR-XS,XS,Robe/Jupe,1.0,438.75,439.0,241.31,197.69,45.03
TXN_005589,2022-05-02,Feb-22,ABBI COLLECTION ,JNE3576,JNE3576-KR-XXL,XXL,Robe/Jupe,1.0,425.0,425.0,233.75,191.25,45.0
TXN_005615,2022-05-02,Feb-22,THILAS BOMBAY BOUTIQUE SDN BHD,BTM008,BTM008-M,M,Autre,1.0,486.0,471.0,267.3,203.7,43.25
TXN_005614,2022-05-02,Feb-22,THILAS BOMBAY BOUTIQUE SDN BHD,BTM008,BTM008-L,L,Autre,1.0,486.0,471.0,267.3,203.7,43.25
TXN_005613,2022-05-02,Feb-22,THILAS BOMBAY BOUTIQUE SDN BHD,BTM005,BTM005-XXXL,XXXL,Autre,1.0,486.0,471.0,267.3,203.7,43.25
TXN_005612,2022-05-02,Feb-22,THILAS BOMBAY BOUTIQUE SDN BHD,BTM005,BTM005-XXL,XXL,Autre,1.0,486.0,471.0,267.3,203.7,43.25
TXN_005611,2022-05-02,Feb-22,THILAS BOMBAY BOUTIQUE SDN BHD,BTM005,BTM005-XS,XS,Autre,1.0,486.0,471.0,267.3,203.7,43.25
TXN_005610,2022-05-02,Feb-22,THILAS BOMBAY BOUTIQUE SDN BHD,BTM005,BTM005-XL,XL,Autre,1.0,486.0,471.0,267.3,203.7,43.25
TXN_005609,2022-05-02,Feb-22,THILAS BOMBAY BOUTIQUE SDN BHD,BTM005,BTM005-S,S,Autre,1.0,486.0,471.0,267.3,203.7,43.25
TXN_005608,2022-05-02,Feb-22,THILAS BOMBAY BOUTIQUE SDN BHD,BTM005,BTM005-M,M,Autre,1.0,486.0,471.0,267.3,203.7,43.25
TXN_005607,2022-05-02,Feb-22,THILAS BOMBAY BOUTIQUE SDN BHD,BTM005,BTM005-L,L,Autre,1.0,486.0,471.0,267.3,203.7,43.25
TXN_005606,2022-05-02,Feb-22,ABBI COLLECTION ,JNE3440,JNE3440-KR-XXL,XXL,Robe/Jupe,1.0,390.0,390.0,214.5,175.5,45.0
TXN_005605,2022-05-02,Feb-22,ABBI COLLECTION ,JNE3440,JNE3440-KR-L,L,Robe/Jupe,1.0,390.0,390.0,214.5,175.5,45.0
TXN_005604,2022-05-02,Feb-22,ABBI COLLECTION ,JNE3435,JNE3435-KR-L,L,Robe/Jupe,1.0,390.0,390.0,214.5,175.5,45.0
TXN_005603,2022-05-02,Feb-22,ABBI COLLECTION ,JNE3435,JNE3435-KR-XXL,XXL,Robe/Jupe,1.0,390.0,390.0,214.5,175.5,45.0
TXN_005602,2022-05-02,Feb-22,ABBI COLLECTION ,JNE3802,JNE3802-KR-XXXL,XXXL,Robe/Jupe,1.0,425.0,425.0,233.75,191.25,45.0
TXN_005601,2022-05-02,Feb-22,ABBI COLLECTION ,JNE3805,JNE3805-KR-XL,XL,Robe/Jupe,1.0,425.0,425.0,233.75,191.25,45.0
TXN_005600,2022-05-02,Feb-22,ABBI COLLECTION ,JNE3405,JNE3405-KR-M,M,Robe/Jupe,1.0,390.0,390.0,214.5,175.5,45.0
TXN_005599,2022-05-02,Feb-22,ABBI COLLECTION ,JNE3420,JNE3420-KR-XXL,XXL,Robe/Jupe,1.0,390.0,390.0,214.5,175.5,45.0
TXN_005598,2022-05-02,Feb-22,ABBI COLLECTION ,JNE3420,JNE3420-KR-L,L,Robe/Jupe,1.0,390.0,390.0,214.5,175.5,45.0
TXN_005597,2022-05-02,Feb-22,ABBI COLLECTION ,JNE3489,JNE3489-KR-XXL,XXL,Robe/Jupe,1.0,425.0,425.0,233.75,191.25,45.0
TXN_005596,2022-05-02,Feb-22,ABBI COLLECTION ,JNE3489,JNE3489-KR-L,L,Robe/Jupe,1.0,425.0,425.0,233.75,191.25,45.0
TXN_005595,2022-05-02,Feb-22,ABBI COLLECTION ,JNE3434,JNE3434-KR-XXL,XXL,Robe/Jupe,1.0,425.0,425.0,233.75,191.25,45.0
TXN_005594,2022-05-02,Feb-22,ABBI COLLECTION ,JNE3434,JNE3434-KR-L,L,Robe/Jupe,1.0,425.0,425.0,233.75,191.25,45.0
TXN_005593,2022-05-02,Feb-22,ABBI COLLECTION ,JNE3445,JNE3445-KR-XL,XL,Robe/Jupe,1.0,425.0,425.0,233.75,191.25,45.0
TXN_005616,2022-05-02,Feb-22,THILAS BOMBAY BOUTIQUE SDN BHD,BTM008,BTM008-S,S,Autre,1.0,486.0,471.0,267.3,203.7,43.25
TXN_005617,2022-05-02,Feb-22,THILAS BOMBAY BOUTIQUE SDN BHD,BTM008,BTM008-XL,XL,Autre,1.0,486.0,471.0,267.3,203.7,43.25
TXN_005618,2022-05-02,Feb-22,THILAS BOMBAY BOUTIQUE SDN BHD,BTM008,BTM008-XS,XS,Autre,1.0,486.0,471.0,267.3,203.7,43.25
TXN_005619,2022-05-02,Feb-22,THILAS BOMBAY BOUTIQUE SDN BHD,BTM008,BTM008-XXL,XXL,Autre,1.0,486.0,471.0,267.3,203.7,43.25
TXN_005590,2022-05-02,Feb-22,ABBI COLLECTION ,JNE3535,JNE3535-KR-XL,XL,Robe/Jupe,1.0,425.0,425.0,233.75,191.25,45.0
TXN_005642,2022-05-02,Feb-22,THILAS BOMBAY BOUTIQUE SDN BHD,J0214,J0214-TP-XXXL,XXXL,Robe/Jupe,1.0,687.5,667.0,378.13,288.87,43.31
TXN_005641,2022-05-02,Feb-22,THILAS BOMBAY BOUTIQUE SDN BHD,J0214,J0214-TP-XXL,XXL,Robe/Jupe,1.0,687.5,667.0,378.13,288.87,43.31
TXN_005640,2022-05-02,Feb-22,THILAS BOMBAY BOUTIQUE SDN BHD,J0214,J0214-TP-XL,XL,Robe/Jupe,1.0,687.5,667.0,378.13,288.87,43.31
TXN_005639,2022-05-02,Feb-22,THILAS BOMBAY BOUTIQUE SDN BHD,J0214,J0214-TP-M,M,Robe/Jupe,1.0,687.5,667.0,378.13,288.87,43.31
TXN_005638,2022-05-02,Feb-22,THILAS BOMBAY BOUTIQUE SDN BHD,J0214,J0214-TP-L,L,Robe/Jupe,1.0,687.5,667.0,378.13,288.87,43.31
TXN_005637,2022-05-02,Feb-22,THILAS BOMBAY BOUTIQUE SDN BHD,J0172,J0172-TP-XXXL.,XXXL,Robe/Jupe,1.0,390.0,378.0,214.5,163.5,43.25
TXN_005636,2022-05-02,Feb-22,THILAS BOMBAY BOUTIQUE SDN BHD,J0172,J0172-TP-XXL,XXL,Robe/Jupe,1.0,390.0,378.0,214.5,163.5,43.25
TXN_005635,2022-05-02,Feb-22,THILAS BOMBAY BOUTIQUE SDN BHD,J0172,J0172-TP-XL,XL,Robe/Jupe,1.0,390.0,378.0,214.5,163.5,43.25
TXN_005634,2022-05-02,Feb-22,THILAS BOMBAY BOUTIQUE SDN BHD,J0172,J0172-TP-M,M,Robe/Jupe,1.0,390.0,378.0,214.5,163.5,43.25
TXN_005633,2022-05-02,Feb-22,THILAS BOMBAY BOUTIQUE SDN BHD,J0172,J0172-TP-L,L,Robe/Jupe,1.0,390.0,378.0,214.5,163.5,43.25
TXN_005588,2022-05-02,Feb-22,ABBI COLLECTION ,JNE3576,JNE3576-KR-XS,XS,Robe/Jupe,1.0,425.0,425.0,233.75,191.25,45.0
TXN_005632,2022-05-02,Feb-22,THILAS BOMBAY BOUTIQUE SDN BHD,J0096,J0096-KR-XXXL,XXXL,Robe/Jupe,1.0,562.5,546.0,309.38,236.62,43.34
TXN_005630,2022-05-02,Feb-22,THILAS BOMBAY BOUTIQUE SDN BHD,J0096,J0096-KR-XL,XL,Robe/Jupe,1.0,562.5,546.0,309.38,236.62,43.34
TXN_005629,2022-05-02,Feb-22,THILAS BOMBAY BOUTIQUE SDN BHD,J0096,J0096-KR-M,M,Robe/Jupe,1.0,562.5,546.0,309.38,236.62,43.34
TXN_005628,2022-05-02,Feb-22,THILAS BOMBAY BOUTIQUE SDN BHD,J0096,J0096-KR-L,L,Robe/Jupe,1.0,562.5,546.0,309.38,236.62,43.34
TXN_005627,2022-05-02,Feb-22,THILAS BOMBAY BOUTIQUE SDN BHD,BTM021,BTM021-XXXL,XXXL,Autre,1.0,486.0,471.0,267.3,203.7,43.25
TXN_005626,2022-05-02,Feb-22,THILAS BOMBAY BOUTIQUE SDN BHD,BTM021,BTM021-XXL,XXL,Autre,1.0,486.0,471.0,267.3,203.7,43.25
TXN_005625,2022-05-02,Feb-22,THILAS BOMBAY BOUTIQUE SDN BHD,BTM021,BTM021-XS,XS,Autre,1.0,486.0,471.0,267.3,203.7,43.25
TXN_005624,2022-05-02,Feb-22,THILAS BOMBAY BOUTIQUE SDN BHD,BTM021,BTM021-XL,XL,Autre,1.0,486.0,471.0,267.3,203.7,43.25
TXN_005623,2022-05-02,Feb-22,THILAS BOMBAY BOUTIQUE SDN BHD,BTM021,BTM021-S,S,Autre,1.0,486.0,471.0,267.3,203.7,43.25
TXN_005622,2022-05-02,Feb-22,THILAS BOMBAY BOUTIQUE SDN BHD,BTM021,BTM021-M,M,Autre,1.0,486.0,471.0,267.3,203.7,43.25
TXN_005621,2022-05-02,Feb-22,THILAS BOMBAY BOUTIQUE SDN BHD,BTM021,BTM021-L,L,Autre,1.0,486.0,471.0,267.3,203.7,43.25
TXN_005620,2022-05-02,Feb-22,THILAS BOMBAY BOUTIQUE SDN BHD,BTM008,BTM008-XXXL,XXXL,Autre,1.0,486.0,471.0,267.3,203.7,43.25
TXN_005631,2022-05-02,Feb-22,THILAS BOMBAY BOUTIQUE SDN BHD,J0096,J0096-KR-XXL,XXL,Robe/Jupe,1.0,562.5,546.0,309.38,236.62,43.34
TXN_005592,2022-05-02,Feb-22,ABBI COLLECTION ,JNE3445,JNE3445-KR-L,L,Robe/Jupe,1.0,425.0,425.0,233.75,191.25,45.0
TXN_005591,2022-05-02,Feb-22,ABBI COLLECTION ,JNE3535,JNE3535-KR-XXXL,XXXL,Robe/Jupe,1.0,425.0,425.0,233.75,191.25,45.0
TXN_005677,2022-05-02,Feb-22,THILAS BOMBAY BOUTIQUE SDN BHD,JNE3421,JNE3421-KR-L,L,Robe/Jupe,1.0,411.25,399.0,226.19,172.81,43.31
TXN_005664,2022-05-02,Feb-22,THILAS BOMBAY BOUTIQUE SDN BHD,JNE2170,JNE2170-KR-436-M,M,Robe/Jupe,1.0,562.5,546.0,309.38,236.62,43.34
TXN_005665,2022-05-02,Feb-22,THILAS BOMBAY BOUTIQUE SDN BHD,JNE2170,JNE2170-KR-436-XL,XL,Robe/Jupe,1.0,562.5,546.0,309.38,236.62,43.34
TXN_005666,2022-05-02,Feb-22,THILAS BOMBAY BOUTIQUE SDN BHD,JNE2170,JNE2170-KR-436-XXL,XXL,Robe/Jupe,1.0,562.5,546.0,309.38,236.62,43.34
TXN_005667,2022-05-02,Feb-22,THILAS BOMBAY BOUTIQUE SDN BHD,JNE2170,JNE2170-KR-436-XXXL,XXXL,Robe/Jupe,1.0,562.5,546.0,309.38,236.62,43.34
TXN_005668,2022-05-02,Feb-22,THILAS BOMBAY BOUTIQUE SDN BHD,JNE2266,JNE2266-KR-490-L,L,Robe/Jupe,1.0,557.5,541.0,306.62,234.38,43.32
TXN_005669,2022-05-02,Feb-22,THILAS BOMBAY BOUTIQUE SDN BHD,JNE2266,JNE2266-KR-490-M,M,Robe/Jupe,1.0,557.5,541.0,306.62,234.38,43.32
TXN_005670,2022-05-02,Feb-22,THILAS BOMBAY BOUTIQUE SDN BHD,JNE2266,JNE2266-KR-490-XL,XL,Robe/Jupe,1.0,557.5,541.0,306.62,234.38,43.32
TXN_005671,2022-05-02,Feb-22,THILAS BOMBAY BOUTIQUE SDN BHD,JNE2266,JNE2266-KR-490-XXL,XXL,Robe/Jupe,1.0,557.5,541.0,306.62,234.38,43.32
TXN_005672,2022-05-02,Feb-22,THILAS BOMBAY BOUTIQUE SDN BHD,JNE3384,JNE3384-KR-L,L,Robe/Jupe,1.0,462.5,449.0,254.38,194.62,43.35
TXN_005673,2022-05-02,Feb-22,THILAS BOMBAY BOUTIQUE SDN BHD,JNE3384,JNE3384-KR-M,M,Robe/Jupe,1.0,462.5,449.0,254.38,194.62,43.35
TXN_005674,2022-05-02,Feb-22,THILAS BOMBAY BOUTIQUE SDN BHD,JNE3384,JNE3384-KR-XL,XL,Robe/Jupe,1.0,462.5,449.0,254.38,194.62,43.35
TXN_005675,2022-05-02,Feb-22,THILAS BOMBAY BOUTIQUE SDN BHD,JNE3384,JNE3384-KR-XXL,XXL,Robe/Jupe,1.0,462.5,449.0,254.38,194.62,43.35
TXN_005676,2022-05-02,Feb-22,THILAS BOMBAY BOUTIQUE SDN BHD,JNE3384,JNE3384-KR-XXXL,XXXL,Robe/Jupe,1.0,462.5,449.0,254.38,194.62,43.35
TXN_005678,2022-05-02,Feb-22,THILAS BOMBAY BOUTIQUE SDN BHD,JNE3421,JNE3421-KR-M,M,Robe/Jupe,1.0,411.25,399.0,226.19,172.81,43.31
TXN_005679,2022-05-02,Feb-22,THILAS BOMBAY BOUTIQUE SDN BHD,JNE3421,JNE3421-KR-XL,XL,Robe/Jupe,1.0,411.25,399.0,226.19,172.81,43.31
TXN_005680,2022-05-02,Feb-22,THILAS BOMBAY BOUTIQUE SDN BHD,JNE3421,JNE3421-KR-XXL,XXL,Robe/Jupe,1.0,411.25,399.0,226.19,172.81,43.31
TXN_005681,2022-05-02,Feb-22,THILAS BOMBAY BOUTIQUE SDN BHD,JNE3439,JNE3439-KR-L,L,Robe/Jupe,1.0,390.0,378.0,214.5,163.5,43.25
TXN_005663,2022-05-02,Feb-22,THILAS BOMBAY BOUTIQUE SDN BHD,JNE2170,JNE2170-KR-436-L,L,Robe/Jupe,1.0,562.5,546.0,309.38,236.62,43.34
TXN_005683,2022-05-02,Feb-22,THILAS BOMBAY BOUTIQUE SDN BHD,JNE3439,JNE3439-KR-XL,XL,Robe/Jupe,1.0,390.0,378.0,214.5,163.5,43.25
TXN_005662,2022-05-02,Feb-22,THILAS BOMBAY BOUTIQUE SDN BHD,JNE2100,JNE2100-KR-144-XXXL,XXXL,Robe/Jupe,1.0,477.5,463.0,262.62,200.38,43.28
TXN_005660,2022-05-02,Feb-22,THILAS BOMBAY BOUTIQUE SDN BHD,JNE2100,JNE2100-KR-144-XL,XL,Robe/Jupe,1.0,477.5,463.0,262.62,200.38,43.28
TXN_005643,2022-05-02,Feb-22,THILAS BOMBAY BOUTIQUE SDN BHD,JNE1408,,Free,Robe/Jupe,1.0,503.75,489.0,277.06,211.94,43.34
TXN_005644,2022-05-02,Feb-22,THILAS BOMBAY BOUTIQUE SDN BHD,JNE1408,,Free,Robe/Jupe,1.0,503.75,489.0,277.06,211.94,43.34
TXN_005645,2022-05-02,Feb-22,THILAS BOMBAY BOUTIQUE SDN BHD,JNE1408,,Free,Robe/Jupe,1.0,503.75,489.0,277.06,211.94,43.34
TXN_005646,2022-05-02,Feb-22,THILAS BOMBAY BOUTIQUE SDN BHD,JNE1408,,Free,Robe/Jupe,1.0,503.75,489.0,277.06,211.94,43.34
TXN_005647,2022-05-02,Feb-22,THILAS BOMBAY BOUTIQUE SDN BHD,JNE1408,JNE1408-GREY-KR-UDF19-XXXL,XXXL,Robe/Jupe,1.0,503.75,489.0,277.06,211.94,43.34
TXN_005648,2022-05-02,Feb-22,THILAS BOMBAY BOUTIQUE SDN BHD,JNE2014,JNE2014-KR-178-L,L,Robe/Jupe,1.0,462.5,449.0,254.38,194.62,43.35
TXN_005649,2022-05-02,Feb-22,THILAS BOMBAY BOUTIQUE SDN BHD,JNE2014,JNE2014-KR-178-M,M,Robe/Jupe,1.0,462.5,449.0,254.38,194.62,43.35
TXN_005650,2022-05-02,Feb-22,THILAS BOMBAY BOUTIQUE SDN BHD,JNE2014,JNE2014-KR-178-XL,XL,Robe/Jupe,1.0,462.5,449.0,254.38,194.62,43.35
TXN_005651,2022-05-02,Feb-22,THILAS BOMBAY BOUTIQUE SDN BHD,JNE2014,JNE2014-KR-178-XXL,XXL,Robe/Jupe,1.0,462.5,449.0,254.38,194.62,43.35
TXN_005652,2022-05-02,Feb-22,THILAS BOMBAY BOUTIQUE SDN BHD,JNE2014,JNE2014-KR-178-XXXL,XXXL,Robe/Jupe,1.0,462.5,449.0,254.38,194.62,43.35
TXN_005653,2022-05-02,Feb-22,THILAS BOMBAY BOUTIQUE SDN BHD,JNE2032,JNE2032-KR-205-L,L,Robe/Jupe,1.0,503.75,489.0,277.06,211.94,43.34
TXN_005654,2022-05-02,Feb-22,THILAS BOMBAY BOUTIQUE SDN BHD,JNE2032,JNE2032-KR-205-M,M,Robe/Jupe,1.0,503.75,489.0,277.06,211.94,43.34
TXN_005655,2022-05-02,Feb-22,THILAS BOMBAY BOUTIQUE SDN BHD,JNE2032,JNE2032-KR-205-XL,XL,Robe/Jupe,1.0,503.75,489.0,277.06,211.94,43.34
TXN_005656,2022-05-02,Feb-22,THILAS BOMBAY BOUTIQUE SDN BHD,JNE2032,JNE2032-KR-205-XXL,XXL,Robe/Jupe,1.0,503.75,489.0,277.06,211.94,43.34
TXN_005657,2022-05-02,Feb-22,THILAS BOMBAY BOUTIQUE SDN BHD,JNE2032,JNE2032-KR-205-XXXL,XXXL,Robe/Jupe,1.0,503.75,489.0,277.06,211.94,43.34
TXN_005658,2022-05-02,Feb-22,THILAS BOMBAY BOUTIQUE SDN BHD,JNE2100,JNE2100-KR-144-L,L,Robe/Jupe,1.0,477.5,463.0,262.62,200.38,43.28
TXN_005659,2022-05-02,Feb-22,THILAS BOMBAY BOUTIQUE SDN BHD,JNE2100,JNE2100-KR-144-M,M,Robe/Jupe,1.0,477.5,463.0,262.62,200.38,43.28
TXN_005661,2022-05-02,Feb-22,THILAS BOMBAY BOUTIQUE SDN BHD,JNE2100,JNE2100-KR-144-XXL,XXL,Robe/Jupe,1.0,477.5,463.0,262.62,200.38,43.28
TXN_005684,2022-05-02,Feb-22,THILAS BOMBAY BOUTIQUE SDN BHD,JNE3439,JNE3439-KR-XXL,XXL,Robe/Jupe,1.0,390.0,378.0,214.5,163.5,43.25
TXN_005682,2022-05-02,Feb-22,THILAS BOMBAY BOUTIQUE SDN BHD,JNE3439,JNE3439-KR-M,M,Robe/Jupe,1.0,390.0,378.0,214.5,163.5,43.25
TXN_005686,2022-05-02,Feb-22,THILAS BOMBAY BOUTIQUE SDN BHD,JNE3445,JNE3445-KR-L,L,Robe/Jupe,1.0,425.0,412.0,233.75,178.25,43.26
TXN_005707,2022-05-02,Feb-22,THILAS BOMBAY BOUTIQUE SDN BHD,JNE3555,JNE3555-KR-M,M,Robe/Jupe,1.0,462.5,449.0,254.38,194.62,43.35
TXN_005708,2022-05-02,Feb-22,THILAS BOMBAY BOUTIQUE SDN BHD,JNE3555,JNE3555-KR-XL,XL,Robe/Jupe,1.0,462.5,449.0,254.38,194.62,43.35
TXN_005709,2022-05-02,Feb-22,THILAS BOMBAY BOUTIQUE SDN BHD,JNE3555,JNE3555-KR-XXL,XXL,Robe/Jupe,1.0,462.5,449.0,254.38,194.62,43.35
TXN_005710,2022-05-02,Feb-22,THILAS BOMBAY BOUTIQUE SDN BHD,JNE3555,JNE3555-KR-XXXL,XXXL,Robe/Jupe,1.0,462.5,449.0,254.38,194.62,43.35
TXN_005711,2022-05-02,Feb-22,THILAS BOMBAY BOUTIQUE SDN BHD,JNE3557,JNE3557-KR-L,L,Robe/Jupe,1.0,462.5,449.0,254.38,194.62,43.35
TXN_005712,2022-05-02,Feb-22,THILAS BOMBAY BOUTIQUE SDN BHD,JNE3557,JNE3557-KR-M,M,Robe/Jupe,1.0,462.5,449.0,254.38,194.62,43.35
TXN_005713,2022-05-02,Feb-22,THILAS BOMBAY BOUTIQUE SDN BHD,JNE3557,JNE3557-KR-XL,XL,Robe/Jupe,1.0,462.5,449.0,254.38,194.62,43.35
TXN_005714,2022-05-02,Feb-22,THILAS BOMBAY BOUTIQUE SDN BHD,JNE3557,JNE3557-KR-XXL,XXL,Robe/Jupe,1.0,462.5,449.0,254.38,194.62,43.35
TXN_005715,2022-05-02,Feb-22,THILAS BOMBAY BOUTIQUE SDN BHD,JNE3565,JNE3565-KR-L,L,Robe/Jupe,1.0,462.5,449.0,254.38,194.62,43.35
TXN_005716,2022-05-02,Feb-22,THILAS BOMBAY BOUTIQUE SDN BHD,JNE3565,JNE3565-KR-M,M,Robe/Jupe,1.0,462.5,449.0,254.38,194.62,43.35
TXN_005717,2022-05-02,Feb-22,THILAS BOMBAY BOUTIQUE SDN BHD,JNE3565,JNE3565-KR-XL,XL,Robe/Jupe,1.0,462.5,449.0,254.38,194.62,43.35
TXN_005718,2022-05-02,Feb-22,THILAS BOMBAY BOUTIQUE SDN BHD,JNE3565,JNE3565-KR-XXL,XXL,Robe/Jupe,1.0,462.5,449.0,254.38,194.62,43.35
TXN_005719,2022-05-02,Feb-22,THILAS BOMBAY BOUTIQUE SDN BHD,JNE3565,JNE3565-KR-XXXL,XXXL,Robe/Jupe,1.0,462.5,449.0,254.38,194.62,43.35
TXN_005720,2022-05-02,Feb-22,THILAS BOMBAY BOUTIQUE SDN BHD,JNE3567,JNE3567-KR-L,L,Robe/Jupe,1.0,425.0,412.0,233.75,178.25,43.26
TXN_005721,2022-05-02,Feb-22,THILAS BOMBAY BOUTIQUE SDN BHD,JNE3567,JNE3567-KR-M,M,Robe/Jupe,1.0,425.0,412.0,233.75,178.25,43.26
TXN_005722,2022-05-02,Feb-22,THILAS BOMBAY BOUTIQUE SDN BHD,JNE3567,JNE3567-KR-XL,XL,Robe/Jupe,1.0,425.0,412.0,233.75,178.25,43.26
TXN_005723,2022-05-02,Feb-22,THILAS BOMBAY BOUTIQUE SDN BHD,JNE3567,JNE3567-KR-XXL,XXL,Robe/Jupe,1.0,425.0,412.0,233.75,178.25,43.26
TXN_005724,2022-05-02,Feb-22,THILAS BOMBAY BOUTIQUE SDN BHD,JNE3567,JNE3567-KR-XXXL,XXXL,Robe/Jupe,1.0,425.0,412.0,233.75,178.25,43.26
TXN_005725,2022-05-02,Feb-22,THILAS BOMBAY BOUTIQUE SDN BHD,JNE3576,JNE3576-KR-L,L,Robe/Jupe,1.0,425.0,412.0,233.75,178.25,43.26
TXN_005685,2022-05-02,Feb-22,THILAS BOMBAY BOUTIQUE SDN BHD,JNE3439,JNE3439-KR-XXXL,XXXL,Robe/Jupe,1.0,390.0,378.0,214.5,163.5,43.25
TXN_005705,2022-05-02,Feb-22,THILAS BOMBAY BOUTIQUE SDN BHD,JNE3548,JNE3548-KR-XXXL,XXXL,Robe/Jupe,1.0,462.5,449.0,254.38,194.62,43.35
TXN_005706,2022-05-02,Feb-22,THILAS BOMBAY BOUTIQUE SDN BHD,JNE3555,JNE3555-KR-L,L,Robe/Jupe,1.0,462.5,449.0,254.38,194.62,43.35
TXN_005703,2022-05-02,Feb-22,THILAS BOMBAY BOUTIQUE SDN BHD,JNE3548,JNE3548-KR-XL,XL,Robe/Jupe,1.0,462.5,449.0,254.38,194.62,43.35
TXN_005687,2022-05-02,Feb-22,THILAS BOMBAY BOUTIQUE SDN BHD,JNE3445,JNE3445-KR-M,M,Robe/Jupe,1.0,425.0,412.0,233.75,178.25,43.26
TXN_005688,2022-05-02,Feb-22,THILAS BOMBAY BOUTIQUE SDN BHD,JNE3445,JNE3445-KR-XL,XL,Robe/Jupe,1.0,425.0,412.0,233.75,178.25,43.26
TXN_005689,2022-05-02,Feb-22,THILAS BOMBAY BOUTIQUE SDN BHD,JNE3445,JNE3445-KR-XXL,XXL,Robe/Jupe,1.0,425.0,412.0,233.75,178.25,43.26
TXN_005690,2022-05-02,Feb-22,THILAS BOMBAY BOUTIQUE SDN BHD,JNE3445,JNE3445-KR-XXXL,XXXL,Robe/Jupe,1.0,425.0,412.0,233.75,178.25,43.26
TXN_005691,2022-05-02,Feb-22,THILAS BOMBAY BOUTIQUE SDN BHD,JNE3488,JNE3488-KR-L,L,Robe/Jupe,1.0,425.0,412.0,233.75,178.25,43.26
TXN_005704,2022-05-02,Feb-22,THILAS BOMBAY BOUTIQUE SDN BHD,JNE3548,JNE3548-KR-XXL,XXL,Robe/Jupe,1.0,462.5,449.0,254.38,194.62,43.35
TXN_005693,2022-05-02,Feb-22,THILAS BOMBAY BOUTIQUE SDN BHD,JNE3488,JNE3488-KR-XL,XL,Robe/Jupe,1.0,425.0,412.0,233.75,178.25,43.26
TXN_005694,2022-05-02,Feb-22,THILAS BOMBAY BOUTIQUE SDN BHD,JNE3488,JNE3488-KR-XXL,XXL,Robe/Jupe,1.0,425.0,412.0,233.75,178.25,43.26
TXN_005692,2022-05-02,Feb-22,THILAS BOMBAY BOUTIQUE SDN BHD,JNE3488,JNE3488-KR-M,M,Robe/Jupe,1.0,425.0,412.0,233.75,178.25,43.26
TXN_005696,2022-05-02,Feb-22,THILAS BOMBAY BOUTIQUE SDN BHD,JNE3547,JNE3547-KR-L,L,Robe/Jupe,1.0,462.5,449.0,254.38,194.62,43.35
TXN_005697,2022-05-02,Feb-22,THILAS BOMBAY BOUTIQUE SDN BHD,JNE3547,JNE3547-KR-M,M,Robe/Jupe,1.0,462.5,449.0,254.38,194.62,43.35
TXN_005698,2022-05-02,Feb-22,THILAS BOMBAY BOUTIQUE SDN BHD,JNE3547,JNE3547-KR-XL,XL,Robe/Jupe,1.0,462.5,449.0,254.38,194.62,43.35
TXN_005699,2022-05-02,Feb-22,THILAS BOMBAY BOUTIQUE SDN BHD,JNE3547,JNE3547-KR-XXL,XXL,Robe/Jupe,1.0,462.5,449.0,254.38,194.62,43.35
TXN_005700,2022-05-02,Feb-22,THILAS BOMBAY BOUTIQUE SDN BHD,JNE3547,JNE3547-KR-XXXL,XXXL,Robe/Jupe,1.0,462.5,449.0,254.38,194.62,43.35
TXN_005701,2022-05-02,Feb-22,THILAS BOMBAY BOUTIQUE SDN BHD,JNE3548,JNE3548-KR-L,L,Robe/Jupe,1.0,462.5,449.0,254.38,194.62,43.35
TXN_005702,2022-05-02,Feb-22,THILAS BOMBAY BOUTIQUE SDN BHD,JNE3548,JNE3548-KR-M,M,Robe/Jupe,1.0,462.5,449.0,254.38,194.62,43.35
TXN_005695,2022-05-02,Feb-22,THILAS BOMBAY BOUTIQUE SDN BHD,JNE3488,JNE3488-KR-XXXL,XXXL,Robe/Jupe,1.0,425.0,412.0,233.75,178.25,43.26
TXN_006668,2022-05-03,Mar-22,IBRAHIM MAFTHOOH(JANASYA.IN),JNE3554,JNE3554-KR-L,L,Robe/Jupe,1.0,462.5,439.0,254.38,184.62,42.05
TXN_006667,2022-05-03,Mar-22,IBRAHIM MAFTHOOH(JANASYA.IN),J0373,J0373-KR-M,M,Robe/Jupe,1.0,812.5,772.0,446.88,325.12,42.11
TXN_006663,2022-05-03,Mar-22,HARSINIY KUMARESON,SET251,SET251-KR-PP-XS,XS,Ensemble,1.0,887.5,888.0,488.13,399.87,45.03
TXN_006666,2022-05-03,Mar-22,IBRAHIM MAFTHOOH(JANASYA.IN),J0278,J0278-SET-M,M,Robe/Jupe,1.0,968.75,920.0,532.81,387.19,42.09
TXN_006665,2022-05-03,Mar-22,IBRAHIM MAFTHOOH(JANASYA.IN),J0254,J0254-SKD-XXL,XXL,Robe/Jupe,1.0,1075.0,1021.0,591.25,429.75,42.09
TXN_006664,2022-05-03,Mar-22,IBRAHIM MAFTHOOH(JANASYA.IN),J0254,J0254-SKD-L,L,Robe/Jupe,1.0,1075.0,1021.0,591.25,429.75,42.09
TXN_006662,2022-05-03,Mar-22,HARSINIY KUMARESON,SET172,SET172-KR-PP-L,L,Ensemble,1.0,1312.5,1312.0,721.88,590.12,44.98
TXN_006682,2022-05-03,Mar-22,IBRAHIM MAFTHOOH(JANASYA.IN),JNE3739,JNE3739-KR-XL,XL,Robe/Jupe,1.0,562.5,534.0,309.38,224.62,42.06
TXN_006660,2022-05-03,Mar-22,HARSINIY KUMARESON,SET304,SET304-KR-DPT-S,S,Ensemble,1.0,1350.0,1350.0,742.5,607.5,45.0
TXN_006659,2022-05-03,Mar-22,HARSINIY KUMARESON,SET251,SET251-KR-PP-M,M,Ensemble,1.0,887.5,888.0,488.13,399.87,45.03
TXN_006658,2022-05-03,Mar-22,HARSINIY KUMARESON,SET251,SET251-KR-PP-S,S,Ensemble,1.0,887.5,888.0,488.13,399.87,45.03
TXN_006657,2022-05-03,Mar-22,HARSINIY KUMARESON,SET252,SET252-KR-PP-S.,S,Ensemble,2.0,887.5,1775.0,976.25,798.75,45.0
TXN_006656,2022-05-03,Mar-22,HARSINIY KUMARESON,SET252,SET252-KR-PP-XS.,XS,Ensemble,1.0,887.5,888.0,488.13,399.87,45.03
TXN_006669,2022-05-03,Mar-22,IBRAHIM MAFTHOOH(JANASYA.IN),JNE3556,JNE3556-KR-XL,XL,Robe/Jupe,1.0,462.5,439.0,254.38,184.62,42.05
TXN_006661,2022-05-03,Mar-22,HARSINIY KUMARESON,SET333,SET333-KR-DPT-M,M,Ensemble,1.0,1075.0,1075.0,591.25,483.75,45.0
TXN_006681,2022-05-03,Mar-22,IBRAHIM MAFTHOOH(JANASYA.IN),JNE3739,JNE3739-KR-L,L,Robe/Jupe,1.0,562.5,534.0,309.38,224.62,42.06
TXN_006670,2022-05-03,Mar-22,IBRAHIM MAFTHOOH(JANASYA.IN),JNE3556,JNE3556-KR-XXL,XXL,Robe/Jupe,1.0,462.5,439.0,254.38,184.62,42.05
TXN_006672,2022-05-03,Mar-22,IBRAHIM MAFTHOOH(JANASYA.IN),JNE3563,JNE3563-KR-XL,XL,Robe/Jupe,1.0,593.75,564.0,326.56,237.44,42.1
TXN_006221,2022-05-03,Mar-22,IBRAHIM MAFTHOOH(JANASYA.IN),JNE3739,JNE3739-KR-L,L,Robe/Jupe,1.0,562.5,534.0,309.38,224.62,42.06
TXN_006220,2022-05-03,Mar-22,IBRAHIM MAFTHOOH(JANASYA.IN),JNE3727,JNE3727-KR-M,M,Robe/Jupe,1.0,737.5,701.0,405.63,295.37,42.14
TXN_006219,2022-05-03,Mar-22,IBRAHIM MAFTHOOH(JANASYA.IN),JNE3722,JNE3722-KR-XXL,XXL,Robe/Jupe,1.0,362.5,344.0,199.38,144.62,42.04
TXN_006218,2022-05-03,Mar-22,IBRAHIM MAFTHOOH(JANASYA.IN),JNE3722,JNE3722-KR-XL,XL,Robe/Jupe,1.0,362.5,344.0,199.38,144.62,42.04
TXN_006217,2022-05-03,Mar-22,IBRAHIM MAFTHOOH(JANASYA.IN),JNE3718,JNE3718-KR-XXL,XXL,Robe/Jupe,1.0,525.0,499.0,288.75,210.25,42.13
TXN_006216,2022-05-03,Mar-22,IBRAHIM MAFTHOOH(JANASYA.IN),JNE3718,JNE3718-KR-L,L,Robe/Jupe,1.0,525.0,499.0,288.75,210.25,42.13
TXN_006215,2022-05-03,Mar-22,IBRAHIM MAFTHOOH(JANASYA.IN),JNE3716,JNE3716-KR-L,L,Robe/Jupe,1.0,462.5,439.0,254.38,184.62,42.05
TXN_006214,2022-05-03,Mar-22,IBRAHIM MAFTHOOH(JANASYA.IN),JNE3616,JNE3616-KR-XXL,XXL,Robe/Jupe,1.0,356.25,338.0,195.94,142.06,42.03
TXN_006213,2022-05-03,Mar-22,IBRAHIM MAFTHOOH(JANASYA.IN),JNE3616,JNE3616-KR-L,L,Robe/Jupe,1.0,356.25,338.0,195.94,142.06,42.03
TXN_006212,2022-05-03,Mar-22,IBRAHIM MAFTHOOH(JANASYA.IN),JNE3563,JNE3563-KR-XL,XL,Robe/Jupe,1.0,593.75,564.0,326.56,237.44,42.1
TXN_006211,2022-05-03,Mar-22,IBRAHIM MAFTHOOH(JANASYA.IN),JNE3562,JNE3562-KR-M,M,Robe/Jupe,1.0,593.75,564.0,326.56,237.44,42.1
TXN_006210,2022-05-03,Mar-22,IBRAHIM MAFTHOOH(JANASYA.IN),JNE3556,JNE3556-KR-XXL,XXL,Robe/Jupe,1.0,462.5,439.0,254.38,184.62,42.05
TXN_006209,2022-05-03,Mar-22,IBRAHIM MAFTHOOH(JANASYA.IN),JNE3556,JNE3556-KR-XL,XL,Robe/Jupe,1.0,462.5,439.0,254.38,184.62,42.05
TXN_006208,2022-05-03,Mar-22,IBRAHIM MAFTHOOH(JANASYA.IN),JNE3554,JNE3554-KR-L,L,Robe/Jupe,1.0,462.5,439.0,254.38,184.62,42.05
TXN_006207,2022-05-03,Mar-22,IBRAHIM MAFTHOOH(JANASYA.IN),J0373,J0373-KR-M,M,Robe/Jupe,1.0,812.5,772.0,446.88,325.12,42.11
TXN_006206,2022-05-03,Mar-22,IBRAHIM MAFTHOOH(JANASYA.IN),J0278,J0278-SET-M,M,Robe/Jupe,1.0,968.75,920.0,532.81,387.19,42.09
TXN_006205,2022-05-03,Mar-22,IBRAHIM MAFTHOOH(JANASYA.IN),J0254,J0254-SKD-XXL,XXL,Robe/Jupe,1.0,1075.0,1021.0,591.25,429.75,42.09
TXN_006204,2022-05-03,Mar-22,IBRAHIM MAFTHOOH(JANASYA.IN),J0254,J0254-SKD-L,L,Robe/Jupe,1.0,1075.0,1021.0,591.25,429.75,42.09
TXN_006680,2022-05-03,Mar-22,IBRAHIM MAFTHOOH(JANASYA.IN),JNE3727,JNE3727-KR-M,M,Robe/Jupe,1.0,737.5,701.0,405.63,295.37,42.14
TXN_006202,2022-05-03,Mar-22,HARSINIY KUMARESON,SET172,SET172-KR-PP-L,L,Ensemble,1.0,1312.5,1312.0,721.88,590.12,44.98
TXN_006201,2022-05-03,Mar-22,HARSINIY KUMARESON,SET333,SET333-KR-DPT-M,M,Ensemble,1.0,1075.0,1075.0,591.25,483.75,45.0
TXN_006222,2022-05-03,Mar-22,IBRAHIM MAFTHOOH(JANASYA.IN),JNE3739,JNE3739-KR-XL,XL,Robe/Jupe,1.0,562.5,534.0,309.38,224.62,42.06
TXN_006200,2022-05-03,Mar-22,HARSINIY KUMARESON,SET304,SET304-KR-DPT-S,S,Ensemble,1.0,1350.0,1350.0,742.5,607.5,45.0
TXN_006223,2022-05-03,Mar-22,IBRAHIM MAFTHOOH(JANASYA.IN),JNE3756,JNE3756-KR-XXL,XXL,Robe/Jupe,1.0,587.5,558.0,323.12,234.88,42.09
TXN_006225,2022-05-03,Mar-22,IBRAHIM MAFTHOOH(JANASYA.IN),JNE3780,JNE3780-KR-XL,XL,Robe/Jupe,1.0,562.5,534.0,309.38,224.62,42.06
TXN_006683,2022-05-03,Mar-22,IBRAHIM MAFTHOOH(JANASYA.IN),JNE3756,JNE3756-KR-XXL,XXL,Robe/Jupe,1.0,587.5,558.0,323.12,234.88,42.09
TXN_006684,2022-05-03,Mar-22,IBRAHIM MAFTHOOH(JANASYA.IN),JNE3773,JNE3773-KR-L,L,Robe/Jupe,1.0,306.25,291.0,168.44,122.56,42.12
TXN_006685,2022-05-03,Mar-22,IBRAHIM MAFTHOOH(JANASYA.IN),JNE3780,JNE3780-KR-XL,XL,Robe/Jupe,1.0,562.5,534.0,309.38,224.62,42.06
TXN_006686,2022-05-03,Mar-22,IBRAHIM MAFTHOOH(JANASYA.IN),JNE3790,JNE3790-KR-L,L,Robe/Jupe,1.0,562.5,534.0,309.38,224.62,42.06
TXN_006687,2022-05-03,Mar-22,IBRAHIM MAFTHOOH(JANASYA.IN),JNE3790,JNE3790-KR-XL,XL,Robe/Jupe,1.0,562.5,534.0,309.38,224.62,42.06
TXN_006688,2022-05-03,Mar-22,IBRAHIM MAFTHOOH(JANASYA.IN),SET286,SET286-KR-NP-XL,XL,Ensemble,1.0,687.5,653.0,378.13,274.87,42.09
TXN_006689,2022-05-03,Mar-22,IBRAHIM MAFTHOOH(JANASYA.IN),SET290,SET290-KR-DPT-L,L,Ensemble,1.0,812.5,772.0,446.88,325.12,42.11
TXN_006690,2022-05-03,Mar-22,IBRAHIM MAFTHOOH(JANASYA.IN),SET290,SET290-KR-DPT-XL,XL,Ensemble,1.0,812.5,772.0,446.88,325.12,42.11
TXN_006691,2022-05-03,Mar-22,IBRAHIM MAFTHOOH(JANASYA.IN),SET290,SET290-KR-DPT-XXL,XXL,Ensemble,1.0,812.5,772.0,446.88,325.12,42.11
TXN_006692,2022-05-03,Mar-22,IBRAHIM MAFTHOOH(JANASYA.IN),SET304,SET304-KR-DPT-L,L,Ensemble,1.0,1350.0,1282.0,742.5,539.5,42.08
TXN_006693,2022-05-03,Mar-22,IBRAHIM MAFTHOOH(JANASYA.IN),SET316,SET316-KR-DPT-L,L,Ensemble,1.0,1312.5,1247.0,721.88,525.12,42.11
TXN_006694,2022-05-03,Mar-22,IBRAHIM MAFTHOOH(JANASYA.IN),SET332,SET332-KR-PP-XL,XL,Ensemble,1.0,737.5,701.0,405.63,295.37,42.14
TXN_006234,2022-05-03,Mar-22,IBRAHIM MAFTHOOH(JANASYA.IN),SET332,SET332-KR-PP-XL,XL,Ensemble,1.0,737.5,701.0,405.63,295.37,42.14
TXN_006233,2022-05-03,Mar-22,IBRAHIM MAFTHOOH(JANASYA.IN),SET316,SET316-KR-DPT-L,L,Ensemble,1.0,1312.5,1247.0,721.88,525.12,42.11
TXN_006232,2022-05-03,Mar-22,IBRAHIM MAFTHOOH(JANASYA.IN),SET304,SET304-KR-DPT-L,L,Ensemble,1.0,1350.0,1282.0,742.5,539.5,42.08
TXN_006231,2022-05-03,Mar-22,IBRAHIM MAFTHOOH(JANASYA.IN),SET290,SET290-KR-DPT-XXL,XXL,Ensemble,1.0,812.5,772.0,446.88,325.12,42.11
TXN_006230,2022-05-03,Mar-22,IBRAHIM MAFTHOOH(JANASYA.IN),SET290,SET290-KR-DPT-XL,XL,Ensemble,1.0,812.5,772.0,446.88,325.12,42.11
TXN_006229,2022-05-03,Mar-22,IBRAHIM MAFTHOOH(JANASYA.IN),SET290,SET290-KR-DPT-L,L,Ensemble,1.0,812.5,772.0,446.88,325.12,42.11
TXN_006228,2022-05-03,Mar-22,IBRAHIM MAFTHOOH(JANASYA.IN),SET286,SET286-KR-NP-XL,XL,Ensemble,1.0,687.5,653.0,378.13,274.87,42.09
TXN_006227,2022-05-03,Mar-22,IBRAHIM MAFTHOOH(JANASYA.IN),JNE3790,JNE3790-KR-XL,XL,Robe/Jupe,1.0,562.5,534.0,309.38,224.62,42.06
TXN_006226,2022-05-03,Mar-22,IBRAHIM MAFTHOOH(JANASYA.IN),JNE3790,JNE3790-KR-L,L,Robe/Jupe,1.0,562.5,534.0,309.38,224.62,42.06
TXN_006224,2022-05-03,Mar-22,IBRAHIM MAFTHOOH(JANASYA.IN),JNE3773,JNE3773-KR-L,L,Robe/Jupe,1.0,306.25,291.0,168.44,122.56,42.12
TXN_006671,2022-05-03,Mar-22,IBRAHIM MAFTHOOH(JANASYA.IN),JNE3562,JNE3562-KR-M,M,Robe/Jupe,1.0,593.75,564.0,326.56,237.44,42.1
TXN_006199,2022-05-03,Mar-22,HARSINIY KUMARESON,SET251,SET251-KR-PP-M,M,Ensemble,1.0,887.5,888.0,488.13,399.87,45.03
TXN_006197,2022-05-03,Mar-22,HARSINIY KUMARESON,SET252,SET252-KR-PP-S.,S,Ensemble,2.0,887.5,1775.0,976.25,798.75,45.0
TXN_003756,2022-05-03,Mar-22,IBRAHIM MAFTHOOH(JANASYA.IN),JNE3556,JNE3556-KR-XXL,XXL,Robe/Jupe,1.0,462.5,439.0,254.38,184.62,42.05
TXN_003755,2022-05-03,Mar-22,IBRAHIM MAFTHOOH(JANASYA.IN),JNE3556,JNE3556-KR-XL,XL,Robe/Jupe,1.0,462.5,439.0,254.38,184.62,42.05
TXN_003754,2022-05-03,Mar-22,IBRAHIM MAFTHOOH(JANASYA.IN),JNE3554,JNE3554-KR-L,L,Robe/Jupe,1.0,462.5,439.0,254.38,184.62,42.05
TXN_003753,2022-05-03,Mar-22,IBRAHIM MAFTHOOH(JANASYA.IN),J0373,J0373-KR-M,M,Robe/Jupe,1.0,812.5,772.0,446.88,325.12,42.11
TXN_003752,2022-05-03,Mar-22,IBRAHIM MAFTHOOH(JANASYA.IN),J0278,J0278-SET-M,M,Robe/Jupe,1.0,968.75,920.0,532.81,387.19,42.09
TXN_006679,2022-05-03,Mar-22,IBRAHIM MAFTHOOH(JANASYA.IN),JNE3722,JNE3722-KR-XXL,XXL,Robe/Jupe,1.0,362.5,344.0,199.38,144.62,42.04
TXN_003750,2022-05-03,Mar-22,IBRAHIM MAFTHOOH(JANASYA.IN),J0254,J0254-SKD-L,L,Robe/Jupe,1.0,1075.0,1021.0,591.25,429.75,42.09
TXN_003749,2022-05-03,Mar-22,HARSINIY KUMARESON,SET251,SET251-KR-PP-XS,XS,Ensemble,1.0,887.5,888.0,488.13,399.87,45.03
TXN_003748,2022-05-03,Mar-22,HARSINIY KUMARESON,SET172,SET172-KR-PP-L,L,Ensemble,1.0,1312.5,1312.0,721.88,590.12,44.98
TXN_003747,2022-05-03,Mar-22,HARSINIY KUMARESON,SET333,SET333-KR-DPT-M,M,Ensemble,1.0,1075.0,1075.0,591.25,483.75,45.0
TXN_003746,2022-05-03,Mar-22,HARSINIY KUMARESON,SET304,SET304-KR-DPT-S,S,Ensemble,1.0,1350.0,1350.0,742.5,607.5,45.0
TXN_003745,2022-05-03,Mar-22,HARSINIY KUMARESON,SET251,SET251-KR-PP-M,M,Ensemble,1.0,887.5,888.0,488.13,399.87,45.03
TXN_003744,2022-05-03,Mar-22,HARSINIY KUMARESON,SET251,SET251-KR-PP-S,S,Ensemble,1.0,887.5,888.0,488.13,399.87,45.03
TXN_003743,2022-05-03,Mar-22,HARSINIY KUMARESON,SET252,SET252-KR-PP-S.,S,Ensemble,2.0,887.5,1775.0,976.25,798.75,45.0
TXN_003742,2022-05-03,Mar-22,HARSINIY KUMARESON,SET252,SET252-KR-PP-XS.,XS,Ensemble,1.0,887.5,888.0,488.13,399.87,45.03
TXN_006678,2022-05-03,Mar-22,IBRAHIM MAFTHOOH(JANASYA.IN),JNE3722,JNE3722-KR-XL,XL,Robe/Jupe,1.0,362.5,344.0,199.38,144.62,42.04
TXN_006677,2022-05-03,Mar-22,IBRAHIM MAFTHOOH(JANASYA.IN),JNE3718,JNE3718-KR-XXL,XXL,Robe/Jupe,1.0,525.0,499.0,288.75,210.25,42.13
TXN_006676,2022-05-03,Mar-22,IBRAHIM MAFTHOOH(JANASYA.IN),JNE3718,JNE3718-KR-L,L,Robe/Jupe,1.0,525.0,499.0,288.75,210.25,42.13
TXN_006675,2022-05-03,Mar-22,IBRAHIM MAFTHOOH(JANASYA.IN),JNE3716,JNE3716-KR-L,L,Robe/Jupe,1.0,462.5,439.0,254.38,184.62,42.05
TXN_006674,2022-05-03,Mar-22,IBRAHIM MAFTHOOH(JANASYA.IN),JNE3616,JNE3616-KR-XXL,XXL,Robe/Jupe,1.0,356.25,338.0,195.94,142.06,42.03
TXN_006673,2022-05-03,Mar-22,IBRAHIM MAFTHOOH(JANASYA.IN),JNE3616,JNE3616-KR-L,L,Robe/Jupe,1.0,356.25,338.0,195.94,142.06,42.03
TXN_003757,2022-05-03,Mar-22,IBRAHIM MAFTHOOH(JANASYA.IN),JNE3562,JNE3562-KR-M,M,Robe/Jupe,1.0,593.75,564.0,326.56,237.44,42.1
TXN_006198,2022-05-03,Mar-22,HARSINIY KUMARESON,SET251,SET251-KR-PP-S,S,Ensemble,1.0,887.5,888.0,488.13,399.87,45.03
TXN_003758,2022-05-03,Mar-22,IBRAHIM MAFTHOOH(JANASYA.IN),JNE3563,JNE3563-KR-XL,XL,Robe/Jupe,1.0,593.75,564.0,326.56,237.44,42.1
TXN_003760,2022-05-03,Mar-22,IBRAHIM MAFTHOOH(JANASYA.IN),JNE3616,JNE3616-KR-XXL,XXL,Robe/Jupe,1.0,356.25,338.0,195.94,142.06,42.03
TXN_006196,2022-05-03,Mar-22,HARSINIY KUMARESON,SET252,SET252-KR-PP-XS.,XS,Ensemble,1.0,887.5,888.0,488.13,399.87,45.03
TXN_003780,2022-05-03,Mar-22,IBRAHIM MAFTHOOH(JANASYA.IN),SET332,SET332-KR-PP-XL,XL,Ensemble,1.0,737.5,701.0,405.63,295.37,42.14
TXN_003779,2022-05-03,Mar-22,IBRAHIM MAFTHOOH(JANASYA.IN),SET316,SET316-KR-DPT-L,L,Ensemble,1.0,1312.5,1247.0,721.88,525.12,42.11
TXN_003778,2022-05-03,Mar-22,IBRAHIM MAFTHOOH(JANASYA.IN),SET304,SET304-KR-DPT-L,L,Ensemble,1.0,1350.0,1282.0,742.5,539.5,42.08
TXN_003777,2022-05-03,Mar-22,IBRAHIM MAFTHOOH(JANASYA.IN),SET290,SET290-KR-DPT-XXL,XXL,Ensemble,1.0,812.5,772.0,446.88,325.12,42.11
TXN_003776,2022-05-03,Mar-22,IBRAHIM MAFTHOOH(JANASYA.IN),SET290,SET290-KR-DPT-XL,XL,Ensemble,1.0,812.5,772.0,446.88,325.12,42.11
TXN_003775,2022-05-03,Mar-22,IBRAHIM MAFTHOOH(JANASYA.IN),SET290,SET290-KR-DPT-L,L,Ensemble,1.0,812.5,772.0,446.88,325.12,42.11
TXN_003774,2022-05-03,Mar-22,IBRAHIM MAFTHOOH(JANASYA.IN),SET286,SET286-KR-NP-XL,XL,Ensemble,1.0,687.5,653.0,378.13,274.87,42.09
TXN_003773,2022-05-03,Mar-22,IBRAHIM MAFTHOOH(JANASYA.IN),JNE3790,JNE3790-KR-XL,XL,Robe/Jupe,1.0,562.5,534.0,309.38,224.62,42.06
TXN_003772,2022-05-03,Mar-22,IBRAHIM MAFTHOOH(JANASYA.IN),JNE3790,JNE3790-KR-L,L,Robe/Jupe,1.0,562.5,534.0,309.38,224.62,42.06
TXN_003771,2022-05-03,Mar-22,IBRAHIM MAFTHOOH(JANASYA.IN),JNE3780,JNE3780-KR-XL,XL,Robe/Jupe,1.0,562.5,534.0,309.38,224.62,42.06
TXN_003770,2022-05-03,Mar-22,IBRAHIM MAFTHOOH(JANASYA.IN),JNE3773,JNE3773-KR-L,L,Robe/Jupe,1.0,306.25,291.0,168.44,122.56,42.12
TXN_003769,2022-05-03,Mar-22,IBRAHIM MAFTHOOH(JANASYA.IN),JNE3756,JNE3756-KR-XXL,XXL,Robe/Jupe,1.0,587.5,558.0,323.12,234.88,42.09
TXN_003768,2022-05-03,Mar-22,IBRAHIM MAFTHOOH(JANASYA.IN),JNE3739,JNE3739-KR-XL,XL,Robe/Jupe,1.0,562.5,534.0,309.38,224.62,42.06
TXN_003767,2022-05-03,Mar-22,IBRAHIM MAFTHOOH(JANASYA.IN),JNE3739,JNE3739-KR-L,L,Robe/Jupe,1.0,562.5,534.0,309.38,224.62,42.06
TXN_003766,2022-05-03,Mar-22,IBRAHIM MAFTHOOH(JANASYA.IN),JNE3727,JNE3727-KR-M,M,Robe/Jupe,1.0,737.5,701.0,405.63,295.37,42.14
TXN_003765,2022-05-03,Mar-22,IBRAHIM MAFTHOOH(JANASYA.IN),JNE3722,JNE3722-KR-XXL,XXL,Robe/Jupe,1.0,362.5,344.0,199.38,144.62,42.04
TXN_003764,2022-05-03,Mar-22,IBRAHIM MAFTHOOH(JANASYA.IN),JNE3722,JNE3722-KR-XL,XL,Robe/Jupe,1.0,362.5,344.0,199.38,144.62,42.04
TXN_003763,2022-05-03,Mar-22,IBRAHIM MAFTHOOH(JANASYA.IN),JNE3718,JNE3718-KR-XXL,XXL,Robe/Jupe,1.0,525.0,499.0,288.75,210.25,42.13
TXN_003762,2022-05-03,Mar-22,IBRAHIM MAFTHOOH(JANASYA.IN),JNE3718,JNE3718-KR-L,L,Robe/Jupe,1.0,525.0,499.0,288.75,210.25,42.13
TXN_003761,2022-05-03,Mar-22,IBRAHIM MAFTHOOH(JANASYA.IN),JNE3716,JNE3716-KR-L,L,Robe/Jupe,1.0,462.5,439.0,254.38,184.62,42.05
TXN_003759,2022-05-03,Mar-22,IBRAHIM MAFTHOOH(JANASYA.IN),JNE3616,JNE3616-KR-L,L,Robe/Jupe,1.0,356.25,338.0,195.94,142.06,42.03
TXN_006203,2022-05-03,Mar-22,HARSINIY KUMARESON,SET251,SET251-KR-PP-XS,XS,Ensemble,1.0,887.5,888.0,488.13,399.87,45.03
TXN_003751,2022-05-03,Mar-22,IBRAHIM MAFTHOOH(JANASYA.IN),J0254,J0254-SKD-XXL,XXL,Robe/Jupe,1.0,1075.0,1021.0,591.25,429.75,42.09
TXN_007032,2022-05-04,Apr-22,MULBERRIES BOUTIQUE,JAN8685,,S TO XXL,Autre,5.0,1499.0,7495.0,4122.25,3372.75,45.0
TXN_007160,2022-05-04,Apr-22,MULBERRIES BOUTIQUE,J0355,,L,Robe/Jupe,1.0,650.0,650.0,357.5,292.5,45.0
TXN_007161,2022-05-04,Apr-22,MULBERRIES BOUTIQUE,J0355,,M,Robe/Jupe,1.0,650.0,650.0,357.5,292.5,45.0
TXN_007162,2022-05-04,Apr-22,MULBERRIES BOUTIQUE,J0355,,S,Robe/Jupe,1.0,650.0,650.0,357.5,292.5,45.0
TXN_007163,2022-05-04,Apr-22,MULBERRIES BOUTIQUE,J0355,,XL,Robe/Jupe,1.0,650.0,650.0,357.5,292.5,45.0
TXN_007031,2022-05-04,Apr-22,MULBERRIES BOUTIQUE,JAN8641,,S TO XXL,Autre,5.0,1124.0,5620.0,3091.0,2529.0,45.0
TXN_007165,2022-05-04,Apr-22,MULBERRIES BOUTIQUE,JNE3782,,L,Robe/Jupe,1.0,500.0,500.0,275.0,225.0,45.0
TXN_007166,2022-05-04,Apr-22,MULBERRIES BOUTIQUE,JNE3782,,M,Robe/Jupe,1.0,500.0,500.0,275.0,225.0,45.0
TXN_007167,2022-05-04,Apr-22,MULBERRIES BOUTIQUE,JNE3782,,S,Robe/Jupe,1.0,500.0,500.0,275.0,225.0,45.0
TXN_007159,2022-05-04,Apr-22,MULBERRIES BOUTIQUE,J0354,,XXL,Robe/Jupe,1.0,562.5,562.5,309.38,253.12,45.0
TXN_007168,2022-05-04,Apr-22,MULBERRIES BOUTIQUE,JNE3782,,XL,Robe/Jupe,1.0,500.0,500.0,275.0,225.0,45.0
TXN_007170,2022-05-04,Apr-22,MULBERRIES BOUTIQUE,JNE3782,,XXL,Robe/Jupe,1.0,500.0,500.0,275.0,225.0,45.0
TXN_007171,2022-05-04,Apr-22,MULBERRIES BOUTIQUE,JNE3782,,XXXL,Robe/Jupe,1.0,500.0,500.0,275.0,225.0,45.0
TXN_007172,2022-05-04,Apr-22,MULBERRIES BOUTIQUE,JNE3783,,L,Robe/Jupe,1.0,500.0,500.0,275.0,225.0,45.0
TXN_007173,2022-05-04,Apr-22,MULBERRIES BOUTIQUE,JNE3783,,M,Robe/Jupe,1.0,500.0,500.0,275.0,225.0,45.0
TXN_007174,2022-05-04,Apr-22,MULBERRIES BOUTIQUE,JNE3783,,S,Robe/Jupe,1.0,500.0,500.0,275.0,225.0,45.0
TXN_007175,2022-05-04,Apr-22,MULBERRIES BOUTIQUE,JNE3783,,XL,Robe/Jupe,1.0,500.0,500.0,275.0,225.0,45.0
TXN_007176,2022-05-04,Apr-22,MULBERRIES BOUTIQUE,JNE3783,,XS,Robe/Jupe,1.0,500.0,500.0,275.0,225.0,45.0
TXN_007177,2022-05-04,Apr-22,MULBERRIES BOUTIQUE,JNE3783,,XXL,Robe/Jupe,1.0,500.0,500.0,275.0,225.0,45.0
TXN_007169,2022-05-04,Apr-22,MULBERRIES BOUTIQUE,JNE3782,,XS,Robe/Jupe,1.0,500.0,500.0,275.0,225.0,45.0
TXN_007178,2022-05-04,Apr-22,MULBERRIES BOUTIQUE,JNE3783,,XXXL,Robe/Jupe,1.0,500.0,500.0,275.0,225.0,45.0
TXN_007158,2022-05-04,Apr-22,MULBERRIES BOUTIQUE,J0354,,XL,Robe/Jupe,1.0,562.5,562.5,309.38,253.12,45.0
TXN_007156,2022-05-04,Apr-22,MULBERRIES BOUTIQUE,J0354,,M,Robe/Jupe,1.0,562.5,562.5,309.38,253.12,45.0
TXN_007138,2022-05-04,Apr-22,MULBERRIES BOUTIQUE,J0285,,L,Robe/Jupe,1.0,1775.0,1775.0,976.25,798.75,45.0
TXN_007139,2022-05-04,Apr-22,MULBERRIES BOUTIQUE,J0285,,M,Robe/Jupe,1.0,1775.0,1775.0,976.25,798.75,45.0
TXN_007140,2022-05-04,Apr-22,MULBERRIES BOUTIQUE,J0285,,S,Robe/Jupe,1.0,1775.0,1775.0,976.25,798.75,45.0
TXN_007141,2022-05-04,Apr-22,MULBERRIES BOUTIQUE,J0285,,XL,Robe/Jupe,1.0,1775.0,1775.0,976.25,798.75,45.0
TXN_007142,2022-05-04,Apr-22,MULBERRIES BOUTIQUE,J0285,,XS,Robe/Jupe,1.0,1775.0,1775.0,976.25,798.75,45.0
TXN_007143,2022-05-04,Apr-22,MULBERRIES BOUTIQUE,J0285,,XXL,Robe/Jupe,1.0,1775.0,1775.0,976.25,798.75,45.0
TXN_007144,2022-05-04,Apr-22,MULBERRIES BOUTIQUE,J0285,,XXXL,Robe/Jupe,1.0,1775.0,1775.0,976.25,798.75,45.0
TXN_007145,2022-05-04,Apr-22,MULBERRIES BOUTIQUE,J0352,,L,Robe/Jupe,1.0,650.0,650.0,357.5,292.5,45.0
TXN_007157,2022-05-04,Apr-22,MULBERRIES BOUTIQUE,J0354,,S,Robe/Jupe,1.0,562.5,562.5,309.38,253.12,45.0
TXN_007146,2022-05-04,Apr-22,MULBERRIES BOUTIQUE,J0352,,M,Robe/Jupe,1.0,650.0,650.0,357.5,292.5,45.0
TXN_007148,2022-05-04,Apr-22,MULBERRIES BOUTIQUE,J0352,,XL,Robe/Jupe,1.0,650.0,650.0,357.5,292.5,45.0
TXN_007149,2022-05-04,Apr-22,MULBERRIES BOUTIQUE,J0352,,XXL,Robe/Jupe,1.0,650.0,650.0,357.5,292.5,45.0
TXN_007150,2022-05-04,Apr-22,MULBERRIES BOUTIQUE,J0353,,L,Robe/Jupe,1.0,650.0,650.0,357.5,292.5,45.0
TXN_007151,2022-05-04,Apr-22,MULBERRIES BOUTIQUE,J0353,,M,Robe/Jupe,1.0,650.0,650.0,357.5,292.5,45.0
TXN_007152,2022-05-04,Apr-22,MULBERRIES BOUTIQUE,J0353,,S,Robe/Jupe,1.0,650.0,650.0,357.5,292.5,45.0
TXN_007153,2022-05-04,Apr-22,MULBERRIES BOUTIQUE,J0353,,XL,Robe/Jupe,1.0,650.0,650.0,357.5,292.5,45.0
TXN_007154,2022-05-04,Apr-22,MULBERRIES BOUTIQUE,J0353,,XXL,Robe/Jupe,1.0,650.0,650.0,357.5,292.5,45.0
TXN_007155,2022-05-04,Apr-22,MULBERRIES BOUTIQUE,J0354,,L,Robe/Jupe,1.0,562.5,562.5,309.38,253.12,45.0
TXN_007147,2022-05-04,Apr-22,MULBERRIES BOUTIQUE,J0352,,S,Robe/Jupe,1.0,650.0,650.0,357.5,292.5,45.0
TXN_007137,2022-05-04,Apr-22,MULBERRIES BOUTIQUE,J0281,,XXXL,Robe/Jupe,1.0,1695.0,1695.0,932.25,762.75,45.0
TXN_007179,2022-05-04,Apr-22,MULBERRIES BOUTIQUE,JNE3784,,L,Robe/Jupe,1.0,500.0,500.0,275.0,225.0,45.0
TXN_007181,2022-05-04,Apr-22,MULBERRIES BOUTIQUE,JNE3784,,S,Robe/Jupe,1.0,500.0,500.0,275.0,225.0,45.0
TXN_007204,2022-05-04,Apr-22,MULBERRIES BOUTIQUE,SET282,,XS,Ensemble,1.0,1237.5,1237.5,680.62,556.88,45.0
TXN_007205,2022-05-04,Apr-22,MULBERRIES BOUTIQUE,SET282,,XXL,Ensemble,1.0,1237.5,1237.5,680.62,556.88,45.0
TXN_007206,2022-05-04,Apr-22,MULBERRIES BOUTIQUE,SET282,,XXXL,Ensemble,1.0,1237.5,1237.5,680.62,556.88,45.0
TXN_007207,2022-05-04,Apr-22,MULBERRIES BOUTIQUE,SET297,,L,Ensemble,1.0,812.5,812.5,446.88,365.62,45.0
TXN_007208,2022-05-04,Apr-22,MULBERRIES BOUTIQUE,SET297,,M,Ensemble,1.0,812.5,812.5,446.88,365.62,45.0
TXN_007209,2022-05-04,Apr-22,MULBERRIES BOUTIQUE,SET297,,S,Ensemble,1.0,812.5,812.5,446.88,365.62,45.0
TXN_007210,2022-05-04,Apr-22,MULBERRIES BOUTIQUE,SET297,,XL,Ensemble,1.0,812.5,812.5,446.88,365.62,45.0
TXN_007211,2022-05-04,Apr-22,MULBERRIES BOUTIQUE,SET297,,XS,Ensemble,1.0,812.5,812.5,446.88,365.62,45.0
TXN_007203,2022-05-04,Apr-22,MULBERRIES BOUTIQUE,SET282,,XL,Ensemble,1.0,1237.5,1237.5,680.62,556.88,45.0
TXN_007212,2022-05-04,Apr-22,MULBERRIES BOUTIQUE,SET297,,XXL,Ensemble,1.0,812.5,812.5,446.88,365.62,45.0
TXN_007214,2022-05-04,Apr-22,MULBERRIES BOUTIQUE,SET305,,L,Ensemble,1.0,1037.5,1037.5,570.62,466.88,45.0
TXN_007215,2022-05-04,Apr-22,MULBERRIES BOUTIQUE,SET305,,M,Ensemble,1.0,1037.5,1037.5,570.62,466.88,45.0
TXN_007216,2022-05-04,Apr-22,MULBERRIES BOUTIQUE,SET305,,S,Ensemble,1.0,1037.5,1037.5,570.62,466.88,45.0
TXN_007217,2022-05-04,Apr-22,MULBERRIES BOUTIQUE,SET305,,XL,Ensemble,1.0,1037.5,1037.5,570.62,466.88,45.0
TXN_007218,2022-05-04,Apr-22,MULBERRIES BOUTIQUE,SET305,,XS,Ensemble,1.0,1037.5,1037.5,570.62,466.88,45.0
TXN_007219,2022-05-04,Apr-22,MULBERRIES BOUTIQUE,SET305,,XXL,Ensemble,1.0,1037.5,1037.5,570.62,466.88,45.0
TXN_007220,2022-05-04,Apr-22,MULBERRIES BOUTIQUE,SET305,,XXXL,Ensemble,1.0,1037.5,1037.5,570.62,466.88,45.0
TXN_007221,2022-05-04,Apr-22,MULBERRIES BOUTIQUE,SET316,,L,Ensemble,1.0,1312.5,1312.5,721.88,590.62,45.0
TXN_007213,2022-05-04,Apr-22,MULBERRIES BOUTIQUE,SET297,,XXXL,Ensemble,1.0,812.5,812.5,446.88,365.62,45.0
TXN_007180,2022-05-04,Apr-22,MULBERRIES BOUTIQUE,JNE3784,,M,Robe/Jupe,1.0,500.0,500.0,275.0,225.0,45.0
TXN_007202,2022-05-04,Apr-22,MULBERRIES BOUTIQUE,SET282,,S,Ensemble,1.0,1237.5,1237.5,680.62,556.88,45.0
TXN_007200,2022-05-04,Apr-22,MULBERRIES BOUTIQUE,SET282,,L,Ensemble,1.0,1237.5,1237.5,680.62,556.88,45.0
TXN_007182,2022-05-04,Apr-22,MULBERRIES BOUTIQUE,JNE3784,,XL,Robe/Jupe,1.0,500.0,500.0,275.0,225.0,45.0
TXN_007183,2022-05-04,Apr-22,MULBERRIES BOUTIQUE,JNE3784,,XS,Robe/Jupe,1.0,500.0,500.0,275.0,225.0,45.0
TXN_007184,2022-05-04,Apr-22,MULBERRIES BOUTIQUE,JNE3784,,XXL,Robe/Jupe,1.0,500.0,500.0,275.0,225.0,45.0
TXN_007185,2022-05-04,Apr-22,MULBERRIES BOUTIQUE,JNE3784,,XXXL,Robe/Jupe,1.0,500.0,500.0,275.0,225.0,45.0
TXN_007186,2022-05-04,Apr-22,MULBERRIES BOUTIQUE,JNE3861,,L,Robe/Jupe,1.0,775.0,775.0,426.25,348.75,45.0
TXN_007187,2022-05-04,Apr-22,MULBERRIES BOUTIQUE,JNE3861,,M,Robe/Jupe,1.0,775.0,775.0,426.25,348.75,45.0
TXN_007188,2022-05-04,Apr-22,MULBERRIES BOUTIQUE,JNE3861,,S,Robe/Jupe,1.0,775.0,775.0,426.25,348.75,45.0
TXN_007189,2022-05-04,Apr-22,MULBERRIES BOUTIQUE,JNE3861,,XL,Robe/Jupe,1.0,775.0,775.0,426.25,348.75,45.0
TXN_007201,2022-05-04,Apr-22,MULBERRIES BOUTIQUE,SET282,,M,Ensemble,1.0,1237.5,1237.5,680.62,556.88,45.0
TXN_007190,2022-05-04,Apr-22,MULBERRIES BOUTIQUE,JNE3861,,XS,Robe/Jupe,1.0,775.0,775.0,426.25,348.75,45.0
TXN_007192,2022-05-04,Apr-22,MULBERRIES BOUTIQUE,JNE3861,,XXXL,Robe/Jupe,1.0,775.0,775.0,426.25,348.75,45.0
TXN_007193,2022-05-04,Apr-22,MULBERRIES BOUTIQUE,SET278,,L,Ensemble,1.0,1775.0,1775.0,976.25,798.75,45.0
TXN_007194,2022-05-04,Apr-22,MULBERRIES BOUTIQUE,SET278,,M,Ensemble,1.0,1775.0,1775.0,976.25,798.75,45.0
TXN_007195,2022-05-04,Apr-22,MULBERRIES BOUTIQUE,SET278,,S,Ensemble,1.0,1775.0,1775.0,976.25,798.75,45.0
TXN_007196,2022-05-04,Apr-22,MULBERRIES BOUTIQUE,SET278,,XL,Ensemble,1.0,1775.0,1775.0,976.25,798.75,45.0
TXN_007197,2022-05-04,Apr-22,MULBERRIES BOUTIQUE,SET278,,XS,Ensemble,1.0,1775.0,1775.0,976.25,798.75,45.0
TXN_007198,2022-05-04,Apr-22,MULBERRIES BOUTIQUE,SET278,,XXL,Ensemble,1.0,1775.0,1775.0,976.25,798.75,45.0
TXN_007199,2022-05-04,Apr-22,MULBERRIES BOUTIQUE,SET278,,XXXL,Ensemble,1.0,1775.0,1775.0,976.25,798.75,45.0
TXN_007191,2022-05-04,Apr-22,MULBERRIES BOUTIQUE,JNE3861,,XXL,Robe/Jupe,1.0,775.0,775.0,426.25,348.75,45.0
TXN_007136,2022-05-04,Apr-22,MULBERRIES BOUTIQUE,J0281,,XXL,Robe/Jupe,1.0,1695.0,1695.0,932.25,762.75,45.0
TXN_007135,2022-05-04,Apr-22,MULBERRIES BOUTIQUE,J0281,,XS,Robe/Jupe,1.0,1695.0,1695.0,932.25,762.75,45.0
TXN_007134,2022-05-04,Apr-22,MULBERRIES BOUTIQUE,J0281,,XL,Robe/Jupe,1.0,1695.0,1695.0,932.25,762.75,45.0
TXN_007071,2022-05-04,Apr-22,MULBERRIES BOUTIQUE,J0013,,M,Robe/Jupe,1.0,1200.0,1200.0,660.0,540.0,45.0
TXN_007072,2022-05-04,Apr-22,MULBERRIES BOUTIQUE,J0013,,S,Robe/Jupe,1.0,1200.0,1200.0,660.0,540.0,45.0
TXN_007073,2022-05-04,Apr-22,MULBERRIES BOUTIQUE,J0013,,XL,Robe/Jupe,1.0,1200.0,1200.0,660.0,540.0,45.0
TXN_007074,2022-05-04,Apr-22,MULBERRIES BOUTIQUE,J0013,,XS,Robe/Jupe,1.0,1200.0,1200.0,660.0,540.0,45.0
TXN_007075,2022-05-04,Apr-22,MULBERRIES BOUTIQUE,J0013,,XXL,Robe/Jupe,1.0,1200.0,1200.0,660.0,540.0,45.0
TXN_007076,2022-05-04,Apr-22,MULBERRIES BOUTIQUE,J0013,,XXXL,Robe/Jupe,1.0,1200.0,1200.0,660.0,540.0,45.0
TXN_007077,2022-05-04,Apr-22,MULBERRIES BOUTIQUE,J0014,,L,Robe/Jupe,1.0,1312.5,1312.5,721.88,590.62,45.0
TXN_007078,2022-05-04,Apr-22,MULBERRIES BOUTIQUE,J0014,,M,Robe/Jupe,1.0,1312.5,1312.5,721.88,590.62,45.0
TXN_007070,2022-05-04,Apr-22,MULBERRIES BOUTIQUE,J0013,,L,Robe/Jupe,1.0,1200.0,1200.0,660.0,540.0,45.0
TXN_007079,2022-05-04,Apr-22,MULBERRIES BOUTIQUE,J0014,,S,Robe/Jupe,1.0,1312.5,1312.5,721.88,590.62,45.0
TXN_007081,2022-05-04,Apr-22,MULBERRIES BOUTIQUE,J0014,,XS,Robe/Jupe,1.0,1312.5,1312.5,721.88,590.62,45.0
TXN_007082,2022-05-04,Apr-22,MULBERRIES BOUTIQUE,J0014,,XXL,Robe/Jupe,1.0,1312.5,1312.5,721.88,590.62,45.0
TXN_007083,2022-05-04,Apr-22,MULBERRIES BOUTIQUE,J0014,,XXXL,Robe/Jupe,1.0,1312.5,1312.5,721.88,590.62,45.0
TXN_007084,2022-05-04,Apr-22,MULBERRIES BOUTIQUE,J0216,,L,Robe/Jupe,1.0,562.5,562.5,309.38,253.12,45.0
TXN_007085,2022-05-04,Apr-22,MULBERRIES BOUTIQUE,J0216,,M,Robe/Jupe,1.0,562.5,562.5,309.38,253.12,45.0
TXN_007086,2022-05-04,Apr-22,MULBERRIES BOUTIQUE,J0216,,S,Robe/Jupe,1.0,562.5,562.5,309.38,253.12,45.0
TXN_007087,2022-05-04,Apr-22,MULBERRIES BOUTIQUE,J0216,,XL,Robe/Jupe,1.0,562.5,562.5,309.38,253.12,45.0
TXN_007088,2022-05-04,Apr-22,MULBERRIES BOUTIQUE,J0216,,XXL,Robe/Jupe,1.0,562.5,562.5,309.38,253.12,45.0
TXN_007080,2022-05-04,Apr-22,MULBERRIES BOUTIQUE,J0014,,XL,Robe/Jupe,1.0,1312.5,1312.5,721.88,590.62,45.0
TXN_007089,2022-05-04,Apr-22,MULBERRIES BOUTIQUE,J0224,,L,Robe/Jupe,1.0,1862.5,1862.5,1024.38,838.12,45.0
TXN_007069,2022-05-04,Apr-22,MULBERRIES BOUTIQUE,J0012,,XXXL,Robe/Jupe,2.0,1387.5,2775.0,1526.25,1248.75,45.0
TXN_007067,2022-05-04,Apr-22,MULBERRIES BOUTIQUE,J0012,,XS,Robe/Jupe,2.0,1387.5,2775.0,1526.25,1248.75,45.0
TXN_007057,2022-05-04,Apr-22,MULBERRIES BOUTIQUE,J0011,,M,Robe/Jupe,1.0,1350.0,1350.0,742.5,607.5,45.0
TXN_007056,2022-05-04,Apr-22,MULBERRIES BOUTIQUE,J0011,,L,Robe/Jupe,1.0,1350.0,1350.0,742.5,607.5,45.0
TXN_007055,2022-05-04,Apr-22,MULBERRIES BOUTIQUE,J0010,,XXXL,Robe/Jupe,1.0,1075.0,1075.0,591.25,483.75,45.0
TXN_007054,2022-05-04,Apr-22,MULBERRIES BOUTIQUE,J0010,,XXL,Robe/Jupe,1.0,1075.0,1075.0,591.25,483.75,45.0
TXN_007053,2022-05-04,Apr-22,MULBERRIES BOUTIQUE,J0010,,XS,Robe/Jupe,1.0,1075.0,1075.0,591.25,483.75,45.0
TXN_007052,2022-05-04,Apr-22,MULBERRIES BOUTIQUE,J0010,,XL,Robe/Jupe,1.0,1075.0,1075.0,591.25,483.75,45.0
TXN_007051,2022-05-04,Apr-22,MULBERRIES BOUTIQUE,J0010,,S,Robe/Jupe,1.0,1075.0,1075.0,591.25,483.75,45.0
TXN_007050,2022-05-04,Apr-22,MULBERRIES BOUTIQUE,J0010,,M,Robe/Jupe,1.0,1075.0,1075.0,591.25,483.75,45.0
TXN_007068,2022-05-04,Apr-22,MULBERRIES BOUTIQUE,J0012,,XXL,Robe/Jupe,2.0,1387.5,2775.0,1526.25,1248.75,45.0
TXN_007049,2022-05-04,Apr-22,MULBERRIES BOUTIQUE,J0010,,L,Robe/Jupe,1.0,1075.0,1075.0,591.25,483.75,45.0
TXN_007059,2022-05-04,Apr-22,MULBERRIES BOUTIQUE,J0011,,XL,Robe/Jupe,1.0,1350.0,1350.0,742.5,607.5,45.0
TXN_007060,2022-05-04,Apr-22,MULBERRIES BOUTIQUE,J0011,,XS,Robe/Jupe,1.0,1350.0,1350.0,742.5,607.5,45.0
TXN_007061,2022-05-04,Apr-22,MULBERRIES BOUTIQUE,J0011,,XXL,Robe/Jupe,1.0,1350.0,1350.0,742.5,607.5,45.0
TXN_007062,2022-05-04,Apr-22,MULBERRIES BOUTIQUE,J0011,,XXXL,Robe/Jupe,1.0,1350.0,1350.0,742.5,607.5,45.0
TXN_007063,2022-05-04,Apr-22,MULBERRIES BOUTIQUE,J0012,,L,Robe/Jupe,2.0,1387.5,2775.0,1526.25,1248.75,45.0
TXN_007064,2022-05-04,Apr-22,MULBERRIES BOUTIQUE,J0012,,M,Robe/Jupe,2.0,1387.5,2775.0,1526.25,1248.75,45.0
TXN_007065,2022-05-04,Apr-22,MULBERRIES BOUTIQUE,J0012,,S,Robe/Jupe,2.0,1387.5,2775.0,1526.25,1248.75,45.0
TXN_007066,2022-05-04,Apr-22,MULBERRIES BOUTIQUE,J0012,,XL,Robe/Jupe,2.0,1387.5,2775.0,1526.25,1248.75,45.0
TXN_007058,2022-05-04,Apr-22,MULBERRIES BOUTIQUE,J0011,,S,Robe/Jupe,1.0,1350.0,1350.0,742.5,607.5,45.0
TXN_007090,2022-05-04,Apr-22,MULBERRIES BOUTIQUE,J0224,,M,Robe/Jupe,1.0,1862.5,1862.5,1024.38,838.12,45.0
TXN_007091,2022-05-04,Apr-22,MULBERRIES BOUTIQUE,J0224,,S,Robe/Jupe,1.0,1862.5,1862.5,1024.38,838.12,45.0
TXN_007092,2022-05-04,Apr-22,MULBERRIES BOUTIQUE,J0224,,XL,Robe/Jupe,1.0,1862.5,1862.5,1024.38,838.12,45.0
TXN_007116,2022-05-04,Apr-22,MULBERRIES BOUTIQUE,J0254,,XXXL,Robe/Jupe,1.0,1075.0,1075.0,591.25,483.75,45.0
TXN_007117,2022-05-04,Apr-22,MULBERRIES BOUTIQUE,J0277,,L,Robe/Jupe,1.0,1812.5,1812.5,996.88,815.62,45.0
TXN_007118,2022-05-04,Apr-22,MULBERRIES BOUTIQUE,J0277,,M,Robe/Jupe,1.0,1812.5,1812.5,996.88,815.62,45.0
TXN_007119,2022-05-04,Apr-22,MULBERRIES BOUTIQUE,J0277,,S,Robe/Jupe,1.0,1812.5,1812.5,996.88,815.62,45.0
TXN_007120,2022-05-04,Apr-22,MULBERRIES BOUTIQUE,J0277,,XL,Robe/Jupe,1.0,1812.5,1812.5,996.88,815.62,45.0
TXN_007121,2022-05-04,Apr-22,MULBERRIES BOUTIQUE,J0277,,XS,Robe/Jupe,1.0,1812.5,1812.5,996.88,815.62,45.0
TXN_007122,2022-05-04,Apr-22,MULBERRIES BOUTIQUE,J0277,,XXL,Robe/Jupe,1.0,1812.5,1812.5,996.88,815.62,45.0
TXN_007123,2022-05-04,Apr-22,MULBERRIES BOUTIQUE,J0277,,XXXL,Robe/Jupe,1.0,1812.5,1812.5,996.88,815.62,45.0
TXN_007115,2022-05-04,Apr-22,MULBERRIES BOUTIQUE,J0254,,XXL,Robe/Jupe,1.0,1075.0,1075.0,591.25,483.75,45.0
TXN_007124,2022-05-04,Apr-22,MULBERRIES BOUTIQUE,J0280,,L,Robe/Jupe,1.0,1795.0,1795.0,987.25,807.75,45.0
TXN_007126,2022-05-04,Apr-22,MULBERRIES BOUTIQUE,J0280,,S,Robe/Jupe,1.0,1795.0,1795.0,987.25,807.75,45.0
TXN_007127,2022-05-04,Apr-22,MULBERRIES BOUTIQUE,J0280,,XL,Robe/Jupe,1.0,1795.0,1795.0,987.25,807.75,45.0
TXN_007128,2022-05-04,Apr-22,MULBERRIES BOUTIQUE,J0280,,XS,Robe/Jupe,1.0,1795.0,1795.0,987.25,807.75,45.0
TXN_007129,2022-05-04,Apr-22,MULBERRIES BOUTIQUE,J0280,,XXL,Robe/Jupe,1.0,1795.0,1795.0,987.25,807.75,45.0
TXN_007130,2022-05-04,Apr-22,MULBERRIES BOUTIQUE,J0280,,XXXL,Robe/Jupe,1.0,1795.0,1795.0,987.25,807.75,45.0
TXN_007131,2022-05-04,Apr-22,MULBERRIES BOUTIQUE,J0281,,L,Robe/Jupe,1.0,1695.0,1695.0,932.25,762.75,45.0
TXN_007132,2022-05-04,Apr-22,MULBERRIES BOUTIQUE,J0281,,M,Robe/Jupe,1.0,1695.0,1695.0,932.25,762.75,45.0
TXN_007133,2022-05-04,Apr-22,MULBERRIES BOUTIQUE,J0281,,S,Robe/Jupe,1.0,1695.0,1695.0,932.25,762.75,45.0
TXN_007125,2022-05-04,Apr-22,MULBERRIES BOUTIQUE,J0280,,M,Robe/Jupe,1.0,1795.0,1795.0,987.25,807.75,45.0
TXN_007114,2022-05-04,Apr-22,MULBERRIES BOUTIQUE,J0254,,XS,Robe/Jupe,1.0,1075.0,1075.0,591.25,483.75,45.0
TXN_007113,2022-05-04,Apr-22,MULBERRIES BOUTIQUE,J0254,,XL,Robe/Jupe,1.0,1075.0,1075.0,591.25,483.75,45.0
TXN_007112,2022-05-04,Apr-22,MULBERRIES BOUTIQUE,J0254,,S,Robe/Jupe,1.0,1075.0,1075.0,591.25,483.75,45.0
TXN_007093,2022-05-04,Apr-22,MULBERRIES BOUTIQUE,J0224,,XS,Robe/Jupe,1.0,1862.5,1862.5,1024.38,838.12,45.0
TXN_007094,2022-05-04,Apr-22,MULBERRIES BOUTIQUE,J0224,,XXL,Robe/Jupe,1.0,1862.5,1862.5,1024.38,838.12,45.0
TXN_007095,2022-05-04,Apr-22,MULBERRIES BOUTIQUE,J0224,,XXXL,Robe/Jupe,1.0,1862.5,1862.5,1024.38,838.12,45.0
TXN_007096,2022-05-04,Apr-22,MULBERRIES BOUTIQUE,J0228,,L,Robe/Jupe,1.0,2087.5,2087.5,1148.12,939.38,45.0
TXN_007097,2022-05-04,Apr-22,MULBERRIES BOUTIQUE,J0228,,M,Robe/Jupe,1.0,2087.5,2087.5,1148.12,939.38,45.0
TXN_007098,2022-05-04,Apr-22,MULBERRIES BOUTIQUE,J0228,,S,Robe/Jupe,1.0,2087.5,2087.5,1148.12,939.38,45.0
TXN_007099,2022-05-04,Apr-22,MULBERRIES BOUTIQUE,J0228,,XL,Robe/Jupe,1.0,2087.5,2087.5,1148.12,939.38,45.0
TXN_007100,2022-05-04,Apr-22,MULBERRIES BOUTIQUE,J0228,,XS,Robe/Jupe,1.0,2087.5,2087.5,1148.12,939.38,45.0
TXN_007101,2022-05-04,Apr-22,MULBERRIES BOUTIQUE,J0228,,XXL,Robe/Jupe,1.0,2087.5,2087.5,1148.12,939.38,45.0
TXN_007102,2022-05-04,Apr-22,MULBERRIES BOUTIQUE,J0228,,XXXL,Robe/Jupe,1.0,2087.5,2087.5,1148.12,939.38,45.0
TXN_007103,2022-05-04,Apr-22,MULBERRIES BOUTIQUE,J0238,,L,Robe/Jupe,1.0,1900.0,1900.0,1045.0,855.0,45.0
TXN_007104,2022-05-04,Apr-22,MULBERRIES BOUTIQUE,J0238,,M,Robe/Jupe,1.0,1900.0,1900.0,1045.0,855.0,45.0
TXN_007105,2022-05-04,Apr-22,MULBERRIES BOUTIQUE,J0238,,S,Robe/Jupe,1.0,1900.0,1900.0,1045.0,855.0,45.0
TXN_007106,2022-05-04,Apr-22,MULBERRIES BOUTIQUE,J0238,,XL,Robe/Jupe,1.0,1900.0,1900.0,1045.0,855.0,45.0
TXN_007107,2022-05-04,Apr-22,MULBERRIES BOUTIQUE,J0238,,XS,Robe/Jupe,1.0,1900.0,1900.0,1045.0,855.0,45.0
TXN_007108,2022-05-04,Apr-22,MULBERRIES BOUTIQUE,J0238,,XXL,Robe/Jupe,1.0,1900.0,1900.0,1045.0,855.0,45.0
TXN_007109,2022-05-04,Apr-22,MULBERRIES BOUTIQUE,J0238,,XXXL,Robe/Jupe,1.0,1900.0,1900.0,1045.0,855.0,45.0
TXN_007110,2022-05-04,Apr-22,MULBERRIES BOUTIQUE,J0254,,L,Robe/Jupe,1.0,1075.0,1075.0,591.25,483.75,45.0
TXN_007111,2022-05-04,Apr-22,MULBERRIES BOUTIQUE,J0254,,M,Robe/Jupe,1.0,1075.0,1075.0,591.25,483.75,45.0
TXN_007048,2022-05-04,Apr-22,MULBERRIES BOUTIQUE,J0004,,XXXL,Robe/Jupe,1.0,1350.0,1350.0,742.5,607.5,45.0
TXN_007047,2022-05-04,Apr-22,MULBERRIES BOUTIQUE,J0004,,XXL,Robe/Jupe,1.0,1350.0,1350.0,742.5,607.5,45.0
TXN_007164,2022-05-04,Apr-22,MULBERRIES BOUTIQUE,J0355,,XXL,Robe/Jupe,1.0,650.0,650.0,357.5,292.5,45.0
TXN_007035,2022-05-04,Apr-22,MULBERRIES BOUTIQUE,J0003,,L,Robe/Jupe,1.0,738.0,738.0,405.9,332.1,45.0
TXN_007268,2022-05-04,Apr-22,MULBERRIES BOUTIQUE,SET350,,XXL,Ensemble,2.0,1512.5,3025.0,1663.75,1361.25,45.0
TXN_007269,2022-05-04,Apr-22,MULBERRIES BOUTIQUE,SET350,,XXXL,Ensemble,2.0,1512.5,3025.0,1663.75,1361.25,45.0
TXN_007270,2022-05-04,Apr-22,MULBERRIES BOUTIQUE,SET355,,L,Ensemble,1.0,1625.0,1625.0,893.75,731.25,45.0
TXN_007271,2022-05-04,Apr-22,MULBERRIES BOUTIQUE,SET355,,M,Ensemble,1.0,1625.0,1625.0,893.75,731.25,45.0
TXN_007272,2022-05-04,Apr-22,MULBERRIES BOUTIQUE,SET355,,S,Ensemble,1.0,1625.0,1625.0,893.75,731.25,45.0
TXN_007273,2022-05-04,Apr-22,MULBERRIES BOUTIQUE,SET355,,XL,Ensemble,1.0,1625.0,1625.0,893.75,731.25,45.0
TXN_007274,2022-05-04,Apr-22,MULBERRIES BOUTIQUE,SET355,,XS,Ensemble,1.0,1625.0,1625.0,893.75,731.25,45.0
TXN_007275,2022-05-04,Apr-22,MULBERRIES BOUTIQUE,SET355,,XXL,Ensemble,1.0,1625.0,1625.0,893.75,731.25,45.0
TXN_007276,2022-05-04,Apr-22,MULBERRIES BOUTIQUE,SET355,,XXXL,Ensemble,1.0,1625.0,1625.0,893.75,731.25,45.0
TXN_007277,2022-05-04,Apr-22,MULBERRIES BOUTIQUE,SET359,,L,Ensemble,1.0,1200.0,1200.0,660.0,540.0,45.0
TXN_007278,2022-05-04,Apr-22,MULBERRIES BOUTIQUE,SET359,,M,Ensemble,1.0,1200.0,1200.0,660.0,540.0,45.0
TXN_007279,2022-05-04,Apr-22,MULBERRIES BOUTIQUE,SET359,,S,Ensemble,1.0,1200.0,1200.0,660.0,540.0,45.0
TXN_007280,2022-05-04,Apr-22,MULBERRIES BOUTIQUE,SET359,,XL,Ensemble,1.0,1200.0,1200.0,660.0,540.0,45.0
TXN_007281,2022-05-04,Apr-22,MULBERRIES BOUTIQUE,SET359,,XS,Ensemble,1.0,1200.0,1200.0,660.0,540.0,45.0
TXN_007282,2022-05-04,Apr-22,MULBERRIES BOUTIQUE,SET359,,XXL,Ensemble,1.0,1200.0,1200.0,660.0,540.0,45.0
TXN_007036,2022-05-04,Apr-22,MULBERRIES BOUTIQUE,J0003,,M,Robe/Jupe,1.0,738.0,738.0,405.9,332.1,45.0
TXN_007037,2022-05-04,Apr-22,MULBERRIES BOUTIQUE,J0003,,S,Robe/Jupe,1.0,738.0,738.0,405.9,332.1,45.0
TXN_007038,2022-05-04,Apr-22,MULBERRIES BOUTIQUE,J0003,,XL,Robe/Jupe,1.0,738.0,738.0,405.9,332.1,45.0
TXN_007039,2022-05-04,Apr-22,MULBERRIES BOUTIQUE,J0003,,XS,Robe/Jupe,1.0,738.0,738.0,405.9,332.1,45.0
TXN_007040,2022-05-04,Apr-22,MULBERRIES BOUTIQUE,J0003,,XXL,Robe/Jupe,1.0,738.0,738.0,405.9,332.1,45.0
TXN_007041,2022-05-04,Apr-22,MULBERRIES BOUTIQUE,J0003,,XXXL,Robe/Jupe,1.0,738.0,738.0,405.9,332.1,45.0
TXN_007042,2022-05-04,Apr-22,MULBERRIES BOUTIQUE,J0004,,L,Robe/Jupe,1.0,1350.0,1350.0,742.5,607.5,45.0
TXN_007043,2022-05-04,Apr-22,MULBERRIES BOUTIQUE,J0004,,M,Robe/Jupe,1.0,1350.0,1350.0,742.5,607.5,45.0
TXN_007267,2022-05-04,Apr-22,MULBERRIES BOUTIQUE,SET350,,XS,Ensemble,2.0,1512.5,3025.0,1663.75,1361.25,45.0
TXN_007266,2022-05-04,Apr-22,MULBERRIES BOUTIQUE,SET350,,XL,Ensemble,2.0,1512.5,3025.0,1663.75,1361.25,45.0
TXN_007265,2022-05-04,Apr-22,MULBERRIES BOUTIQUE,SET350,,S,Ensemble,2.0,1512.5,3025.0,1663.75,1361.25,45.0
TXN_007264,2022-05-04,Apr-22,MULBERRIES BOUTIQUE,SET350,,M,Ensemble,2.0,1512.5,3025.0,1663.75,1361.25,45.0
TXN_007242,2022-05-04,Apr-22,MULBERRIES BOUTIQUE,SET321,,L,Ensemble,1.0,1037.5,1037.5,570.62,466.88,45.0
TXN_007241,2022-05-04,Apr-22,MULBERRIES BOUTIQUE,SET320,,XXXL,Ensemble,1.0,1000.0,1000.0,550.0,450.0,45.0
TXN_007240,2022-05-04,Apr-22,MULBERRIES BOUTIQUE,SET320,,XXL,Ensemble,1.0,1000.0,1000.0,550.0,450.0,45.0
TXN_007239,2022-05-04,Apr-22,MULBERRIES BOUTIQUE,SET320,,XS,Ensemble,1.0,1000.0,1000.0,550.0,450.0,45.0
TXN_007244,2022-05-04,Apr-22,MULBERRIES BOUTIQUE,SET321,,S,Ensemble,1.0,1037.5,1037.5,570.62,466.88,45.0
TXN_007245,2022-05-04,Apr-22,MULBERRIES BOUTIQUE,SET321,,XL,Ensemble,1.0,1037.5,1037.5,570.62,466.88,45.0
TXN_007246,2022-05-04,Apr-22,MULBERRIES BOUTIQUE,SET321,,XS,Ensemble,1.0,1037.5,1037.5,570.62,466.88,45.0
TXN_007247,2022-05-04,Apr-22,MULBERRIES BOUTIQUE,SET321,,XXL,Ensemble,1.0,1037.5,1037.5,570.62,466.88,45.0
TXN_007248,2022-05-04,Apr-22,MULBERRIES BOUTIQUE,SET321,,XXXL,Ensemble,1.0,1037.5,1037.5,570.62,466.88,45.0
TXN_007249,2022-05-04,Apr-22,MULBERRIES BOUTIQUE,SET327,,L,Ensemble,1.0,1000.0,1000.0,550.0,450.0,45.0
TXN_007250,2022-05-04,Apr-22,MULBERRIES BOUTIQUE,SET327,,M,Ensemble,1.0,1000.0,1000.0,550.0,450.0,45.0
TXN_007044,2022-05-04,Apr-22,MULBERRIES BOUTIQUE,J0004,,S,Robe/Jupe,1.0,1350.0,1350.0,742.5,607.5,45.0
TXN_007251,2022-05-04,Apr-22,MULBERRIES BOUTIQUE,SET327,,S,Ensemble,1.0,1000.0,1000.0,550.0,450.0,45.0
TXN_007253,2022-05-04,Apr-22,MULBERRIES BOUTIQUE,SET327,,XS,Ensemble,1.0,1000.0,1000.0,550.0,450.0,45.0
TXN_007254,2022-05-04,Apr-22,MULBERRIES BOUTIQUE,SET327,,XXL,Ensemble,1.0,1000.0,1000.0,550.0,450.0,45.0
TXN_007255,2022-05-04,Apr-22,MULBERRIES BOUTIQUE,SET327,,XXXL,Ensemble,1.0,1000.0,1000.0,550.0,450.0,45.0
TXN_007256,2022-05-04,Apr-22,MULBERRIES BOUTIQUE,SET333,,L,Ensemble,1.0,1075.0,1075.0,591.25,483.75,45.0
TXN_007257,2022-05-04,Apr-22,MULBERRIES BOUTIQUE,SET333,,M,Ensemble,1.0,1075.0,1075.0,591.25,483.75,45.0
TXN_007258,2022-05-04,Apr-22,MULBERRIES BOUTIQUE,SET333,,S,Ensemble,1.0,1075.0,1075.0,591.25,483.75,45.0
TXN_007259,2022-05-04,Apr-22,MULBERRIES BOUTIQUE,SET333,,XL,Ensemble,1.0,1075.0,1075.0,591.25,483.75,45.0
TXN_007260,2022-05-04,Apr-22,MULBERRIES BOUTIQUE,SET333,,XS,Ensemble,1.0,1075.0,1075.0,591.25,483.75,45.0
TXN_007261,2022-05-04,Apr-22,MULBERRIES BOUTIQUE,SET333,,XXL,Ensemble,1.0,1075.0,1075.0,591.25,483.75,45.0
TXN_007262,2022-05-04,Apr-22,MULBERRIES BOUTIQUE,SET333,,XXXL,Ensemble,1.0,1075.0,1075.0,591.25,483.75,45.0
TXN_007263,2022-05-04,Apr-22,MULBERRIES BOUTIQUE,SET350,,L,Ensemble,2.0,1512.5,3025.0,1663.75,1361.25,45.0
TXN_007252,2022-05-04,Apr-22,MULBERRIES BOUTIQUE,SET327,,XL,Ensemble,1.0,1000.0,1000.0,550.0,450.0,45.0
TXN_007243,2022-05-04,Apr-22,MULBERRIES BOUTIQUE,SET321,,M,Ensemble,1.0,1037.5,1037.5,570.62,466.88,45.0
TXN_007045,2022-05-04,Apr-22,MULBERRIES BOUTIQUE,J0004,,XL,Robe/Jupe,1.0,1350.0,1350.0,742.5,607.5,45.0
TXN_007238,2022-05-04,Apr-22,MULBERRIES BOUTIQUE,SET320,,XL,Ensemble,1.0,1000.0,1000.0,550.0,450.0,45.0
TXN_007298,2022-05-04,Apr-22,MULBERRIES BOUTIQUE,JAN8618,,S TO XXL,Autre,5.0,974.0,4870.0,2678.5,2191.5,45.0
TXN_007299,2022-05-04,Apr-22,MULBERRIES BOUTIQUE,JAN8661,,S TO XXL,Autre,5.0,1424.0,7120.0,3916.0,3204.0,45.0
TXN_007233,2022-05-04,Apr-22,MULBERRIES BOUTIQUE,SET319,,XXL,Ensemble,1.0,975.0,975.0,536.25,438.75,45.0
TXN_007232,2022-05-04,Apr-22,MULBERRIES BOUTIQUE,SET319,,XS,Ensemble,1.0,975.0,975.0,536.25,438.75,45.0
TXN_007231,2022-05-04,Apr-22,MULBERRIES BOUTIQUE,SET319,,XL,Ensemble,1.0,975.0,975.0,536.25,438.75,45.0
TXN_007230,2022-05-04,Apr-22,MULBERRIES BOUTIQUE,SET319,,S,Ensemble,1.0,975.0,975.0,536.25,438.75,45.0
TXN_007046,2022-05-04,Apr-22,MULBERRIES BOUTIQUE,J0004,,XS,Robe/Jupe,1.0,1350.0,1350.0,742.5,607.5,45.0
TXN_007297,2022-05-04,Apr-22,MULBERRIES BOUTIQUE,SET395,,XXXL,Ensemble,1.0,1275.0,1275.0,701.25,573.75,45.0
TXN_007228,2022-05-04,Apr-22,MULBERRIES BOUTIQUE,SET319,,L,Ensemble,1.0,975.0,975.0,536.25,438.75,45.0
TXN_007226,2022-05-04,Apr-22,MULBERRIES BOUTIQUE,SET316,,XXL,Ensemble,1.0,1312.5,1312.5,721.88,590.62,45.0
TXN_007225,2022-05-04,Apr-22,MULBERRIES BOUTIQUE,SET316,,XS,Ensemble,1.0,1312.5,1312.5,721.88,590.62,45.0
TXN_007224,2022-05-04,Apr-22,MULBERRIES BOUTIQUE,SET316,,XL,Ensemble,1.0,1312.5,1312.5,721.88,590.62,45.0
TXN_007223,2022-05-04,Apr-22,MULBERRIES BOUTIQUE,SET316,,S,Ensemble,1.0,1312.5,1312.5,721.88,590.62,45.0
TXN_007222,2022-05-04,Apr-22,MULBERRIES BOUTIQUE,SET316,,M,Ensemble,1.0,1312.5,1312.5,721.88,590.62,45.0
TXN_007034,2022-05-04,Apr-22,MULBERRIES BOUTIQUE,JAN8612,,S TO XXL,Autre,5.0,1799.0,8995.0,4947.25,4047.75,45.0
TXN_007033,2022-05-04,Apr-22,MULBERRIES BOUTIQUE,JAN8622,,S TO XXL,Autre,5.0,1949.0,9745.0,5359.75,4385.25,45.0
TXN_007227,2022-05-04,Apr-22,MULBERRIES BOUTIQUE,SET316,,XXXL,Ensemble,1.0,1312.5,1312.5,721.88,590.62,45.0
TXN_007296,2022-05-04,Apr-22,MULBERRIES BOUTIQUE,SET395,,XXL,Ensemble,1.0,1275.0,1275.0,701.25,573.75,45.0
TXN_007229,2022-05-04,Apr-22,MULBERRIES BOUTIQUE,SET319,,M,Ensemble,1.0,975.0,975.0,536.25,438.75,45.0
TXN_007294,2022-05-04,Apr-22,MULBERRIES BOUTIQUE,SET395,,XL,Ensemble,1.0,1275.0,1275.0,701.25,573.75,45.0
TXN_007295,2022-05-04,Apr-22,MULBERRIES BOUTIQUE,SET395,,XS,Ensemble,1.0,1275.0,1275.0,701.25,573.75,45.0
TXN_007236,2022-05-04,Apr-22,MULBERRIES BOUTIQUE,SET320,,M,Ensemble,1.0,1000.0,1000.0,550.0,450.0,45.0
TXN_007235,2022-05-04,Apr-22,MULBERRIES BOUTIQUE,SET320,,L,Ensemble,1.0,1000.0,1000.0,550.0,450.0,45.0
TXN_007234,2022-05-04,Apr-22,MULBERRIES BOUTIQUE,SET319,,XXXL,Ensemble,1.0,975.0,975.0,536.25,438.75,45.0
TXN_007283,2022-05-04,Apr-22,MULBERRIES BOUTIQUE,SET359,,XXXL,Ensemble,1.0,1200.0,1200.0,660.0,540.0,45.0
TXN_007284,2022-05-04,Apr-22,MULBERRIES BOUTIQUE,SET377,,L,Ensemble,1.0,1425.0,1425.0,783.75,641.25,45.0
TXN_007285,2022-05-04,Apr-22,MULBERRIES BOUTIQUE,SET377,,M,Ensemble,1.0,1425.0,1425.0,783.75,641.25,45.0
TXN_007286,2022-05-04,Apr-22,MULBERRIES BOUTIQUE,SET377,,S,Ensemble,1.0,1425.0,1425.0,783.75,641.25,45.0
TXN_007237,2022-05-04,Apr-22,MULBERRIES BOUTIQUE,SET320,,S,Ensemble,1.0,1000.0,1000.0,550.0,450.0,45.0
TXN_007287,2022-05-04,Apr-22,MULBERRIES BOUTIQUE,SET377,,XL,Ensemble,1.0,1425.0,1425.0,783.75,641.25,45.0
TXN_007288,2022-05-04,Apr-22,MULBERRIES BOUTIQUE,SET377,,XS,Ensemble,1.0,1425.0,1425.0,783.75,641.25,45.0
TXN_007289,2022-05-04,Apr-22,MULBERRIES BOUTIQUE,SET377,,XXL,Ensemble,1.0,1425.0,1425.0,783.75,641.25,45.0
TXN_007290,2022-05-04,Apr-22,MULBERRIES BOUTIQUE,SET377,,XXXL,Ensemble,1.0,1425.0,1425.0,783.75,641.25,45.0
TXN_007291,2022-05-04,Apr-22,MULBERRIES BOUTIQUE,SET395,,L,Ensemble,1.0,1275.0,1275.0,701.25,573.75,45.0
TXN_007292,2022-05-04,Apr-22,MULBERRIES BOUTIQUE,SET395,,M,Ensemble,1.0,1275.0,1275.0,701.25,573.75,45.0
TXN_007293,2022-05-04,Apr-22,MULBERRIES BOUTIQUE,SET395,,S,Ensemble,1.0,1275.0,1275.0,701.25,573.75,45.0
TXN_007329,2022-06-04,Apr-22,Fusion Fashions Corp. (Gopikas),SET278,,XL,Ensemble,1.0,1775.0,1775.0,976.25,798.75,45.0
TXN_007328,2022-06-04,Apr-22,Fusion Fashions Corp. (Gopikas),SET278,,L,Ensemble,1.0,1775.0,1775.0,976.25,798.75,45.0
TXN_007327,2022-06-04,Apr-22,Fusion Fashions Corp. (Gopikas),SET278,,M,Ensemble,1.0,1775.0,1775.0,976.25,798.75,45.0
TXN_007326,2022-06-04,Apr-22,Fusion Fashions Corp. (Gopikas),JNE3673,,XXXL,Robe/Jupe,1.0,537.5,537.5,295.62,241.88,45.0
TXN_007325,2022-06-04,Apr-22,Fusion Fashions Corp. (Gopikas),JNE3865,,L,Robe/Jupe,1.0,537.5,537.5,295.62,241.88,45.0
TXN_007324,2022-06-04,Apr-22,Fusion Fashions Corp. (Gopikas),JNE3865,,M,Robe/Jupe,1.0,537.5,537.5,295.62,241.88,45.0
TXN_007323,2022-06-04,Apr-22,Fusion Fashions Corp. (Gopikas),JNE3865,,S,Robe/Jupe,1.0,537.5,537.5,295.62,241.88,45.0
TXN_007322,2022-06-04,Apr-22,Fusion Fashions Corp. (Gopikas),JNE3672,,XXXL,Robe/Jupe,1.0,500.0,500.0,275.0,225.0,45.0
TXN_007319,2022-06-04,Apr-22,Fusion Fashions Corp. (Gopikas),JNE3672,,L,Robe/Jupe,1.0,500.0,500.0,275.0,225.0,45.0
TXN_007320,2022-06-04,Apr-22,Fusion Fashions Corp. (Gopikas),JNE3672,,XL,Robe/Jupe,1.0,500.0,500.0,275.0,225.0,45.0
TXN_007313,2022-06-04,Apr-22,Fusion Fashions Corp. (Gopikas),SET355,,XXL,Ensemble,1.0,1625.0,1625.0,893.75,731.25,45.0
TXN_007318,2022-06-04,Apr-22,Fusion Fashions Corp. (Gopikas),JNE3672,,M,Robe/Jupe,1.0,500.0,500.0,275.0,225.0,45.0
TXN_007317,2022-06-04,Apr-22,Fusion Fashions Corp. (Gopikas),SET360,,XXL,Ensemble,1.0,1287.5,1287.5,708.13,579.37,45.0
TXN_007316,2022-06-04,Apr-22,Fusion Fashions Corp. (Gopikas),SET360,,M,Ensemble,1.0,1287.5,1287.5,708.13,579.37,45.0
TXN_007315,2022-06-04,Apr-22,Fusion Fashions Corp. (Gopikas),SET327,,XL,Ensemble,1.0,1000.0,1000.0,550.0,450.0,45.0
TXN_007314,2022-06-04,Apr-22,Fusion Fashions Corp. (Gopikas),SET366,,L,Ensemble,1.0,1312.5,1312.5,721.88,590.62,45.0
TXN_007321,2022-06-04,Apr-22,Fusion Fashions Corp. (Gopikas),JNE3672,,XXL,Robe/Jupe,1.0,500.0,500.0,275.0,225.0,45.0
TXN_007312,2022-06-04,Apr-22,Fusion Fashions Corp. (Gopikas),SET355,,XL,Ensemble,1.0,1625.0,1625.0,893.75,731.25,45.0
TXN_007302,2022-06-04,Apr-22,Fusion Fashions Corp. (Gopikas),SET388,,XXL,Ensemble,2.0,1450.0,2900.0,1595.0,1305.0,45.0
TXN_007330,2022-06-04,Apr-22,Fusion Fashions Corp. (Gopikas),JNE3688,,S,Robe/Jupe,1.0,537.5,537.5,295.62,241.88,45.0
TXN_007350,2022-06-04,Apr-22,Natheliya,J0402,,S,Robe/Jupe,3.0,812.5,2437.5,1340.62,1096.88,45.0
TXN_007351,2022-06-04,Apr-22,Natheliya,J0402,,M,Robe/Jupe,3.0,812.5,2437.5,1340.62,1096.88,45.0
TXN_007352,2022-06-04,Apr-22,Natheliya,J0402,,L,Robe/Jupe,3.0,812.5,2437.5,1340.62,1096.88,45.0
TXN_007353,2022-06-04,Apr-22,Natheliya,J0328,,M,Robe/Jupe,2.0,1037.5,2075.0,1141.25,933.75,45.0
TXN_007354,2022-06-04,Apr-22,Natheliya,J0328,,L,Robe/Jupe,3.0,1037.5,3112.5,1711.88,1400.62,45.0
TXN_007355,2022-06-04,Apr-22,Natheliya,J0328,,XL,Robe/Jupe,3.0,1037.5,3112.5,1711.88,1400.62,45.0
TXN_007356,2022-06-04,Apr-22,Natheliya,J0291,,S,Robe/Jupe,3.0,850.0,2550.0,1402.5,1147.5,45.0
TXN_007311,2022-06-04,Apr-22,Fusion Fashions Corp. (Gopikas),SET355,,L,Ensemble,1.0,1625.0,1625.0,893.75,731.25,45.0
TXN_007357,2022-06-04,Apr-22,Natheliya,J0291,,M,Robe/Jupe,3.0,850.0,2550.0,1402.5,1147.5,45.0
TXN_007359,2022-06-04,Apr-22,Natheliya,J0414,,S,Robe/Jupe,3.0,887.5,2662.5,1464.38,1198.12,45.0
TXN_007360,2022-06-04,Apr-22,Natheliya,J0414,,M,Robe/Jupe,3.0,887.5,2662.5,1464.38,1198.12,45.0
TXN_007361,2022-06-04,Apr-22,Natheliya,J0414,,L,Robe/Jupe,3.0,887.5,2662.5,1464.38,1198.12,45.0
TXN_007362,2022-06-04,Apr-22,Natheliya,J0204,,S,Robe/Jupe,3.0,737.5,2212.5,1216.88,995.62,45.0
TXN_007363,2022-06-04,Apr-22,Natheliya,J0204,,M,Robe/Jupe,3.0,737.5,2212.5,1216.88,995.62,45.0
TXN_007348,2022-06-04,Apr-22,Fusion Fashions Corp. (Gopikas),JAN8641,,S TO XXL,Autre,5.0,1124.0,5620.0,3091.0,2529.0,45.0
TXN_007301,2022-06-04,Apr-22,Fusion Fashions Corp. (Gopikas),SET388,,XL,Ensemble,2.0,1450.0,2900.0,1595.0,1305.0,45.0
TXN_007358,2022-06-04,Apr-22,Natheliya,J0291,,L,Robe/Jupe,3.0,850.0,2550.0,1402.5,1147.5,45.0
TXN_007331,2022-06-04,Apr-22,Fusion Fashions Corp. (Gopikas),JNE3688,,M,Robe/Jupe,1.0,537.5,537.5,295.62,241.88,45.0
TXN_007349,2022-06-04,Apr-22,Fusion Fashions Corp. (Gopikas),JAN8660,,S TO XXL,Autre,5.0,1724.0,8620.0,4741.0,3879.0,45.0
TXN_007333,2022-06-04,Apr-22,Fusion Fashions Corp. (Gopikas),JNE3688,,XL,Robe/Jupe,1.0,537.5,537.5,295.62,241.88,45.0
TXN_007300,2022-06-04,Apr-22,Fusion Fashions Corp. (Gopikas),SET388,,L,Ensemble,2.0,1450.0,2900.0,1595.0,1305.0,45.0
TXN_007310,2022-06-04,Apr-22,Fusion Fashions Corp. (Gopikas),SET350,,XXL,Ensemble,1.0,1512.5,1512.5,831.88,680.62,45.0
TXN_007309,2022-06-04,Apr-22,Fusion Fashions Corp. (Gopikas),SET350,,L,Ensemble,1.0,1512.5,1512.5,831.88,680.62,45.0
TXN_007308,2022-06-04,Apr-22,Fusion Fashions Corp. (Gopikas),SET350,,M,Ensemble,1.0,1512.5,1512.5,831.88,680.62,45.0
TXN_007307,2022-06-04,Apr-22,Fusion Fashions Corp. (Gopikas),JNE3813,,L,Robe/Jupe,1.0,650.0,650.0,357.5,292.5,45.0
TXN_007306,2022-06-04,Apr-22,Fusion Fashions Corp. (Gopikas),JNE3813,,M,Robe/Jupe,1.0,650.0,650.0,357.5,292.5,45.0
TXN_007304,2022-06-04,Apr-22,Fusion Fashions Corp. (Gopikas),SET394,,XL,Ensemble,1.0,1475.0,1475.0,811.25,663.75,45.0
TXN_007303,2022-06-04,Apr-22,Fusion Fashions Corp. (Gopikas),SET394,,L,Ensemble,1.0,1475.0,1475.0,811.25,663.75,45.0
TXN_007347,2022-06-04,Apr-22,Fusion Fashions Corp. (Gopikas),SET401,,XXL,Ensemble,1.0,1350.0,1350.0,742.5,607.5,45.0
TXN_007346,2022-06-04,Apr-22,Fusion Fashions Corp. (Gopikas),SET401,,XL,Ensemble,1.0,1350.0,1350.0,742.5,607.5,45.0
TXN_007345,2022-06-04,Apr-22,Fusion Fashions Corp. (Gopikas),SET341,,XL,Ensemble,1.0,1087.5,1087.5,598.12,489.38,45.0
TXN_007305,2022-06-04,Apr-22,Fusion Fashions Corp. (Gopikas),SET394,,XXL,Ensemble,1.0,1475.0,1475.0,811.25,663.75,45.0
TXN_007343,2022-06-04,Apr-22,Fusion Fashions Corp. (Gopikas),JNE3861,,L,Robe/Jupe,1.0,775.0,775.0,426.25,348.75,45.0
TXN_007334,2022-06-04,Apr-22,Fusion Fashions Corp. (Gopikas),J0201,,XXL,Robe/Jupe,1.0,562.5,562.5,309.38,253.12,45.0
TXN_007344,2022-06-04,Apr-22,Fusion Fashions Corp. (Gopikas),SET341,,L,Ensemble,1.0,1087.5,1087.5,598.12,489.38,45.0
TXN_007335,2022-06-04,Apr-22,Fusion Fashions Corp. (Gopikas),JNE3673,,S,Robe/Jupe,1.0,537.5,537.5,295.62,241.88,45.0
TXN_007336,2022-06-04,Apr-22,Fusion Fashions Corp. (Gopikas),JNE3673,,M,Robe/Jupe,1.0,537.5,537.5,295.62,241.88,45.0
TXN_007337,2022-06-04,Apr-22,Fusion Fashions Corp. (Gopikas),JNE3673,,L,Robe/Jupe,1.0,537.5,537.5,295.62,241.88,45.0
TXN_007332,2022-06-04,Apr-22,Fusion Fashions Corp. (Gopikas),JNE3688,,L,Robe/Jupe,1.0,537.5,537.5,295.62,241.88,45.0
TXN_007339,2022-06-04,Apr-22,Fusion Fashions Corp. (Gopikas),SET380,,XL,Ensemble,1.0,1125.0,1125.0,618.75,506.25,45.0
TXN_007340,2022-06-04,Apr-22,Fusion Fashions Corp. (Gopikas),SET380,,XXL,Ensemble,1.0,1125.0,1125.0,618.75,506.25,45.0
TXN_007341,2022-06-04,Apr-22,Fusion Fashions Corp. (Gopikas),JNE3861,,S,Robe/Jupe,1.0,775.0,775.0,426.25,348.75,45.0
TXN_007342,2022-06-04,Apr-22,Fusion Fashions Corp. (Gopikas),JNE3861,,M,Robe/Jupe,1.0,775.0,775.0,426.25,348.75,45.0
TXN_007338,2022-06-04,Apr-22,Fusion Fashions Corp. (Gopikas),SET380,,L,Ensemble,1.0,1125.0,1125.0,618.75,506.25,45.0
TXN_007560,2022-06-05,May-22,Diya Designs,J0009,,S,Robe/Jupe,1.0,900.0,900.0,495.0,405.0,45.0
TXN_007552,2022-06-05,May-22,Diya Designs,J0012,,XS,Robe/Jupe,1.0,1110.0,1110.0,610.5,499.5,45.0
TXN_007553,2022-06-05,May-22,Diya Designs,J0012,,S,Robe/Jupe,1.0,1110.0,1110.0,610.5,499.5,45.0
TXN_007554,2022-06-05,May-22,Diya Designs,J0012,,M,Robe/Jupe,1.0,1110.0,1110.0,610.5,499.5,45.0
TXN_007555,2022-06-05,May-22,Diya Designs,J0012,,L,Robe/Jupe,1.0,1110.0,1110.0,610.5,499.5,45.0
TXN_007556,2022-06-05,May-22,Diya Designs,J0012,,XL,Robe/Jupe,1.0,1110.0,1110.0,610.5,499.5,45.0
TXN_007557,2022-06-05,May-22,Diya Designs,J0012,,XXL,Robe/Jupe,1.0,1110.0,1110.0,610.5,499.5,45.0
TXN_007558,2022-06-05,May-22,Diya Designs,J0012,,XXXL,Robe/Jupe,1.0,1110.0,1110.0,610.5,499.5,45.0
TXN_007559,2022-06-05,May-22,Diya Designs,J0009,,XS,Robe/Jupe,1.0,900.0,900.0,495.0,405.0,45.0
TXN_007551,2022-06-05,May-22,Diya Designs,J0013,,XXXL,Robe/Jupe,1.0,960.0,960.0,528.0,432.0,45.0
TXN_007571,2022-06-05,May-22,Diya Designs,SET353,,XXXL,Ensemble,1.0,780.0,780.0,429.0,351.0,45.0
TXN_007562,2022-06-05,May-22,Diya Designs,J0009,,L,Robe/Jupe,1.0,900.0,900.0,495.0,405.0,45.0
TXN_007563,2022-06-05,May-22,Diya Designs,J0009,,XL,Robe/Jupe,1.0,900.0,900.0,495.0,405.0,45.0
TXN_007564,2022-06-05,May-22,Diya Designs,J0009,,XXL,Robe/Jupe,1.0,900.0,900.0,495.0,405.0,45.0
TXN_007565,2022-06-05,May-22,Diya Designs,J0009,,XXXL,Robe/Jupe,1.0,900.0,900.0,495.0,405.0,45.0
TXN_007566,2022-06-05,May-22,Diya Designs,SET353,,S,Ensemble,1.0,780.0,780.0,429.0,351.0,45.0
TXN_007567,2022-06-05,May-22,Diya Designs,SET353,,M,Ensemble,1.0,780.0,780.0,429.0,351.0,45.0
TXN_007568,2022-06-05,May-22,Diya Designs,SET353,,L,Ensemble,1.0,780.0,780.0,429.0,351.0,45.0
TXN_007569,2022-06-05,May-22,Diya Designs,SET353,,XL,Ensemble,1.0,780.0,780.0,429.0,351.0,45.0
TXN_007570,2022-06-05,May-22,Diya Designs,SET353,,XXL,Ensemble,1.0,780.0,780.0,429.0,351.0,45.0
TXN_007550,2022-06-05,May-22,Diya Designs,J0013,,XXL,Robe/Jupe,1.0,960.0,960.0,528.0,432.0,45.0
TXN_007561,2022-06-05,May-22,Diya Designs,J0009,,M,Robe/Jupe,1.0,900.0,900.0,495.0,405.0,45.0
TXN_007549,2022-06-05,May-22,Diya Designs,J0013,,XL,Robe/Jupe,1.0,960.0,960.0,528.0,432.0,45.0
TXN_007537,2022-06-05,May-22,Diya Designs,J0252,,XXXL,Robe/Jupe,1.0,830.0,830.0,456.5,373.5,45.0
TXN_007547,2022-06-05,May-22,Diya Designs,J0013,,M,Robe/Jupe,1.0,960.0,960.0,528.0,432.0,45.0
TXN_007584,2022-06-05,May-22,Diya Designs,SET307,,S,Ensemble,1.0,620.0,620.0,341.0,279.0,45.0
TXN_007583,2022-06-05,May-22,Diya Designs,SET330,,XXXL,Ensemble,1.0,550.0,550.0,302.5,247.5,45.0
TXN_007582,2022-06-05,May-22,Diya Designs,SET330,,XXL,Ensemble,1.0,550.0,550.0,302.5,247.5,45.0
TXN_007581,2022-06-05,May-22,Diya Designs,SET330,,XL,Ensemble,1.0,550.0,550.0,302.5,247.5,45.0
TXN_007580,2022-06-05,May-22,Diya Designs,SET330,,L,Ensemble,1.0,550.0,550.0,302.5,247.5,45.0
TXN_007579,2022-06-05,May-22,Diya Designs,SET330,,M,Ensemble,1.0,550.0,550.0,302.5,247.5,45.0
TXN_007618,2022-06-05,May-22,Ria Fashion,sEt286,,XXL,Ensemble,1.0,567.0,567.0,311.85,255.15,45.0
TXN_007617,2022-06-05,May-22,Ria Fashion,sEt291,,XXXL,Ensemble,1.0,505.0,505.0,277.75,227.25,45.0
TXN_007616,2022-06-05,May-22,Ria Fashion,sEt264,,L,Ensemble,1.0,711.0,711.0,391.05,319.95,45.0
TXN_007615,2022-06-05,May-22,Ria Fashion,J0243,,L,Robe/Jupe,1.0,927.0,927.0,509.85,417.15,45.0
TXN_007536,2022-06-05,May-22,Diya Designs,J0252,,XXL,Robe/Jupe,1.0,830.0,830.0,456.5,373.5,45.0
TXN_007572,2022-06-05,May-22,Diya Designs,SET331,,S,Ensemble,1.0,520.0,520.0,286.0,234.0,45.0
TXN_007538,2022-06-05,May-22,Diya Designs,J0249,,XS,Robe/Jupe,1.0,830.0,830.0,456.5,373.5,45.0
TXN_007539,2022-06-05,May-22,Diya Designs,J0249,,S,Robe/Jupe,1.0,830.0,830.0,456.5,373.5,45.0
TXN_007540,2022-06-05,May-22,Diya Designs,J0249,,M,Robe/Jupe,1.0,830.0,830.0,456.5,373.5,45.0
TXN_007541,2022-06-05,May-22,Diya Designs,J0249,,L,Robe/Jupe,1.0,830.0,830.0,456.5,373.5,45.0
TXN_007542,2022-06-05,May-22,Diya Designs,J0249,,XL,Robe/Jupe,1.0,830.0,830.0,456.5,373.5,45.0
TXN_007543,2022-06-05,May-22,Diya Designs,J0249,,XXL,Robe/Jupe,1.0,830.0,830.0,456.5,373.5,45.0
TXN_007544,2022-06-05,May-22,Diya Designs,J0249,,XXXL,Robe/Jupe,1.0,830.0,830.0,456.5,373.5,45.0
TXN_007545,2022-06-05,May-22,Diya Designs,J0013,,XS,Robe/Jupe,1.0,960.0,960.0,528.0,432.0,45.0
TXN_007546,2022-06-05,May-22,Diya Designs,J0013,,S,Robe/Jupe,1.0,960.0,960.0,528.0,432.0,45.0
TXN_007548,2022-06-05,May-22,Diya Designs,J0013,,L,Robe/Jupe,1.0,960.0,960.0,528.0,432.0,45.0
TXN_007573,2022-06-05,May-22,Diya Designs,SET331,,M,Ensemble,1.0,520.0,520.0,286.0,234.0,45.0
TXN_007578,2022-06-05,May-22,Diya Designs,SET330,,S,Ensemble,1.0,550.0,550.0,302.5,247.5,45.0
TXN_007576,2022-06-05,May-22,Diya Designs,SET331,,XXL,Ensemble,1.0,520.0,520.0,286.0,234.0,45.0
TXN_007520,2022-06-05,May-22,Diya Designs,J0283,,L,Robe/Jupe,1.0,960.0,960.0,528.0,432.0,45.0
TXN_007519,2022-06-05,May-22,Diya Designs,J0283,,M,Robe/Jupe,1.0,960.0,960.0,528.0,432.0,45.0
TXN_007518,2022-06-05,May-22,Diya Designs,J0283,,S,Robe/Jupe,1.0,960.0,960.0,528.0,432.0,45.0
TXN_007517,2022-06-05,May-22,Diya Designs,J0283,,XS,Robe/Jupe,1.0,960.0,960.0,528.0,432.0,45.0
TXN_007516,2022-06-05,May-22,Diya Designs,J0371,,XXXL,Robe/Jupe,1.0,990.0,990.0,544.5,445.5,45.0
TXN_007515,2022-06-05,May-22,Diya Designs,J0371,,XXL,Robe/Jupe,1.0,990.0,990.0,544.5,445.5,45.0
TXN_007514,2022-06-05,May-22,Diya Designs,J0371,,XL,Robe/Jupe,1.0,990.0,990.0,544.5,445.5,45.0
TXN_007513,2022-06-05,May-22,Diya Designs,J0371,,M,Robe/Jupe,1.0,990.0,990.0,544.5,445.5,45.0
TXN_007512,2022-06-05,May-22,Diya Designs,J0371,,S,Robe/Jupe,1.0,990.0,990.0,544.5,445.5,45.0
TXN_007511,2022-06-05,May-22,Diya Designs,J0371,,XS,Robe/Jupe,1.0,990.0,990.0,544.5,445.5,45.0
TXN_007521,2022-06-05,May-22,Diya Designs,J0283,,XL,Robe/Jupe,1.0,960.0,960.0,528.0,432.0,45.0
TXN_007577,2022-06-05,May-22,Diya Designs,SET331,,XXXL,Ensemble,1.0,520.0,520.0,286.0,234.0,45.0
TXN_007574,2022-06-05,May-22,Diya Designs,SET331,,L,Ensemble,1.0,520.0,520.0,286.0,234.0,45.0
TXN_007522,2022-06-05,May-22,Diya Designs,J0283,,XXL,Robe/Jupe,1.0,960.0,960.0,528.0,432.0,45.0
TXN_007524,2022-06-05,May-22,Diya Designs,J0279,,XS,Robe/Jupe,1.0,990.0,990.0,544.5,445.5,45.0
TXN_007525,2022-06-05,May-22,Diya Designs,J0279,,S,Robe/Jupe,1.0,990.0,990.0,544.5,445.5,45.0
TXN_007526,2022-06-05,May-22,Diya Designs,J0279,,M,Robe/Jupe,1.0,990.0,990.0,544.5,445.5,45.0
TXN_007527,2022-06-05,May-22,Diya Designs,J0279,,L,Robe/Jupe,1.0,990.0,990.0,544.5,445.5,45.0
TXN_007528,2022-06-05,May-22,Diya Designs,J0279,,XL,Robe/Jupe,1.0,990.0,990.0,544.5,445.5,45.0
TXN_007529,2022-06-05,May-22,Diya Designs,J0279,,XXL,Robe/Jupe,1.0,990.0,990.0,544.5,445.5,45.0
TXN_007530,2022-06-05,May-22,Diya Designs,J0279,,XXXL,Robe/Jupe,1.0,990.0,990.0,544.5,445.5,45.0
TXN_007531,2022-06-05,May-22,Diya Designs,J0252,,XS,Robe/Jupe,1.0,830.0,830.0,456.5,373.5,45.0
TXN_007532,2022-06-05,May-22,Diya Designs,J0252,,S,Robe/Jupe,1.0,830.0,830.0,456.5,373.5,45.0
TXN_007533,2022-06-05,May-22,Diya Designs,J0252,,M,Robe/Jupe,1.0,830.0,830.0,456.5,373.5,45.0
TXN_007534,2022-06-05,May-22,Diya Designs,J0252,,L,Robe/Jupe,1.0,830.0,830.0,456.5,373.5,45.0
TXN_007535,2022-06-05,May-22,Diya Designs,J0252,,XL,Robe/Jupe,1.0,830.0,830.0,456.5,373.5,45.0
TXN_007523,2022-06-05,May-22,Diya Designs,J0283,,XXXL,Robe/Jupe,1.0,960.0,960.0,528.0,432.0,45.0
TXN_007585,2022-06-05,May-22,Diya Designs,SET307,,M,Ensemble,1.0,620.0,620.0,341.0,279.0,45.0
TXN_007590,2022-06-05,May-22,Diya Designs,SET291,,S,Ensemble,1.0,490.0,490.0,269.5,220.5,45.0
TXN_007587,2022-06-05,May-22,Diya Designs,SET307,,XL,Ensemble,1.0,620.0,620.0,341.0,279.0,45.0
TXN_007598,2022-06-05,May-22,Ria Fashion,J0011,,XL,Robe/Jupe,1.0,1113.0,1113.0,612.15,500.85,45.0
TXN_007599,2022-06-05,May-22,Ria Fashion,sEt279,,XL,Ensemble,1.0,804.0,804.0,442.2,361.8,45.0
TXN_007614,2022-06-05,May-22,Ria Fashion,sEt353,,XXXL,Ensemble,1.0,762.0,762.0,419.1,342.9,45.0
TXN_007613,2022-06-05,May-22,Ria Fashion,sEt334,,XXXL,Ensemble,1.0,567.0,567.0,311.85,255.15,45.0
TXN_007612,2022-06-05,May-22,Ria Fashion,sEt300,,XXXL,Ensemble,1.0,886.0,886.0,487.3,398.7,45.0
TXN_007611,2022-06-05,May-22,Ria Fashion,sEt264,,XXXL,Ensemble,1.0,711.0,711.0,391.05,319.95,45.0
TXN_007610,2022-06-05,May-22,Ria Fashion,sEt334,,L,Ensemble,1.0,567.0,567.0,311.85,255.15,45.0
TXN_007609,2022-06-05,May-22,Ria Fashion,sEt303,,M,Ensemble,1.0,804.0,804.0,442.2,361.8,45.0
TXN_007608,2022-06-05,May-22,Ria Fashion,J0369,,L,Robe/Jupe,1.0,1020.0,1020.0,561.0,459.0,45.0
TXN_007607,2022-06-05,May-22,Ria Fashion,J0242,,XXL,Robe/Jupe,1.0,1020.0,1020.0,561.0,459.0,45.0
TXN_007600,2022-06-05,May-22,Ria Fashion,J0238,,L,Robe/Jupe,1.0,1783.0,1783.0,980.65,802.35,45.0
TXN_007605,2022-06-05,May-22,Ria Fashion,btm008,,XXXL,Autre,1.0,350.0,350.0,192.5,157.5,45.0
TXN_007604,2022-06-05,May-22,Ria Fashion,J0106,,M,Robe/Jupe,1.0,927.0,927.0,509.85,417.15,45.0
TXN_007603,2022-06-05,May-22,Ria Fashion,JNE3869,,XL,Robe/Jupe,1.0,567.0,567.0,311.85,255.15,45.0
TXN_007602,2022-06-05,May-22,Ria Fashion,J0381,,XL,Robe/Jupe,1.0,1169.1,1169.1,643.0,526.1,45.0
TXN_007601,2022-06-05,May-22,Ria Fashion,J0242,,XL,Robe/Jupe,1.0,1020.0,1020.0,561.0,459.0,45.0
TXN_007586,2022-06-05,May-22,Diya Designs,SET307,,L,Ensemble,1.0,620.0,620.0,341.0,279.0,45.0
TXN_007597,2022-06-05,May-22,Ria Fashion,sEt220,,M,Ensemble,1.0,969.0,969.0,532.95,436.05,45.0
TXN_007596,2022-06-05,May-22,Ria Fashion,sEt303,,L,Ensemble,1.0,804.0,804.0,442.2,361.8,45.0
TXN_007606,2022-06-05,May-22,Ria Fashion,JNE3680,,XXXL,Robe/Jupe,1.0,412.0,412.0,226.6,185.4,45.0
TXN_007591,2022-06-05,May-22,Diya Designs,SET291,,M,Ensemble,1.0,490.0,490.0,269.5,220.5,45.0
TXN_007588,2022-06-05,May-22,Diya Designs,SET307,,XXL,Ensemble,1.0,620.0,620.0,341.0,279.0,45.0
TXN_007595,2022-06-05,May-22,Ria Fashion,sEt268,,XL,Ensemble,1.0,680.0,680.0,374.0,306.0,45.0
TXN_007589,2022-06-05,May-22,Diya Designs,SET307,,XXXL,Ensemble,1.0,620.0,620.0,341.0,279.0,45.0
TXN_007575,2022-06-05,May-22,Diya Designs,SET331,,XL,Ensemble,1.0,520.0,520.0,286.0,234.0,45.0
TXN_007594,2022-06-05,May-22,Diya Designs,SET291,,XXXL,Ensemble,1.0,490.0,490.0,269.5,220.5,45.0
TXN_007592,2022-06-05,May-22,Diya Designs,SET291,,L,Ensemble,1.0,490.0,490.0,269.5,220.5,45.0
TXN_007593,2022-06-05,May-22,Diya Designs,SET291,,XL,Ensemble,1.0,490.0,490.0,269.5,220.5,45.0
TXN_007379,2022-07-04,Apr-22,The Pink Market,SET348,,M,Ensemble,1.0,870.0,870.0,478.5,391.5,45.0
TXN_007378,2022-07-04,Apr-22,The Pink Market,SET348,,S,Ensemble,1.0,870.0,870.0,478.5,391.5,45.0
TXN_007377,2022-07-04,Apr-22,The Pink Market,SET291,,XL,Ensemble,1.0,490.0,490.0,269.5,220.5,45.0
TXN_007411,2022-07-04,Apr-22,KAMALA RENGASAMY,JNE3861,,XL,Robe/Jupe,1.0,620.0,620.0,341.0,279.0,45.0
TXN_007376,2022-07-04,Apr-22,The Pink Market,SET291,,M,Ensemble,1.0,490.0,490.0,269.5,220.5,45.0
TXN_007375,2022-07-04,Apr-22,The Pink Market,SET291,,S,Ensemble,1.0,490.0,490.0,269.5,220.5,45.0
TXN_007374,2022-07-04,Apr-22,The Pink Market,SET278,,XXXL,Ensemble,1.0,1420.0,1420.0,781.0,639.0,45.0
TXN_007373,2022-07-04,Apr-22,The Pink Market,SET278,,XXL,Ensemble,1.0,1420.0,1420.0,781.0,639.0,45.0
TXN_007380,2022-07-04,Apr-22,The Pink Market,SET348,,XL,Ensemble,1.0,870.0,870.0,478.5,391.5,45.0
TXN_007372,2022-07-04,Apr-22,The Pink Market,J0241,,M,Robe/Jupe,1.0,1240.0,1240.0,682.0,558.0,45.0
TXN_007400,2022-07-04,Apr-22,The Pink Market,SET377,,M,Ensemble,1.0,1140.0,1140.0,627.0,513.0,45.0
TXN_007398,2022-07-04,Apr-22,The Pink Market,SET377,,XL,Ensemble,1.0,1140.0,1140.0,627.0,513.0,45.0
TXN_007383,2022-07-04,Apr-22,The Pink Market,SET395,,S,Ensemble,1.0,1020.0,1020.0,561.0,459.0,45.0
TXN_007384,2022-07-04,Apr-22,The Pink Market,SET395,,M,Ensemble,1.0,1020.0,1020.0,561.0,459.0,45.0
TXN_007385,2022-07-04,Apr-22,The Pink Market,JNE3636,,XXL,Robe/Jupe,1.0,390.0,390.0,214.5,175.5,45.0
TXN_007386,2022-07-04,Apr-22,The Pink Market,JNE3636,,M,Robe/Jupe,1.0,390.0,390.0,214.5,175.5,45.0
TXN_007387,2022-07-04,Apr-22,The Pink Market,J0241,,XL,Robe/Jupe,1.0,1240.0,1240.0,682.0,558.0,45.0
TXN_007388,2022-07-04,Apr-22,The Pink Market,J0241,,M,Robe/Jupe,1.0,1240.0,1240.0,682.0,558.0,45.0
TXN_007389,2022-07-04,Apr-22,The Pink Market,J0241,,XXL,Robe/Jupe,1.0,1240.0,1240.0,682.0,558.0,45.0
TXN_007390,2022-07-04,Apr-22,The Pink Market,J0241,,XL,Robe/Jupe,1.0,1240.0,1240.0,682.0,558.0,45.0
TXN_007391,2022-07-04,Apr-22,The Pink Market,SET360,,XXXL,Ensemble,1.0,1030.0,1030.0,566.5,463.5,45.0
TXN_007392,2022-07-04,Apr-22,The Pink Market,SET358,,XL,Ensemble,1.0,1030.0,1030.0,566.5,463.5,45.0
TXN_007393,2022-07-04,Apr-22,The Pink Market,SET358,,M,Ensemble,1.0,1030.0,1030.0,566.5,463.5,45.0
TXN_007394,2022-07-04,Apr-22,The Pink Market,SET369,,XXXL,Ensemble,1.0,1030.0,1030.0,566.5,463.5,45.0
TXN_007395,2022-07-04,Apr-22,The Pink Market,SET316,,M,Ensemble,1.0,1050.0,1050.0,577.5,472.5,45.0
TXN_007396,2022-07-04,Apr-22,The Pink Market,SET316,,L,Ensemble,1.0,1050.0,1050.0,577.5,472.5,45.0
TXN_007397,2022-07-04,Apr-22,The Pink Market,SET316,,XL,Ensemble,1.0,1050.0,1050.0,577.5,472.5,45.0
TXN_007399,2022-07-04,Apr-22,The Pink Market,SET377,,XXL,Ensemble,1.0,1140.0,1140.0,627.0,513.0,45.0
TXN_007371,2022-07-04,Apr-22,The Pink Market,J0241,,XXL,Robe/Jupe,1.0,1240.0,1240.0,682.0,558.0,45.0
TXN_007367,2022-07-04,Apr-22,The Pink Market,J0002,,XXXL,Robe/Jupe,1.0,1080.0,1080.0,594.0,486.0,45.0
TXN_007369,2022-07-04,Apr-22,The Pink Market,J0239,,XXL,Robe/Jupe,1.0,1210.0,1210.0,665.5,544.5,45.0
TXN_007410,2022-07-04,Apr-22,KAMALA RENGASAMY,J0395,,M,Robe/Jupe,1.0,680.0,680.0,374.0,306.0,45.0
TXN_007409,2022-07-04,Apr-22,The Pink Market,JNE3548,,S,Robe/Jupe,1.0,400.0,400.0,220.0,180.0,45.0
TXN_007408,2022-07-04,Apr-22,The Pink Market,JNE3547,,M,Robe/Jupe,1.0,400.0,400.0,220.0,180.0,45.0
TXN_007407,2022-07-04,Apr-22,The Pink Market,JNE3547,,S,Robe/Jupe,1.0,400.0,400.0,220.0,180.0,45.0
TXN_007406,2022-07-04,Apr-22,The Pink Market,JNE3489,,M,Robe/Jupe,1.0,310.0,310.0,170.5,139.5,45.0
TXN_007405,2022-07-04,Apr-22,The Pink Market,J0207,,M,Robe/Jupe,1.0,710.0,710.0,390.5,319.5,45.0
TXN_007404,2022-07-04,Apr-22,The Pink Market,J0005,,S,Robe/Jupe,1.0,740.0,740.0,407.0,333.0,45.0
TXN_007403,2022-07-04,Apr-22,The Pink Market,J0005,,L,Robe/Jupe,1.0,740.0,740.0,407.0,333.0,45.0
TXN_007402,2022-07-04,Apr-22,The Pink Market,SET404,,M,Ensemble,1.0,1110.0,1110.0,610.5,499.5,45.0
TXN_007401,2022-07-04,Apr-22,The Pink Market,SET404,,XL,Ensemble,1.0,1110.0,1110.0,610.5,499.5,45.0
TXN_007413,2022-07-04,Apr-22,KAMALA RENGASAMY,JNE3870,,XS,Robe/Jupe,1.0,550.0,550.0,302.5,247.5,45.0
TXN_007414,2022-07-04,Apr-22,KAMALA RENGASAMY,SET317,,L,Ensemble,1.0,1080.0,1080.0,594.0,486.0,45.0
TXN_007415,2022-07-04,Apr-22,KAMALA RENGASAMY,SET395,,L,Ensemble,1.0,1020.0,1020.0,561.0,459.0,45.0
TXN_007416,2022-07-04,Apr-22,KAMALA RENGASAMY,SET380,,L,Ensemble,1.0,900.0,900.0,495.0,405.0,45.0
TXN_007417,2022-07-04,Apr-22,KAMALA RENGASAMY,J0401,,XL,Robe/Jupe,1.0,710.0,710.0,390.5,319.5,45.0
TXN_007418,2022-07-04,Apr-22,KAMALA RENGASAMY,J0402,,M,Robe/Jupe,1.0,650.0,650.0,357.5,292.5,45.0
TXN_007419,2022-07-04,Apr-22,KAMALA RENGASAMY,J0399,,M,Robe/Jupe,1.0,620.0,620.0,341.0,279.0,45.0
TXN_007420,2022-07-04,Apr-22,KAMALA RENGASAMY,SET397,,L,Ensemble,1.0,1080.0,1080.0,594.0,486.0,45.0
TXN_007421,2022-07-04,Apr-22,KAMALA RENGASAMY,JNE3870,,XXXL,Robe/Jupe,1.0,550.0,550.0,302.5,247.5,45.0
TXN_007422,2022-07-04,Apr-22,KAMALA RENGASAMY,JNE3861,,M,Robe/Jupe,1.0,620.0,620.0,341.0,279.0,45.0
TXN_007423,2022-07-04,Apr-22,KAMALA RENGASAMY,J0400,,S,Robe/Jupe,1.0,680.0,680.0,374.0,306.0,45.0
TXN_007382,2022-07-04,Apr-22,The Pink Market,SET290,,M,Ensemble,1.0,650.0,650.0,357.5,292.5,45.0
TXN_007364,2022-07-04,Apr-22,The Pink Market,J0242,,XXL,Robe/Jupe,1.0,1050.0,1050.0,577.5,472.5,45.0
TXN_007365,2022-07-04,Apr-22,The Pink Market,J0242,,XL,Robe/Jupe,1.0,1050.0,1050.0,577.5,472.5,45.0
TXN_007366,2022-07-04,Apr-22,The Pink Market,J0242,,M,Robe/Jupe,1.0,1050.0,1050.0,577.5,472.5,45.0
TXN_007412,2022-07-04,Apr-22,KAMALA RENGASAMY,SET405,,L,Ensemble,1.0,650.0,650.0,357.5,292.5,45.0
TXN_007368,2022-07-04,Apr-22,The Pink Market,J0002,,M,Robe/Jupe,1.0,1080.0,1080.0,594.0,486.0,45.0
TXN_007370,2022-07-04,Apr-22,The Pink Market,J0241,,XL,Robe/Jupe,1.0,1240.0,1240.0,682.0,558.0,45.0
TXN_007381,2022-07-04,Apr-22,The Pink Market,SET290,,XXXL,Ensemble,1.0,650.0,650.0,357.5,292.5,45.0
TXN_007643,2022-07-05,May-22,Dishanu Fashion World,SET058,,XS,Ensemble,1.0,900.0,900.0,495.0,405.0,45.0
TXN_007650,2022-07-05,May-22,Dishanu Fashion World,SET098,,XXL,Ensemble,1.0,750.0,750.0,412.5,337.5,45.0
TXN_007619,2022-07-05,May-22,Babitha huxley,BTM027,,XL,Autre,1.0,425.0,425.0,233.75,191.25,45.0
TXN_007620,2022-07-05,May-22,Babitha huxley,BTM021,,XL,Autre,1.0,425.0,425.0,233.75,191.25,45.0
TXN_007621,2022-07-05,May-22,Babitha huxley,J0213,,L,Robe/Jupe,1.0,537.5,537.5,295.62,241.88,45.0
TXN_007622,2022-07-05,May-22,Babitha huxley,JNE3894,,L,Robe/Jupe,1.0,737.5,737.5,405.63,331.87,45.0
TXN_007623,2022-07-05,May-22,Babitha huxley,J0198,,S,Robe/Jupe,1.0,562.5,562.5,309.38,253.12,45.0
TXN_007624,2022-07-05,May-22,Babitha huxley,JNE3902,,XL,Robe/Jupe,1.0,612.5,612.5,336.88,275.62,45.0
TXN_007625,2022-07-05,May-22,Babitha huxley,J0339,,M,Robe/Jupe,1.0,775.0,775.0,426.25,348.75,45.0
TXN_007626,2022-07-05,May-22,Babitha huxley,J0096,,XL,Robe/Jupe,1.0,441.18,441.18,242.65,198.53,45.0
TXN_007627,2022-07-05,May-22,Babitha huxley,JNE3862,,L,Robe/Jupe,1.0,537.5,537.5,295.62,241.88,45.0
TXN_007629,2022-07-05,May-22,Babitha huxley,J0398,,S,Robe/Jupe,1.0,887.5,887.5,488.13,399.37,45.0
TXN_007630,2022-07-05,May-22,Babitha huxley,J0413,,S,Robe/Jupe,1.0,887.5,887.5,488.13,399.37,45.0
TXN_007631,2022-07-05,May-22,Babitha huxley,JNE3864,,S,Robe/Jupe,1.0,537.5,537.5,295.62,241.88,45.0
TXN_007632,2022-07-05,May-22,Babitha huxley,JNE3668,,S,Robe/Jupe,1.0,425.0,425.0,233.75,191.25,45.0
TXN_007633,2022-07-05,May-22,Babitha huxley,J0207,,L,Robe/Jupe,1.0,887.5,887.5,488.13,399.37,45.0
TXN_007634,2022-07-05,May-22,Babitha huxley,J0005,,L,Robe/Jupe,1.0,925.0,925.0,508.75,416.25,45.0
TXN_007635,2022-07-05,May-22,Babitha huxley,JNE3864,,M,Robe/Jupe,1.0,537.5,537.5,295.62,241.88,45.0
TXN_007636,2022-07-05,May-22,Babitha huxley,J0419,,S,Robe/Jupe,1.0,775.0,775.0,426.25,348.75,45.0
TXN_007637,2022-07-05,May-22,Babitha huxley,JNE3030,,L,Robe/Jupe,1.0,588.24,588.24,323.53,264.71,45.0
TXN_007638,2022-07-05,May-22,Babitha huxley,JNE3648,,L,Robe/Jupe,1.0,323.53,323.53,177.94,145.59,45.0
TXN_007639,2022-07-05,May-22,Babitha huxley,JNE3668,,L,Robe/Jupe,1.0,425.0,425.0,233.75,191.25,45.0
TXN_007640,2022-07-05,May-22,Babitha huxley,SET350,,L,Ensemble,1.0,1512.5,1512.5,831.88,680.62,45.0
TXN_007641,2022-07-05,May-22,Dishanu Fashion World,JNE3576,,XS,Robe/Jupe,1.0,462.5,462.5,254.38,208.12,45.0
TXN_007642,2022-07-05,May-22,Dishanu Fashion World,J0041,,L,Robe/Jupe,1.0,652.5,652.5,358.88,293.62,45.0
TXN_007644,2022-07-05,May-22,Dishanu Fashion World,SET187,,XS,Ensemble,1.0,625.0,625.0,343.75,281.25,45.0
TXN_007645,2022-07-05,May-22,Dishanu Fashion World,SET252,,XS,Ensemble,2.0,787.5,1575.0,866.25,708.75,45.0
TXN_007646,2022-07-05,May-22,Dishanu Fashion World,SET252,,S,Ensemble,1.0,787.5,787.5,433.13,354.37,45.0
TXN_007647,2022-07-05,May-22,Dishanu Fashion World,SET098,,M,Ensemble,2.0,750.0,1500.0,825.0,675.0,45.0
TXN_007648,2022-07-05,May-22,Dishanu Fashion World,SET098,,XS,Ensemble,1.0,750.0,750.0,412.5,337.5,45.0
TXN_007649,2022-07-05,May-22,Dishanu Fashion World,SET098,,L,Ensemble,1.0,750.0,750.0,412.5,337.5,45.0
TXN_007651,2022-07-05,May-22,Dishanu Fashion World,SET098,,S,Ensemble,2.0,750.0,1500.0,825.0,675.0,45.0
TXN_007628,2022-07-05,May-22,Babitha huxley,JNE3865,,M,Robe/Jupe,1.0,537.5,537.5,295.62,241.88,45.0
TXN_003402,2022-08-02,Feb-22,AVIN  ,J0197,J0197-TP-L,L,Robe/Jupe,1.0,562.5,534.0,309.38,224.62,42.06
TXN_003368,2022-08-02,Feb-22,AVIN  ,JNE3671,JNE3671-TU-XXL,XXL,Robe/Jupe,1.0,500.0,475.0,275.0,200.0,42.11
TXN_003379,2022-08-02,Feb-22,AVIN  ,J0292,J0292-TP-XXL,XXL,Robe/Jupe,1.0,393.75,374.0,216.56,157.44,42.1
TXN_003378,2022-08-02,Feb-22,AVIN  ,JNE3678,JNE3678-TU-XXL,XXL,Robe/Jupe,1.0,425.0,404.0,233.75,170.25,42.14
TXN_003377,2022-08-02,Feb-22,AVIN  ,JNE3656,JNE3656-TP-XXL,XXL,Robe/Jupe,1.0,425.0,404.0,233.75,170.25,42.14
TXN_003376,2022-08-02,Feb-22,AVIN  ,JNE3669,JNE3669-TU-L,L,Robe/Jupe,1.0,562.5,534.0,309.38,224.62,42.06
TXN_003375,2022-08-02,Feb-22,AVIN  ,JNE3688,JNE3688-TU-S,S,Robe/Jupe,1.0,537.5,511.0,295.62,215.38,42.15
TXN_003374,2022-08-02,Feb-22,AVIN  ,JNE3686,JNE3686-TU-XXXL,XXXL,Robe/Jupe,1.0,456.25,433.0,250.94,182.06,42.05
TXN_003373,2022-08-02,Feb-22,AVIN  ,JNE3683,JNE3683-TU-XXXL,XXXL,Robe/Jupe,1.0,356.25,338.0,195.94,142.06,42.03
TXN_003372,2022-08-02,Feb-22,AVIN  ,SET353,SET353-KR-NP-XS,XS,Ensemble,1.0,975.0,926.0,536.25,389.75,42.09
TXN_003371,2022-08-02,Feb-22,AVIN  ,J0034,J0034-SET-XS,XS,Robe/Jupe,1.0,968.75,920.0,532.81,387.19,42.09
TXN_003370,2022-08-02,Feb-22,AVIN  ,JNE3688,JNE3688-TU-S,S,Robe/Jupe,1.0,537.5,511.0,295.62,215.38,42.15
TXN_003369,2022-08-02,Feb-22,AVIN  ,JNE3671,JNE3671-TU-S,S,Robe/Jupe,1.0,500.0,475.0,275.0,200.0,42.11
TXN_003367,2022-08-02,Feb-22,AVIN  ,JNE3688,JNE3688-TU-XXL,XXL,Robe/Jupe,1.0,537.5,511.0,295.62,215.38,42.15
TXN_003366,2022-08-02,Feb-22,AVIN  ,JNE3669,JNE3669-TU-XXL,XXL,Robe/Jupe,1.0,562.5,534.0,309.38,224.62,42.06
TXN_003365,2022-08-02,Feb-22,AVIN  ,JNE3683,JNE3683-TU-XXL,XXL,Robe/Jupe,1.0,356.25,338.0,195.94,142.06,42.03
TXN_003364,2022-08-02,Feb-22,AVIN  ,J0301,J0301-TP-XXL,XXL,Robe/Jupe,1.0,387.5,368.0,213.13,154.87,42.08
TXN_003363,2022-08-02,Feb-22,AVIN  ,JNE3678,JNE3678-TU-XXL,XXL,Robe/Jupe,1.0,425.0,404.0,233.75,170.25,42.14
TXN_003362,2022-08-02,Feb-22,AVIN  ,JNE3680,JNE3680-TU-XXL,XXL,Robe/Jupe,1.0,462.5,439.0,254.38,184.62,42.05
TXN_003361,2022-08-02,Feb-22,AVIN  ,JNE3662,JNE3662-TP-XXL,XXL,Robe/Jupe,1.0,431.25,410.0,237.19,172.81,42.15
TXN_003360,2022-08-02,Feb-22,AVIN  ,JNE3672,JNE3672-TU-XXL,XXL,Robe/Jupe,1.0,500.0,475.0,275.0,200.0,42.11
TXN_003359,2022-08-02,Feb-22,AVIN  ,JNE3686,JNE3686-TU-XXL,XXL,Robe/Jupe,1.0,456.25,433.0,250.94,182.06,42.05
TXN_005813,2022-08-02,Feb-22,AVIN  ,JNE3686,JNE3686-TU-XXL,XXL,Robe/Jupe,1.0,456.25,433.0,250.94,182.06,42.05
TXN_005814,2022-08-02,Feb-22,AVIN  ,JNE3672,JNE3672-TU-XXL,XXL,Robe/Jupe,1.0,500.0,475.0,275.0,200.0,42.11
TXN_005816,2022-08-02,Feb-22,AVIN  ,JNE3680,JNE3680-TU-XXL,XXL,Robe/Jupe,1.0,462.5,439.0,254.38,184.62,42.05
TXN_003380,2022-08-02,Feb-22,AVIN  ,JNE3686,JNE3686-TU-XXL,XXL,Robe/Jupe,1.0,456.25,433.0,250.94,182.06,42.05
TXN_005817,2022-08-02,Feb-22,AVIN  ,JNE3678,JNE3678-TU-XXL,XXL,Robe/Jupe,1.0,425.0,404.0,233.75,170.25,42.14
TXN_003381,2022-08-02,Feb-22,AVIN  ,JNE3687,JNE3687-TU-L,L,Robe/Jupe,1.0,462.5,439.0,254.38,184.62,42.05
TXN_003383,2022-08-02,Feb-22,AVIN  ,JNE3688,JNE3688-TU-L,L,Robe/Jupe,1.0,537.5,511.0,295.62,215.38,42.15
TXN_003407,2022-08-02,Feb-22,AVIN  ,SET321,SET321-KR-DPT-M,M,Ensemble,1.0,1037.5,986.0,570.62,415.38,42.13
TXN_003406,2022-08-02,Feb-22,AVIN  ,SET290,SET290-KR-DPT-M,M,Ensemble,1.0,812.5,772.0,446.88,325.12,42.11
TXN_003405,2022-08-02,Feb-22,AVIN  ,J0300,J0300-TP-L,L,Robe/Jupe,1.0,243.75,232.0,134.06,97.94,42.22
TXN_003404,2022-08-02,Feb-22,AVIN  ,JNE3645,JNE3645-TP-L,L,Robe/Jupe,1.0,350.0,332.0,192.5,139.5,42.02
TXN_003403,2022-08-02,Feb-22,AVIN  ,J0172,J0172-TP-L,L,Robe/Jupe,1.0,425.0,404.0,233.75,170.25,42.14
TXN_003401,2022-08-02,Feb-22,AVIN  ,SET094,SET094-KR-NP-XL,XL,Ensemble,1.0,1000.0,950.0,550.0,400.0,42.11
TXN_003400,2022-08-02,Feb-22,AVIN  ,J0120,J0120-TP-L,L,Robe/Jupe,1.0,387.5,368.0,213.13,154.87,42.08
TXN_003399,2022-08-02,Feb-22,AVIN  ,JNE3679,JNE3679-TU-XXXL,XXXL,Robe/Jupe,1.0,456.25,433.0,250.94,182.06,42.05
TXN_003398,2022-08-02,Feb-22,AVIN  ,JNE3676,JNE3676-TU-XXXL,XXXL,Robe/Jupe,1.0,412.5,392.0,226.88,165.12,42.12
TXN_003397,2022-08-02,Feb-22,AVIN  ,J0307,J0307-TP-M,M,Robe/Jupe,1.0,425.0,404.0,233.75,170.25,42.14
TXN_003396,2022-08-02,Feb-22,AVIN  ,JNE3648,JNE3648-TP-M,M,Robe/Jupe,1.0,425.0,404.0,233.75,170.25,42.14
TXN_003395,2022-08-02,Feb-22,AVIN  ,J0172,J0172-TP-M,M,Robe/Jupe,1.0,425.0,404.0,233.75,170.25,42.14
TXN_003394,2022-08-02,Feb-22,AVIN  ,JNE3660,JNE3660-TP-M,M,Robe/Jupe,1.0,387.5,368.0,213.13,154.87,42.08
TXN_003393,2022-08-02,Feb-22,AVIN  ,JNE3668,JNE3668-TP-L,L,Robe/Jupe,1.0,425.0,404.0,233.75,170.25,42.14
TXN_003392,2022-08-02,Feb-22,AVIN  ,J0120,J0120-TP-L,L,Robe/Jupe,1.0,387.5,368.0,213.13,154.87,42.08
TXN_003391,2022-08-02,Feb-22,AVIN  ,J0300,J0300-TP-L,L,Robe/Jupe,1.0,243.75,232.0,134.06,97.94,42.22
TXN_003390,2022-08-02,Feb-22,AVIN  ,JNE3712,JNE3712-TP-L,L,Robe/Jupe,1.0,425.0,404.0,233.75,170.25,42.14
TXN_003389,2022-08-02,Feb-22,AVIN  ,JNE3648,JNE3648-TP-XL,XL,Robe/Jupe,1.0,425.0,404.0,233.75,170.25,42.14
TXN_003388,2022-08-02,Feb-22,AVIN  ,JNE3644,JNE3644-TP-XL,XL,Robe/Jupe,1.0,318.75,303.0,175.31,127.69,42.14
TXN_003387,2022-08-02,Feb-22,AVIN  ,JNE3713,JNE3713-TP-XL,XL,Robe/Jupe,1.0,356.25,338.0,195.94,142.06,42.03
TXN_003386,2022-08-02,Feb-22,AVIN  ,JNE3657,JNE3657-TP-XL,XL,Robe/Jupe,1.0,331.25,315.0,182.19,132.81,42.16
TXN_003385,2022-08-02,Feb-22,AVIN  ,J0120,J0120-TP-XXL,XXL,Robe/Jupe,1.0,387.5,368.0,213.13,154.87,42.08
TXN_003384,2022-08-02,Feb-22,AVIN  ,JNE3671,JNE3671-TU-L,L,Robe/Jupe,1.0,500.0,475.0,275.0,200.0,42.11
TXN_003382,2022-08-02,Feb-22,AVIN  ,J0118,J0118-TP-L,L,Robe/Jupe,1.0,425.0,404.0,233.75,170.25,42.14
TXN_005818,2022-08-02,Feb-22,AVIN  ,J0301,J0301-TP-XXL,XXL,Robe/Jupe,1.0,387.5,368.0,213.13,154.87,42.08
TXN_005815,2022-08-02,Feb-22,AVIN  ,JNE3662,JNE3662-TP-XXL,XXL,Robe/Jupe,1.0,431.25,410.0,237.19,172.81,42.15
TXN_005820,2022-08-02,Feb-22,AVIN  ,JNE3669,JNE3669-TU-XXL,XXL,Robe/Jupe,1.0,562.5,534.0,309.38,224.62,42.06
TXN_005843,2022-08-02,Feb-22,AVIN  ,JNE3648,JNE3648-TP-XL,XL,Robe/Jupe,1.0,425.0,404.0,233.75,170.25,42.14
TXN_005844,2022-08-02,Feb-22,AVIN  ,JNE3712,JNE3712-TP-L,L,Robe/Jupe,1.0,425.0,404.0,233.75,170.25,42.14
TXN_005845,2022-08-02,Feb-22,AVIN  ,J0300,J0300-TP-L,L,Robe/Jupe,1.0,243.75,232.0,134.06,97.94,42.22
TXN_005846,2022-08-02,Feb-22,AVIN  ,J0120,J0120-TP-L,L,Robe/Jupe,1.0,387.5,368.0,213.13,154.87,42.08
TXN_005847,2022-08-02,Feb-22,AVIN  ,JNE3668,JNE3668-TP-L,L,Robe/Jupe,1.0,425.0,404.0,233.75,170.25,42.14
TXN_005819,2022-08-02,Feb-22,AVIN  ,JNE3683,JNE3683-TU-XXL,XXL,Robe/Jupe,1.0,356.25,338.0,195.94,142.06,42.03
TXN_005849,2022-08-02,Feb-22,AVIN  ,J0172,J0172-TP-M,M,Robe/Jupe,1.0,425.0,404.0,233.75,170.25,42.14
TXN_005850,2022-08-02,Feb-22,AVIN  ,JNE3648,JNE3648-TP-M,M,Robe/Jupe,1.0,425.0,404.0,233.75,170.25,42.14
TXN_005851,2022-08-02,Feb-22,AVIN  ,J0307,J0307-TP-M,M,Robe/Jupe,1.0,425.0,404.0,233.75,170.25,42.14
TXN_005852,2022-08-02,Feb-22,AVIN  ,JNE3676,JNE3676-TU-XXXL,XXXL,Robe/Jupe,1.0,412.5,392.0,226.88,165.12,42.12
TXN_005853,2022-08-02,Feb-22,AVIN  ,JNE3679,JNE3679-TU-XXXL,XXXL,Robe/Jupe,1.0,456.25,433.0,250.94,182.06,42.05
TXN_005854,2022-08-02,Feb-22,AVIN  ,J0120,J0120-TP-L,L,Robe/Jupe,1.0,387.5,368.0,213.13,154.87,42.08
TXN_005855,2022-08-02,Feb-22,AVIN  ,SET094,SET094-KR-NP-XL,XL,Ensemble,1.0,1000.0,950.0,550.0,400.0,42.11
TXN_005856,2022-08-02,Feb-22,AVIN  ,J0197,J0197-TP-L,L,Robe/Jupe,1.0,562.5,534.0,309.38,224.62,42.06
TXN_005857,2022-08-02,Feb-22,AVIN  ,J0172,J0172-TP-L,L,Robe/Jupe,1.0,425.0,404.0,233.75,170.25,42.14
TXN_005858,2022-08-02,Feb-22,AVIN  ,JNE3645,JNE3645-TP-L,L,Robe/Jupe,1.0,350.0,332.0,192.5,139.5,42.02
TXN_005859,2022-08-02,Feb-22,AVIN  ,J0300,J0300-TP-L,L,Robe/Jupe,1.0,243.75,232.0,134.06,97.94,42.22
TXN_005860,2022-08-02,Feb-22,AVIN  ,SET290,SET290-KR-DPT-M,M,Ensemble,1.0,812.5,772.0,446.88,325.12,42.11
TXN_005861,2022-08-02,Feb-22,AVIN  ,SET321,SET321-KR-DPT-M,M,Ensemble,1.0,1037.5,986.0,570.62,415.38,42.13
TXN_005842,2022-08-02,Feb-22,AVIN  ,JNE3644,JNE3644-TP-XL,XL,Robe/Jupe,1.0,318.75,303.0,175.31,127.69,42.14
TXN_005841,2022-08-02,Feb-22,AVIN  ,JNE3713,JNE3713-TP-XL,XL,Robe/Jupe,1.0,356.25,338.0,195.94,142.06,42.03
TXN_005848,2022-08-02,Feb-22,AVIN  ,JNE3660,JNE3660-TP-M,M,Robe/Jupe,1.0,387.5,368.0,213.13,154.87,42.08
TXN_005839,2022-08-02,Feb-22,AVIN  ,J0120,J0120-TP-XXL,XXL,Robe/Jupe,1.0,387.5,368.0,213.13,154.87,42.08
TXN_005821,2022-08-02,Feb-22,AVIN  ,JNE3688,JNE3688-TU-XXL,XXL,Robe/Jupe,1.0,537.5,511.0,295.62,215.38,42.15
TXN_005822,2022-08-02,Feb-22,AVIN  ,JNE3671,JNE3671-TU-XXL,XXL,Robe/Jupe,1.0,500.0,475.0,275.0,200.0,42.11
TXN_005840,2022-08-02,Feb-22,AVIN  ,JNE3657,JNE3657-TP-XL,XL,Robe/Jupe,1.0,331.25,315.0,182.19,132.81,42.16
TXN_005823,2022-08-02,Feb-22,AVIN  ,JNE3671,JNE3671-TU-S,S,Robe/Jupe,1.0,500.0,475.0,275.0,200.0,42.11
TXN_005824,2022-08-02,Feb-22,AVIN  ,JNE3688,JNE3688-TU-S,S,Robe/Jupe,1.0,537.5,511.0,295.62,215.38,42.15
TXN_005825,2022-08-02,Feb-22,AVIN  ,J0034,J0034-SET-XS,XS,Robe/Jupe,1.0,968.75,920.0,532.81,387.19,42.09
TXN_005826,2022-08-02,Feb-22,AVIN  ,SET353,SET353-KR-NP-XS,XS,Ensemble,1.0,975.0,926.0,536.25,389.75,42.09
TXN_005828,2022-08-02,Feb-22,AVIN  ,JNE3686,JNE3686-TU-XXXL,XXXL,Robe/Jupe,1.0,456.25,433.0,250.94,182.06,42.05
TXN_005829,2022-08-02,Feb-22,AVIN  ,JNE3688,JNE3688-TU-S,S,Robe/Jupe,1.0,537.5,511.0,295.62,215.38,42.15
TXN_005827,2022-08-02,Feb-22,AVIN  ,JNE3683,JNE3683-TU-XXXL,XXXL,Robe/Jupe,1.0,356.25,338.0,195.94,142.06,42.03
TXN_005831,2022-08-02,Feb-22,AVIN  ,JNE3656,JNE3656-TP-XXL,XXL,Robe/Jupe,1.0,425.0,404.0,233.75,170.25,42.14
TXN_005838,2022-08-02,Feb-22,AVIN  ,JNE3671,JNE3671-TU-L,L,Robe/Jupe,1.0,500.0,475.0,275.0,200.0,42.11
TXN_005830,2022-08-02,Feb-22,AVIN  ,JNE3669,JNE3669-TU-L,L,Robe/Jupe,1.0,562.5,534.0,309.38,224.62,42.06
TXN_005836,2022-08-02,Feb-22,AVIN  ,J0118,J0118-TP-L,L,Robe/Jupe,1.0,425.0,404.0,233.75,170.25,42.14
TXN_005835,2022-08-02,Feb-22,AVIN  ,JNE3687,JNE3687-TU-L,L,Robe/Jupe,1.0,462.5,439.0,254.38,184.62,42.05
TXN_005837,2022-08-02,Feb-22,AVIN  ,JNE3688,JNE3688-TU-L,L,Robe/Jupe,1.0,537.5,511.0,295.62,215.38,42.15
TXN_005833,2022-08-02,Feb-22,AVIN  ,J0292,J0292-TP-XXL,XXL,Robe/Jupe,1.0,393.75,374.0,216.56,157.44,42.1
TXN_005832,2022-08-02,Feb-22,AVIN  ,JNE3678,JNE3678-TU-XXL,XXL,Robe/Jupe,1.0,425.0,404.0,233.75,170.25,42.14
TXN_005834,2022-08-02,Feb-22,AVIN  ,JNE3686,JNE3686-TU-XXL,XXL,Robe/Jupe,1.0,456.25,433.0,250.94,182.06,42.05
TXN_003789,2022-08-03,Mar-22,REMMIA MATHEWS,JNE3861,JNE3861-DR-L,L,Robe/Jupe,1.0,775.0,775.0,426.25,348.75,45.0
TXN_006705,2022-08-03,Mar-22,REMMIA MATHEWS,J0094,J0094-KR-M,M,Robe/Jupe,1.0,718.75,719.0,395.31,323.69,45.02
TXN_003790,2022-08-03,Mar-22,REMMIA MATHEWS,JNE3566,JNE3566-KR-M,M,Robe/Jupe,1.0,462.5,462.0,254.38,207.62,44.94
TXN_003791,2022-08-03,Mar-22,REMMIA MATHEWS,J0094,J0094-KR-M,M,Robe/Jupe,1.0,718.75,719.0,395.31,323.69,45.02
TXN_003792,2022-08-03,Mar-22,REMMIA MATHEWS,BTM026,BTM026-NP-L,L,Autre,1.0,425.0,425.0,233.75,191.25,45.0
TXN_006695,2022-08-03,Mar-22,REMMIA MATHEWS,J0006,J0006-SET-M,M,Robe/Jupe,1.0,925.0,925.0,508.75,416.25,45.0
TXN_006706,2022-08-03,Mar-22,REMMIA MATHEWS,BTM026,BTM026-NP-L,L,Autre,1.0,425.0,425.0,233.75,191.25,45.0
TXN_006704,2022-08-03,Mar-22,REMMIA MATHEWS,JNE3566,JNE3566-KR-M,M,Robe/Jupe,1.0,462.5,462.0,254.38,207.62,44.94
TXN_003788,2022-08-03,Mar-22,REMMIA MATHEWS,J0093,J0093-DR-XL,XL,Robe/Jupe,1.0,743.75,744.0,409.06,334.94,45.02
TXN_006702,2022-08-03,Mar-22,REMMIA MATHEWS,J0093,J0093-DR-XL,XL,Robe/Jupe,1.0,743.75,744.0,409.06,334.94,45.02
TXN_006701,2022-08-03,Mar-22,REMMIA MATHEWS,J0207,J0207-DR-S,S,Robe/Jupe,1.0,775.0,775.0,426.25,348.75,45.0
TXN_006700,2022-08-03,Mar-22,REMMIA MATHEWS,J0396,J0396-DR-M,M,Robe/Jupe,1.0,850.0,850.0,467.5,382.5,45.0
TXN_006699,2022-08-03,Mar-22,REMMIA MATHEWS,J0295,J0295-DR-M,M,Robe/Jupe,1.0,850.0,850.0,467.5,382.5,45.0
TXN_006698,2022-08-03,Mar-22,REMMIA MATHEWS,JNE3697,JNE3697-KR-XL,XL,Robe/Jupe,1.0,462.5,462.0,254.38,207.62,44.94
TXN_006697,2022-08-03,Mar-22,REMMIA MATHEWS,JNE3489,JNE3489-KR-M,M,Robe/Jupe,1.0,387.5,388.0,213.13,174.87,45.07
TXN_006696,2022-08-03,Mar-22,REMMIA MATHEWS,JNE3489,JNE3489-KR-XL,XL,Robe/Jupe,1.0,387.5,388.0,213.13,174.87,45.07
TXN_006703,2022-08-03,Mar-22,REMMIA MATHEWS,JNE3861,JNE3861-DR-L,L,Robe/Jupe,1.0,775.0,775.0,426.25,348.75,45.0
TXN_006246,2022-08-03,Mar-22,REMMIA MATHEWS,BTM026,BTM026-NP-L,L,Autre,1.0,425.0,425.0,233.75,191.25,45.0
TXN_006245,2022-08-03,Mar-22,REMMIA MATHEWS,J0094,J0094-KR-M,M,Robe/Jupe,1.0,718.75,719.0,395.31,323.69,45.02
TXN_003786,2022-08-03,Mar-22,REMMIA MATHEWS,J0396,J0396-DR-M,M,Robe/Jupe,1.0,850.0,850.0,467.5,382.5,45.0
TXN_006244,2022-08-03,Mar-22,REMMIA MATHEWS,JNE3566,JNE3566-KR-M,M,Robe/Jupe,1.0,462.5,462.0,254.38,207.62,44.94
TXN_006243,2022-08-03,Mar-22,REMMIA MATHEWS,JNE3861,JNE3861-DR-L,L,Robe/Jupe,1.0,775.0,775.0,426.25,348.75,45.0
TXN_006242,2022-08-03,Mar-22,REMMIA MATHEWS,J0093,J0093-DR-XL,XL,Robe/Jupe,1.0,743.75,744.0,409.06,334.94,45.02
TXN_006241,2022-08-03,Mar-22,REMMIA MATHEWS,J0207,J0207-DR-S,S,Robe/Jupe,1.0,775.0,775.0,426.25,348.75,45.0
TXN_006240,2022-08-03,Mar-22,REMMIA MATHEWS,J0396,J0396-DR-M,M,Robe/Jupe,1.0,850.0,850.0,467.5,382.5,45.0
TXN_006239,2022-08-03,Mar-22,REMMIA MATHEWS,J0295,J0295-DR-M,M,Robe/Jupe,1.0,850.0,850.0,467.5,382.5,45.0
TXN_003787,2022-08-03,Mar-22,REMMIA MATHEWS,J0207,J0207-DR-S,S,Robe/Jupe,1.0,775.0,775.0,426.25,348.75,45.0
TXN_006237,2022-08-03,Mar-22,REMMIA MATHEWS,JNE3489,JNE3489-KR-M,M,Robe/Jupe,1.0,387.5,388.0,213.13,174.87,45.07
TXN_006238,2022-08-03,Mar-22,REMMIA MATHEWS,JNE3697,JNE3697-KR-XL,XL,Robe/Jupe,1.0,462.5,462.0,254.38,207.62,44.94
TXN_006235,2022-08-03,Mar-22,REMMIA MATHEWS,J0006,J0006-SET-M,M,Robe/Jupe,1.0,925.0,925.0,508.75,416.25,45.0
TXN_003781,2022-08-03,Mar-22,REMMIA MATHEWS,J0006,J0006-SET-M,M,Robe/Jupe,1.0,925.0,925.0,508.75,416.25,45.0
TXN_003782,2022-08-03,Mar-22,REMMIA MATHEWS,JNE3489,JNE3489-KR-XL,XL,Robe/Jupe,1.0,387.5,388.0,213.13,174.87,45.07
TXN_003783,2022-08-03,Mar-22,REMMIA MATHEWS,JNE3489,JNE3489-KR-M,M,Robe/Jupe,1.0,387.5,388.0,213.13,174.87,45.07
TXN_003784,2022-08-03,Mar-22,REMMIA MATHEWS,JNE3697,JNE3697-KR-XL,XL,Robe/Jupe,1.0,462.5,462.0,254.38,207.62,44.94
TXN_003785,2022-08-03,Mar-22,REMMIA MATHEWS,J0295,J0295-DR-M,M,Robe/Jupe,1.0,850.0,850.0,467.5,382.5,45.0
TXN_006236,2022-08-03,Mar-22,REMMIA MATHEWS,JNE3489,JNE3489-KR-XL,XL,Robe/Jupe,1.0,387.5,388.0,213.13,174.87,45.07
TXN_007492,2022-08-04,Apr-22,Chaaya Sookdeb,JNE3800,,XL,Robe/Jupe,1.0,975.0,975.0,536.25,438.75,45.0
TXN_007496,2022-08-04,Apr-22,Chaaya Sookdeb,JNE3895,,XXL,Robe/Jupe,1.0,737.5,737.5,405.63,331.87,45.0
TXN_007495,2022-08-04,Apr-22,Chaaya Sookdeb,JNE3893,,XXL,Robe/Jupe,1.0,687.5,687.5,378.13,309.37,45.0
TXN_007494,2022-08-04,Apr-22,Chaaya Sookdeb,J0414,,XL,Robe/Jupe,1.0,887.5,887.5,488.13,399.37,45.0
TXN_007493,2022-08-04,Apr-22,Chaaya Sookdeb,J0395,,XL,Robe/Jupe,1.0,850.0,850.0,467.5,382.5,45.0
TXN_007491,2022-08-04,Apr-22,Chaaya Sookdeb,JNE3800,,XS,Robe/Jupe,1.0,975.0,975.0,536.25,438.75,45.0
TXN_007479,2022-08-04,Apr-22,Chaaya Sookdeb,JNE3879,,S,Robe/Jupe,1.0,775.0,775.0,426.25,348.75,45.0
TXN_007489,2022-08-04,Apr-22,Chaaya Sookdeb,J0248,,S,Robe/Jupe,1.0,1125.0,1125.0,618.75,506.25,45.0
TXN_007453,2022-08-04,Apr-22,Chaaya Sookdeb,J0398,,M,Robe/Jupe,1.0,887.5,887.5,488.13,399.37,45.0
TXN_007452,2022-08-04,Apr-22,Chaaya Sookdeb,J0395,,L,Robe/Jupe,1.0,850.0,850.0,467.5,382.5,45.0
TXN_007451,2022-08-04,Apr-22,Chaaya Sookdeb,J0339,,M,Robe/Jupe,1.0,775.0,775.0,426.25,348.75,45.0
TXN_007450,2022-08-04,Apr-22,Chaaya Sookdeb,J0395,,M,Robe/Jupe,1.0,850.0,850.0,467.5,382.5,45.0
TXN_007449,2022-08-04,Apr-22,Chaaya Sookdeb,J0396,,M,Robe/Jupe,1.0,850.0,850.0,467.5,382.5,45.0
TXN_007448,2022-08-04,Apr-22,Chaaya Sookdeb,J0398,,M,Robe/Jupe,1.0,887.5,887.5,488.13,399.37,45.0
TXN_007447,2022-08-04,Apr-22,Chaaya Sookdeb,JNE3797,,M,Robe/Jupe,1.0,975.0,975.0,536.25,438.75,45.0
TXN_007446,2022-08-04,Apr-22,Chaaya Sookdeb,J0339,,S,Robe/Jupe,1.0,775.0,775.0,426.25,348.75,45.0
TXN_007445,2022-08-04,Apr-22,Chaaya Sookdeb,J0396,,XS,Robe/Jupe,1.0,850.0,850.0,467.5,382.5,45.0
TXN_007490,2022-08-04,Apr-22,Chaaya Sookdeb,J0398,,XS,Robe/Jupe,2.0,887.5,1775.0,976.25,798.75,45.0
TXN_007443,2022-08-04,Apr-22,Chaaya Sookdeb,JNE3797,,S,Robe/Jupe,1.0,975.0,975.0,536.25,438.75,45.0
TXN_007442,2022-08-04,Apr-22,Chaaya Sookdeb,J0414,,S,Robe/Jupe,1.0,887.5,887.5,488.13,399.37,45.0
TXN_007441,2022-08-04,Apr-22,Chaaya Sookdeb,J0396,,S,Robe/Jupe,1.0,850.0,850.0,467.5,382.5,45.0
TXN_007440,2022-08-04,Apr-22,Chaaya Sookdeb,J0416,,S,Robe/Jupe,1.0,812.5,812.5,446.88,365.62,45.0
TXN_007454,2022-08-04,Apr-22,Chaaya Sookdeb,JNE3880,,M,Robe/Jupe,1.0,650.0,650.0,357.5,292.5,45.0
TXN_007439,2022-08-04,Apr-22,Chaaya Sookdeb,SET319,,L,Ensemble,1.0,975.0,975.0,536.25,438.75,45.0
TXN_007437,2022-08-04,Apr-22,Chaaya Sookdeb,JNE3880,,XL,Robe/Jupe,1.0,650.0,650.0,357.5,292.5,45.0
TXN_007436,2022-08-04,Apr-22,Chaaya Sookdeb,J0416,,M,Robe/Jupe,1.0,812.5,812.5,446.88,365.62,45.0
TXN_007435,2022-08-04,Apr-22,Chaaya Sookdeb,JNE3880,,XXL,Robe/Jupe,1.0,650.0,650.0,357.5,292.5,45.0
TXN_007434,2022-08-04,Apr-22,Chaaya Sookdeb,J0400,,XXXL,Robe/Jupe,1.0,850.0,850.0,467.5,382.5,45.0
TXN_007433,2022-08-04,Apr-22,Chaaya Sookdeb,J0395,,XXXL,Robe/Jupe,1.0,850.0,850.0,467.5,382.5,45.0
TXN_007432,2022-08-04,Apr-22,Chaaya Sookdeb,J0339,,XXXL,Robe/Jupe,1.0,775.0,775.0,426.25,348.75,45.0
TXN_007431,2022-08-04,Apr-22,Chaaya Sookdeb,J0396,,M,Robe/Jupe,1.0,850.0,850.0,467.5,382.5,45.0
TXN_007430,2022-08-04,Apr-22,Chaaya Sookdeb,SET322,,M,Ensemble,1.0,1237.5,1237.5,680.62,556.88,45.0
TXN_007429,2022-08-04,Apr-22,Chaaya Sookdeb,SET305,,S,Ensemble,1.0,1037.5,1037.5,570.62,466.88,45.0
TXN_007428,2022-08-04,Apr-22,Chaaya Sookdeb,SET355,,XS,Ensemble,1.0,1625.0,1625.0,893.75,731.25,45.0
TXN_007427,2022-08-04,Apr-22,Chaaya Sookdeb,JNE3880,,L,Robe/Jupe,1.0,650.0,650.0,357.5,292.5,45.0
TXN_007426,2022-08-04,Apr-22,Chaaya Sookdeb,SET350,,L,Ensemble,1.0,1512.5,1512.5,831.88,680.62,45.0
TXN_007425,2022-08-04,Apr-22,Chaaya Sookdeb,SET325,,M,Ensemble,1.0,687.5,687.5,378.13,309.37,45.0
TXN_007424,2022-08-04,Apr-22,Chaaya Sookdeb,SET322,,M,Ensemble,1.0,1237.5,1237.5,680.62,556.88,45.0
TXN_007438,2022-08-04,Apr-22,Chaaya Sookdeb,JNE3800,,M,Robe/Jupe,1.0,975.0,975.0,536.25,438.75,45.0
TXN_007455,2022-08-04,Apr-22,Chaaya Sookdeb,JNE3798,,M,Robe/Jupe,1.0,975.0,975.0,536.25,438.75,45.0
TXN_007444,2022-08-04,Apr-22,Chaaya Sookdeb,J0395,,XS,Robe/Jupe,1.0,850.0,850.0,467.5,382.5,45.0
TXN_007457,2022-08-04,Apr-22,Chaaya Sookdeb,J0398,,XS,Robe/Jupe,1.0,887.5,887.5,488.13,399.37,45.0
TXN_007488,2022-08-04,Apr-22,Chaaya Sookdeb,J0395,,XXXL,Robe/Jupe,1.0,850.0,850.0,467.5,382.5,45.0
TXN_007487,2022-08-04,Apr-22,Chaaya Sookdeb,J0414,,S,Robe/Jupe,1.0,887.5,887.5,488.13,399.37,45.0
TXN_007486,2022-08-04,Apr-22,Chaaya Sookdeb,J0252,,S,Robe/Jupe,1.0,1037.5,1037.5,570.62,466.88,45.0
TXN_007456,2022-08-04,Apr-22,Chaaya Sookdeb,J0398,,M,Robe/Jupe,1.0,887.5,887.5,488.13,399.37,45.0
TXN_007484,2022-08-04,Apr-22,Chaaya Sookdeb,J0242,,XS,Robe/Jupe,1.0,1350.0,1350.0,742.5,607.5,45.0
TXN_007483,2022-08-04,Apr-22,Chaaya Sookdeb,J0245,,XXXL,Robe/Jupe,1.0,1312.5,1312.5,721.88,590.62,45.0
TXN_007482,2022-08-04,Apr-22,Chaaya Sookdeb,J0339,,XS,Robe/Jupe,1.0,775.0,775.0,426.25,348.75,45.0
TXN_007481,2022-08-04,Apr-22,Chaaya Sookdeb,J0339,,S,Robe/Jupe,1.0,775.0,775.0,426.25,348.75,45.0
TXN_007480,2022-08-04,Apr-22,Chaaya Sookdeb,JNE3881,,S,Robe/Jupe,1.0,812.5,812.5,446.88,365.62,45.0
TXN_007478,2022-08-04,Apr-22,Chaaya Sookdeb,J0396,,S,Robe/Jupe,1.0,850.0,850.0,467.5,382.5,45.0
TXN_007477,2022-08-04,Apr-22,Chaaya Sookdeb,J0400,,S,Robe/Jupe,1.0,850.0,850.0,467.5,382.5,45.0
TXN_007476,2022-08-04,Apr-22,Chaaya Sookdeb,J0242,,XL,Robe/Jupe,1.0,1350.0,1350.0,742.5,607.5,45.0
TXN_007475,2022-08-04,Apr-22,Chaaya Sookdeb,J0242,,S,Robe/Jupe,1.0,1350.0,1350.0,742.5,607.5,45.0
TXN_007474,2022-08-04,Apr-22,Chaaya Sookdeb,JNE3800,,L,Robe/Jupe,1.0,975.0,975.0,536.25,438.75,45.0
TXN_007473,2022-08-04,Apr-22,Chaaya Sookdeb,J0012,,S,Robe/Jupe,1.0,1387.5,1387.5,763.13,624.37,45.0
TXN_007485,2022-08-04,Apr-22,Chaaya Sookdeb,J0252,,XS,Robe/Jupe,1.0,1037.5,1037.5,570.62,466.88,45.0
TXN_007471,2022-08-04,Apr-22,Chaaya Sookdeb,JNE3880,,XS,Robe/Jupe,1.0,650.0,650.0,357.5,292.5,45.0
TXN_007472,2022-08-04,Apr-22,Chaaya Sookdeb,J0339,,XS,Robe/Jupe,1.0,775.0,775.0,426.25,348.75,45.0
TXN_007458,2022-08-04,Apr-22,Chaaya Sookdeb,JNE3881,,M,Robe/Jupe,1.0,812.5,812.5,446.88,365.62,45.0
TXN_007460,2022-08-04,Apr-22,Chaaya Sookdeb,JNE3881,,XS,Robe/Jupe,1.0,812.5,812.5,446.88,365.62,45.0
TXN_007461,2022-08-04,Apr-22,Chaaya Sookdeb,J0414,,XS,Robe/Jupe,1.0,887.5,887.5,488.13,399.37,45.0
TXN_007462,2022-08-04,Apr-22,Chaaya Sookdeb,JNE3880,,M,Robe/Jupe,1.0,650.0,650.0,357.5,292.5,45.0
TXN_007463,2022-08-04,Apr-22,Chaaya Sookdeb,SET355,,XS,Ensemble,1.0,1625.0,1625.0,893.75,731.25,45.0
TXN_007464,2022-08-04,Apr-22,Chaaya Sookdeb,J0398,,M,Robe/Jupe,1.0,887.5,887.5,488.13,399.37,45.0
TXN_007459,2022-08-04,Apr-22,Chaaya Sookdeb,JNE3880,,M,Robe/Jupe,1.0,650.0,650.0,357.5,292.5,45.0
TXN_007466,2022-08-04,Apr-22,Chaaya Sookdeb,JNE3881,,L,Robe/Jupe,1.0,812.5,812.5,446.88,365.62,45.0
TXN_007467,2022-08-04,Apr-22,Chaaya Sookdeb,J0398,,M,Robe/Jupe,1.0,887.5,887.5,488.13,399.37,45.0
TXN_007468,2022-08-04,Apr-22,Chaaya Sookdeb,SET330,,L,Ensemble,1.0,687.5,687.5,378.13,309.37,45.0
TXN_007469,2022-08-04,Apr-22,Chaaya Sookdeb,JNE3880,,S,Robe/Jupe,1.0,650.0,650.0,357.5,292.5,45.0
TXN_007465,2022-08-04,Apr-22,Chaaya Sookdeb,JNE3441,,L,Robe/Jupe,1.0,425.0,425.0,233.75,191.25,45.0
TXN_007470,2022-08-04,Apr-22,Chaaya Sookdeb,JNE3797,,XXXL,Robe/Jupe,1.0,975.0,975.0,536.25,438.75,45.0
TXN_006817,2022-09-03,Mar-22,TURGAH MUTHU KUMAR,SET043,SET043-KR-NP-L,L,Ensemble,1.0,1000.0,1000.0,550.0,450.0,45.0
TXN_006816,2022-09-03,Mar-22,TURGAH MUTHU KUMAR,SET043,SET043-KR-NP-M,M,Ensemble,1.0,1000.0,1000.0,550.0,450.0,45.0
TXN_006815,2022-09-03,Mar-22,TURGAH MUTHU KUMAR,SET197,SET197-KR-NP-L,L,Ensemble,1.0,887.5,888.0,488.13,399.87,45.03
TXN_006814,2022-09-03,Mar-22,TURGAH MUTHU KUMAR,SET197,SET197-KR-NP-XL,XL,Ensemble,1.0,887.5,888.0,488.13,399.87,45.03
TXN_006811,2022-09-03,Mar-22,TURGAH MUTHU KUMAR,J0282,J0282-SET-S,S,Robe/Jupe,1.0,1237.5,1238.0,680.62,557.38,45.02
TXN_006812,2022-09-03,Mar-22,TURGAH MUTHU KUMAR,SET197,SET197-KR-NP-S,S,Ensemble,1.0,887.5,888.0,488.13,399.87,45.03
TXN_006810,2022-09-03,Mar-22,TURGAH MUTHU KUMAR,SET194,SET194-KR-NP-L,L,Ensemble,1.0,737.5,738.0,405.63,332.37,45.04
TXN_006809,2022-09-03,Mar-22,TURGAH MUTHU KUMAR,SET194,SET194-KR-NP-XL,XL,Ensemble,1.0,737.5,738.0,405.63,332.37,45.04
TXN_006818,2022-09-03,Mar-22,TURGAH MUTHU KUMAR,J0371,J0371-SKD-L,L,Robe/Jupe,1.0,1237.5,1238.0,680.62,557.38,45.02
TXN_006808,2022-09-03,Mar-22,TURGAH MUTHU KUMAR,SET194,SET194-KR-NP-M,M,Ensemble,1.0,737.5,738.0,405.63,332.37,45.04
TXN_006813,2022-09-03,Mar-22,TURGAH MUTHU KUMAR,SET197,SET197-KR-NP-M,M,Ensemble,2.0,887.5,1775.0,976.25,798.75,45.0
TXN_006819,2022-09-03,Mar-22,TURGAH MUTHU KUMAR,SET329,SET329-KR-NP-XL,XL,Ensemble,1.0,687.5,688.0,378.13,309.87,45.04
TXN_006826,2022-09-03,Mar-22,TURGAH MUTHU KUMAR,SET295,SET295-KR-NP-XL,XL,Ensemble,1.0,850.0,850.0,467.5,382.5,45.0
TXN_006821,2022-09-03,Mar-22,TURGAH MUTHU KUMAR,SET326,SET326-KR-PP-M,M,Ensemble,1.0,687.5,688.0,378.13,309.87,45.04
TXN_006822,2022-09-03,Mar-22,TURGAH MUTHU KUMAR,SET326,SET326-KR-PP-L,L,Ensemble,1.0,687.5,688.0,378.13,309.87,45.04
TXN_006823,2022-09-03,Mar-22,TURGAH MUTHU KUMAR,SET306,SET306-KR-PP-L,L,Ensemble,1.0,737.5,738.0,405.63,332.37,45.04
TXN_006824,2022-09-03,Mar-22,TURGAH MUTHU KUMAR,SET293,SET293-KR-NP-M,M,Ensemble,1.0,775.0,775.0,426.25,348.75,45.0
TXN_006825,2022-09-03,Mar-22,TURGAH MUTHU KUMAR,SET293,SET293-KR-NP-L,L,Ensemble,1.0,775.0,775.0,426.25,348.75,45.0
TXN_006827,2022-09-03,Mar-22,TURGAH MUTHU KUMAR,SET301,SET301-KR-PP-M,M,Ensemble,1.0,1312.5,1312.0,721.88,590.12,44.98
TXN_006828,2022-09-03,Mar-22,TURGAH MUTHU KUMAR,SET339,SET339-KR-NP-S,S,Ensemble,1.0,737.5,738.0,405.63,332.37,45.04
TXN_006829,2022-09-03,Mar-22,TURGAH MUTHU KUMAR,SET351,SET351-KR-NP-L,L,Ensemble,1.0,612.5,612.0,336.88,275.12,44.95
TXN_006830,2022-09-03,Mar-22,TURGAH MUTHU KUMAR,SET374,SET374-KR-NP-L,L,Ensemble,1.0,650.0,650.0,357.5,292.5,45.0
TXN_006831,2022-09-03,Mar-22,TURGAH MUTHU KUMAR,SET374,SET374-KR-NP-M,M,Ensemble,1.0,650.0,650.0,357.5,292.5,45.0
TXN_006807,2022-09-03,Mar-22,TURGAH MUTHU KUMAR,SET199,SET199-KR-NP-XL,XL,Ensemble,1.0,737.5,738.0,405.63,332.37,45.04
TXN_006820,2022-09-03,Mar-22,TURGAH MUTHU KUMAR,SET329,SET329-KR-NP-M,M,Ensemble,1.0,687.5,688.0,378.13,309.87,45.04
TXN_006806,2022-09-03,Mar-22,TURGAH MUTHU KUMAR,SET199,SET199-KR-NP-L,L,Ensemble,1.0,737.5,738.0,405.63,332.37,45.04
TXN_003899,2022-09-03,Mar-22,TURGAH MUTHU KUMAR,SET197,SET197-KR-NP-M,M,Ensemble,2.0,887.5,1775.0,976.25,798.75,45.0
TXN_006804,2022-09-03,Mar-22,TURGAH MUTHU KUMAR,SET269,SET269-KR-NP-L,L,Ensemble,1.0,975.0,975.0,536.25,438.75,45.0
TXN_006366,2022-09-03,Mar-22,TURGAH MUTHU KUMAR,SET295,SET295-KR-NP-XL,XL,Ensemble,1.0,850.0,850.0,467.5,382.5,45.0
TXN_006367,2022-09-03,Mar-22,TURGAH MUTHU KUMAR,SET301,SET301-KR-PP-M,M,Ensemble,1.0,1312.5,1312.0,721.88,590.12,44.98
TXN_006368,2022-09-03,Mar-22,TURGAH MUTHU KUMAR,SET339,SET339-KR-NP-S,S,Ensemble,1.0,737.5,738.0,405.63,332.37,45.04
TXN_006369,2022-09-03,Mar-22,TURGAH MUTHU KUMAR,SET351,SET351-KR-NP-L,L,Ensemble,1.0,612.5,612.0,336.88,275.12,44.95
TXN_006370,2022-09-03,Mar-22,TURGAH MUTHU KUMAR,SET374,SET374-KR-NP-L,L,Ensemble,1.0,650.0,650.0,357.5,292.5,45.0
TXN_006371,2022-09-03,Mar-22,TURGAH MUTHU KUMAR,SET374,SET374-KR-NP-M,M,Ensemble,1.0,650.0,650.0,357.5,292.5,45.0
TXN_003901,2022-09-03,Mar-22,TURGAH MUTHU KUMAR,SET197,SET197-KR-NP-L,L,Ensemble,1.0,887.5,888.0,488.13,399.87,45.03
TXN_003900,2022-09-03,Mar-22,TURGAH MUTHU KUMAR,SET197,SET197-KR-NP-XL,XL,Ensemble,1.0,887.5,888.0,488.13,399.87,45.03
TXN_003898,2022-09-03,Mar-22,TURGAH MUTHU KUMAR,SET197,SET197-KR-NP-S,S,Ensemble,1.0,887.5,888.0,488.13,399.87,45.03
TXN_003897,2022-09-03,Mar-22,TURGAH MUTHU KUMAR,J0282,J0282-SET-S,S,Robe/Jupe,1.0,1237.5,1238.0,680.62,557.38,45.02
TXN_003896,2022-09-03,Mar-22,TURGAH MUTHU KUMAR,SET194,SET194-KR-NP-L,L,Ensemble,1.0,737.5,738.0,405.63,332.37,45.04
TXN_003895,2022-09-03,Mar-22,TURGAH MUTHU KUMAR,SET194,SET194-KR-NP-XL,XL,Ensemble,1.0,737.5,738.0,405.63,332.37,45.04
TXN_003894,2022-09-03,Mar-22,TURGAH MUTHU KUMAR,SET194,SET194-KR-NP-M,M,Ensemble,1.0,737.5,738.0,405.63,332.37,45.04
TXN_003893,2022-09-03,Mar-22,TURGAH MUTHU KUMAR,SET199,SET199-KR-NP-XL,XL,Ensemble,1.0,737.5,738.0,405.63,332.37,45.04
TXN_003892,2022-09-03,Mar-22,TURGAH MUTHU KUMAR,SET199,SET199-KR-NP-L,L,Ensemble,1.0,737.5,738.0,405.63,332.37,45.04
TXN_003891,2022-09-03,Mar-22,TURGAH MUTHU KUMAR,SET199,SET199-KR-NP-S,S,Ensemble,1.0,737.5,738.0,405.63,332.37,45.04
TXN_003890,2022-09-03,Mar-22,TURGAH MUTHU KUMAR,SET269,SET269-KR-NP-L,L,Ensemble,1.0,975.0,975.0,536.25,438.75,45.0
TXN_003889,2022-09-03,Mar-22,TURGAH MUTHU KUMAR,SET269,SET269-KR-NP-S,S,Ensemble,1.0,975.0,975.0,536.25,438.75,45.0
TXN_003888,2022-09-03,Mar-22,BHANU SALEINE NAUNITHAM ,PJNE3440,PJNE3440-KR-6XL,6XL,Autre,1.0,537.5,538.0,295.62,242.38,45.05
TXN_003887,2022-09-03,Mar-22,BHANU SALEINE NAUNITHAM ,PJNE3440,PJNE3440-KR-5XL,5XL,Autre,1.0,537.5,538.0,295.62,242.38,45.05
TXN_003886,2022-09-03,Mar-22,BHANU SALEINE NAUNITHAM ,PJNE3440,PJNE3440-KR-4XL,4XL,Autre,1.0,537.5,538.0,295.62,242.38,45.05
TXN_003885,2022-09-03,Mar-22,BHANU SALEINE NAUNITHAM ,PJNE3364,PJNE3364-KR-4XL,4XL,Autre,1.0,587.5,588.0,323.12,264.88,45.05
TXN_003884,2022-09-03,Mar-22,BHANU SALEINE NAUNITHAM ,PJNE3364,PJNE3364-KR-6XL,6XL,Autre,1.0,587.5,588.0,323.12,264.88,45.05
TXN_006365,2022-09-03,Mar-22,TURGAH MUTHU KUMAR,SET293,SET293-KR-NP-L,L,Ensemble,1.0,775.0,775.0,426.25,348.75,45.0
TXN_003883,2022-09-03,Mar-22,BHANU SALEINE NAUNITHAM ,PJNE3364,PJNE3364-KR-5XL,5XL,Autre,1.0,587.5,588.0,323.12,264.88,45.05
TXN_006364,2022-09-03,Mar-22,TURGAH MUTHU KUMAR,SET293,SET293-KR-NP-M,M,Ensemble,1.0,775.0,775.0,426.25,348.75,45.0
TXN_006362,2022-09-03,Mar-22,TURGAH MUTHU KUMAR,SET326,SET326-KR-PP-L,L,Ensemble,1.0,687.5,688.0,378.13,309.87,45.04
TXN_006339,2022-09-03,Mar-22,BHANU SALEINE NAUNITHAM ,PJNE3364,PJNE3364-KR-4XL,4XL,Autre,1.0,587.5,588.0,323.12,264.88,45.05
TXN_006340,2022-09-03,Mar-22,BHANU SALEINE NAUNITHAM ,PJNE3440,PJNE3440-KR-4XL,4XL,Autre,1.0,537.5,538.0,295.62,242.38,45.05
TXN_006341,2022-09-03,Mar-22,BHANU SALEINE NAUNITHAM ,PJNE3440,PJNE3440-KR-5XL,5XL,Autre,1.0,537.5,538.0,295.62,242.38,45.05
TXN_006342,2022-09-03,Mar-22,BHANU SALEINE NAUNITHAM ,PJNE3440,PJNE3440-KR-6XL,6XL,Autre,1.0,537.5,538.0,295.62,242.38,45.05
TXN_006343,2022-09-03,Mar-22,TURGAH MUTHU KUMAR,SET269,SET269-KR-NP-S,S,Ensemble,1.0,975.0,975.0,536.25,438.75,45.0
TXN_006344,2022-09-03,Mar-22,TURGAH MUTHU KUMAR,SET269,SET269-KR-NP-L,L,Ensemble,1.0,975.0,975.0,536.25,438.75,45.0
TXN_006345,2022-09-03,Mar-22,TURGAH MUTHU KUMAR,SET199,SET199-KR-NP-S,S,Ensemble,1.0,737.5,738.0,405.63,332.37,45.04
TXN_006346,2022-09-03,Mar-22,TURGAH MUTHU KUMAR,SET199,SET199-KR-NP-L,L,Ensemble,1.0,737.5,738.0,405.63,332.37,45.04
TXN_006347,2022-09-03,Mar-22,TURGAH MUTHU KUMAR,SET199,SET199-KR-NP-XL,XL,Ensemble,1.0,737.5,738.0,405.63,332.37,45.04
TXN_006348,2022-09-03,Mar-22,TURGAH MUTHU KUMAR,SET194,SET194-KR-NP-M,M,Ensemble,1.0,737.5,738.0,405.63,332.37,45.04
TXN_006349,2022-09-03,Mar-22,TURGAH MUTHU KUMAR,SET194,SET194-KR-NP-XL,XL,Ensemble,1.0,737.5,738.0,405.63,332.37,45.04
TXN_006350,2022-09-03,Mar-22,TURGAH MUTHU KUMAR,SET194,SET194-KR-NP-L,L,Ensemble,1.0,737.5,738.0,405.63,332.37,45.04
TXN_006351,2022-09-03,Mar-22,TURGAH MUTHU KUMAR,J0282,J0282-SET-S,S,Robe/Jupe,1.0,1237.5,1238.0,680.62,557.38,45.02
TXN_006352,2022-09-03,Mar-22,TURGAH MUTHU KUMAR,SET197,SET197-KR-NP-S,S,Ensemble,1.0,887.5,888.0,488.13,399.87,45.03
TXN_006353,2022-09-03,Mar-22,TURGAH MUTHU KUMAR,SET197,SET197-KR-NP-M,M,Ensemble,2.0,887.5,1775.0,976.25,798.75,45.0
TXN_006354,2022-09-03,Mar-22,TURGAH MUTHU KUMAR,SET197,SET197-KR-NP-XL,XL,Ensemble,1.0,887.5,888.0,488.13,399.87,45.03
TXN_006355,2022-09-03,Mar-22,TURGAH MUTHU KUMAR,SET197,SET197-KR-NP-L,L,Ensemble,1.0,887.5,888.0,488.13,399.87,45.03
TXN_006356,2022-09-03,Mar-22,TURGAH MUTHU KUMAR,SET043,SET043-KR-NP-M,M,Ensemble,1.0,1000.0,1000.0,550.0,450.0,45.0
TXN_006357,2022-09-03,Mar-22,TURGAH MUTHU KUMAR,SET043,SET043-KR-NP-L,L,Ensemble,1.0,1000.0,1000.0,550.0,450.0,45.0
TXN_006358,2022-09-03,Mar-22,TURGAH MUTHU KUMAR,J0371,J0371-SKD-L,L,Robe/Jupe,1.0,1237.5,1238.0,680.62,557.38,45.02
TXN_006359,2022-09-03,Mar-22,TURGAH MUTHU KUMAR,SET329,SET329-KR-NP-XL,XL,Ensemble,1.0,687.5,688.0,378.13,309.87,45.04
TXN_006360,2022-09-03,Mar-22,TURGAH MUTHU KUMAR,SET329,SET329-KR-NP-M,M,Ensemble,1.0,687.5,688.0,378.13,309.87,45.04
TXN_006361,2022-09-03,Mar-22,TURGAH MUTHU KUMAR,SET326,SET326-KR-PP-M,M,Ensemble,1.0,687.5,688.0,378.13,309.87,45.04
TXN_006363,2022-09-03,Mar-22,TURGAH MUTHU KUMAR,SET306,SET306-KR-PP-L,L,Ensemble,1.0,737.5,738.0,405.63,332.37,45.04
TXN_006338,2022-09-03,Mar-22,BHANU SALEINE NAUNITHAM ,PJNE3364,PJNE3364-KR-6XL,6XL,Autre,1.0,587.5,588.0,323.12,264.88,45.05
TXN_003882,2022-09-03,Mar-22,BHANU SALEINE NAUNITHAM ,JNE3564,JNE3564-KR-XXL,XXL,Robe/Jupe,1.0,425.0,425.0,233.75,191.25,45.0
TXN_003880,2022-09-03,Mar-22,BHANU SALEINE NAUNITHAM ,JNE3564,JNE3564-KR-L,L,Robe/Jupe,1.0,425.0,425.0,233.75,191.25,45.0
TXN_006716,2022-09-03,Mar-22,NATHIYA REDDY,JNE3687,JNE3687-TU-M,M,Robe/Jupe,1.0,462.5,462.0,254.38,207.62,44.94
TXN_006717,2022-09-03,Mar-22,NATHIYA REDDY,JNE3687,JNE3687-TU-XXL,XXL,Robe/Jupe,1.0,462.5,462.0,254.38,207.62,44.94
TXN_006718,2022-09-03,Mar-22,NATHIYA REDDY,JNE3691,JNE3691-TU-XXL,XXL,Robe/Jupe,1.0,562.5,562.0,309.38,252.62,44.95
TXN_006719,2022-09-03,Mar-22,NATHIYA REDDY,JNE3759,JNE3759-KR-M,M,Robe/Jupe,1.0,500.0,500.0,275.0,225.0,45.0
TXN_006720,2022-09-03,Mar-22,NATHIYA REDDY,SET043,SET043-KR-NP-M,M,Ensemble,1.0,1000.0,1000.0,550.0,450.0,45.0
TXN_006722,2022-09-03,Mar-22,NATHIYA REDDY,SET236,SET236-KR-PP-L,L,Ensemble,1.0,750.0,750.0,412.5,337.5,45.0
TXN_006723,2022-09-03,Mar-22,NATHIYA REDDY,SET253,SET253-KR-NP-XXXL,XXXL,Ensemble,1.0,850.0,850.0,467.5,382.5,45.0
TXN_006724,2022-09-03,Mar-22,NATHIYA REDDY,SET295,SET295-KR-NP-M,M,Ensemble,1.0,850.0,850.0,467.5,382.5,45.0
TXN_006725,2022-09-03,Mar-22,NATHIYA REDDY,SET375,SET375-KR-NP-M,M,Ensemble,1.0,737.5,738.0,405.63,332.37,45.04
TXN_006726,2022-09-03,Mar-22,BHANU SALEINE NAUNITHAM ,JNE3364,JNE3364-KR-1051-S,S,Robe/Jupe,1.0,425.0,425.0,233.75,191.25,45.0
TXN_006727,2022-09-03,Mar-22,BHANU SALEINE NAUNITHAM ,JNE3364,JNE3364-KR-1051-XL,XL,Robe/Jupe,1.0,425.0,425.0,233.75,191.25,45.0
TXN_006728,2022-09-03,Mar-22,BHANU SALEINE NAUNITHAM ,JNE3364,JNE3364-KR-1051-XXL,XXL,Robe/Jupe,1.0,425.0,425.0,233.75,191.25,45.0
TXN_006729,2022-09-03,Mar-22,BHANU SALEINE NAUNITHAM ,JNE3364,JNE3364-KR-1051-XXXL,XXXL,Robe/Jupe,1.0,425.0,425.0,233.75,191.25,45.0
TXN_006730,2022-09-03,Mar-22,BHANU SALEINE NAUNITHAM ,JNE3364,JNE3364-KR-1051-M,M,Robe/Jupe,1.0,425.0,425.0,233.75,191.25,45.0
TXN_006731,2022-09-03,Mar-22,BHANU SALEINE NAUNITHAM ,JNE3364,JNE3364-KR-1051-L,L,Robe/Jupe,1.0,425.0,425.0,233.75,191.25,45.0
TXN_006732,2022-09-03,Mar-22,BHANU SALEINE NAUNITHAM ,JNE3365,JNE3365-KR-1052-S,S,Robe/Jupe,1.0,425.0,425.0,233.75,191.25,45.0
TXN_006733,2022-09-03,Mar-22,BHANU SALEINE NAUNITHAM ,JNE3365,JNE3365-KR-1052-M,M,Robe/Jupe,1.0,425.0,425.0,233.75,191.25,45.0
TXN_006734,2022-09-03,Mar-22,BHANU SALEINE NAUNITHAM ,JNE3365,JNE3365-KR-1052-XXL,XXL,Robe/Jupe,1.0,425.0,425.0,233.75,191.25,45.0
TXN_006735,2022-09-03,Mar-22,BHANU SALEINE NAUNITHAM ,JNE3365,JNE3365-KR-1052-XXXL,XXXL,Robe/Jupe,1.0,425.0,425.0,233.75,191.25,45.0
TXN_006736,2022-09-03,Mar-22,BHANU SALEINE NAUNITHAM ,JNE3365,JNE3365-KR-1052-L,L,Robe/Jupe,1.0,425.0,425.0,233.75,191.25,45.0
TXN_006737,2022-09-03,Mar-22,BHANU SALEINE NAUNITHAM ,JNE3365,JNE3365-KR-1052-XL.,XL,Robe/Jupe,1.0,425.0,425.0,233.75,191.25,45.0
TXN_006738,2022-09-03,Mar-22,BHANU SALEINE NAUNITHAM ,JNE3366,JNE3366-KR-1053-S,S,Robe/Jupe,1.0,425.0,425.0,233.75,191.25,45.0
TXN_006739,2022-09-03,Mar-22,BHANU SALEINE NAUNITHAM ,JNE3366,JNE3366-KR-1053-M,M,Robe/Jupe,1.0,425.0,425.0,233.75,191.25,45.0
TXN_006715,2022-09-03,Mar-22,NATHIYA REDDY,JNE3674,JNE3674-TU-XXL,XXL,Robe/Jupe,1.0,500.0,500.0,275.0,225.0,45.0
TXN_003881,2022-09-03,Mar-22,BHANU SALEINE NAUNITHAM ,JNE3564,JNE3564-KR-XL,XL,Robe/Jupe,1.0,425.0,425.0,233.75,191.25,45.0
TXN_006714,2022-09-03,Mar-22,NATHIYA REDDY,JNE3628,JNE3628-KR-XXL,XXL,Robe/Jupe,1.0,462.5,462.0,254.38,207.62,44.94
TXN_006712,2022-09-03,Mar-22,NATHIYA REDDY,JNE3576,JNE3576-KR-M,M,Robe/Jupe,1.0,425.0,425.0,233.75,191.25,45.0
TXN_003879,2022-09-03,Mar-22,BHANU SALEINE NAUNITHAM ,JNE3564,JNE3564-KR-M,M,Robe/Jupe,1.0,425.0,425.0,233.75,191.25,45.0
TXN_003878,2022-09-03,Mar-22,BHANU SALEINE NAUNITHAM ,JNE3564,JNE3564-KR-S,S,Robe/Jupe,1.0,425.0,425.0,233.75,191.25,45.0
TXN_003877,2022-09-03,Mar-22,BHANU SALEINE NAUNITHAM ,JNE3564,JNE3564-KR-XXXL,XXXL,Robe/Jupe,1.0,425.0,425.0,233.75,191.25,45.0
TXN_003876,2022-09-03,Mar-22,BHANU SALEINE NAUNITHAM ,JNE3556,JNE3556-KR-XXL,XXL,Robe/Jupe,1.0,462.5,462.0,254.38,207.62,44.94
TXN_003875,2022-09-03,Mar-22,BHANU SALEINE NAUNITHAM ,JNE3556,JNE3556-KR-XL,XL,Robe/Jupe,1.0,462.5,462.0,254.38,207.62,44.94
TXN_003874,2022-09-03,Mar-22,BHANU SALEINE NAUNITHAM ,JNE3556,JNE3556-KR-L,L,Robe/Jupe,1.0,462.5,462.0,254.38,207.62,44.94
TXN_003873,2022-09-03,Mar-22,BHANU SALEINE NAUNITHAM ,JNE3556,JNE3556-KR-M,M,Robe/Jupe,1.0,462.5,462.0,254.38,207.62,44.94
TXN_003872,2022-09-03,Mar-22,BHANU SALEINE NAUNITHAM ,JNE3556,JNE3556-KR-S,S,Robe/Jupe,1.0,462.5,462.0,254.38,207.62,44.94
TXN_003871,2022-09-03,Mar-22,BHANU SALEINE NAUNITHAM ,JNE3556,JNE3556-KR-XXXL,XXXL,Robe/Jupe,1.0,462.5,462.0,254.38,207.62,44.94
TXN_003870,2022-09-03,Mar-22,BHANU SALEINE NAUNITHAM ,JNE3555,JNE3555-KR-XXL,XXL,Robe/Jupe,1.0,462.5,462.0,254.38,207.62,44.94
TXN_003869,2022-09-03,Mar-22,BHANU SALEINE NAUNITHAM ,JNE3555,JNE3555-KR-XL,XL,Robe/Jupe,1.0,462.5,462.0,254.38,207.62,44.94
TXN_003868,2022-09-03,Mar-22,BHANU SALEINE NAUNITHAM ,JNE3555,JNE3555-KR-L,L,Robe/Jupe,1.0,462.5,462.0,254.38,207.62,44.94
TXN_003867,2022-09-03,Mar-22,BHANU SALEINE NAUNITHAM ,JNE3555,JNE3555-KR-M,M,Robe/Jupe,1.0,462.5,462.0,254.38,207.62,44.94
TXN_003866,2022-09-03,Mar-22,BHANU SALEINE NAUNITHAM ,JNE3555,JNE3555-KR-S.,S,Robe/Jupe,1.0,462.5,462.0,254.38,207.62,44.94
TXN_003865,2022-09-03,Mar-22,BHANU SALEINE NAUNITHAM ,JNE3555,JNE3555-KR-XXXL,XXXL,Robe/Jupe,1.0,462.5,462.0,254.38,207.62,44.94
TXN_003864,2022-09-03,Mar-22,BHANU SALEINE NAUNITHAM ,JNE3554,JNE3554-KR-XXL,XXL,Robe/Jupe,1.0,462.5,462.0,254.38,207.62,44.94
TXN_003863,2022-09-03,Mar-22,BHANU SALEINE NAUNITHAM ,JNE3554,JNE3554-KR-XL,XL,Robe/Jupe,1.0,462.5,462.0,254.38,207.62,44.94
TXN_003862,2022-09-03,Mar-22,BHANU SALEINE NAUNITHAM ,JNE3554,JNE3554-KR-L,L,Robe/Jupe,1.0,462.5,462.0,254.38,207.62,44.94
TXN_006707,2022-09-03,Mar-22,NATHIYA REDDY,JNE3405,JNE3405-KR-XXL,XXL,Robe/Jupe,1.0,362.5,362.0,199.38,162.62,44.92
TXN_006708,2022-09-03,Mar-22,NATHIYA REDDY,JNE3489,JNE3489-KR-XXL,XXL,Robe/Jupe,1.0,387.5,388.0,213.13,174.87,45.07
TXN_006709,2022-09-03,Mar-22,NATHIYA REDDY,JNE3555,JNE3555-KR-M,M,Robe/Jupe,1.0,462.5,462.0,254.38,207.62,44.94
TXN_006710,2022-09-03,Mar-22,NATHIYA REDDY,JNE3567,JNE3567-KR-L,L,Robe/Jupe,1.0,362.5,362.0,199.38,162.62,44.92
TXN_006711,2022-09-03,Mar-22,NATHIYA REDDY,JNE3567,JNE3567-KR-M,M,Robe/Jupe,1.0,362.5,362.0,199.38,162.62,44.92
TXN_006713,2022-09-03,Mar-22,NATHIYA REDDY,JNE3576,JNE3576-KR-XL,XL,Robe/Jupe,1.0,425.0,425.0,233.75,191.25,45.0
TXN_006337,2022-09-03,Mar-22,BHANU SALEINE NAUNITHAM ,PJNE3364,PJNE3364-KR-5XL,5XL,Autre,1.0,587.5,588.0,323.12,264.88,45.05
TXN_006336,2022-09-03,Mar-22,BHANU SALEINE NAUNITHAM ,JNE3564,JNE3564-KR-XXL,XXL,Robe/Jupe,1.0,425.0,425.0,233.75,191.25,45.0
TXN_006335,2022-09-03,Mar-22,BHANU SALEINE NAUNITHAM ,JNE3564,JNE3564-KR-XL,XL,Robe/Jupe,1.0,425.0,425.0,233.75,191.25,45.0
TXN_006257,2022-09-03,Mar-22,NATHIYA REDDY,JNE3687,JNE3687-TU-XXL,XXL,Robe/Jupe,1.0,462.5,462.0,254.38,207.62,44.94
TXN_006258,2022-09-03,Mar-22,NATHIYA REDDY,JNE3691,JNE3691-TU-XXL,XXL,Robe/Jupe,1.0,562.5,562.0,309.38,252.62,44.95
TXN_006259,2022-09-03,Mar-22,NATHIYA REDDY,JNE3759,JNE3759-KR-M,M,Robe/Jupe,1.0,500.0,500.0,275.0,225.0,45.0
TXN_006260,2022-09-03,Mar-22,NATHIYA REDDY,SET043,SET043-KR-NP-M,M,Ensemble,1.0,1000.0,1000.0,550.0,450.0,45.0
TXN_006261,2022-09-03,Mar-22,NATHIYA REDDY,SET204,SET204-KR-DPT-M,M,Ensemble,1.0,588.0,588.0,323.4,264.6,45.0
TXN_006262,2022-09-03,Mar-22,NATHIYA REDDY,SET236,SET236-KR-PP-L,L,Ensemble,1.0,750.0,750.0,412.5,337.5,45.0
TXN_006263,2022-09-03,Mar-22,NATHIYA REDDY,SET253,SET253-KR-NP-XXXL,XXXL,Ensemble,1.0,850.0,850.0,467.5,382.5,45.0
TXN_006264,2022-09-03,Mar-22,NATHIYA REDDY,SET295,SET295-KR-NP-M,M,Ensemble,1.0,850.0,850.0,467.5,382.5,45.0
TXN_006265,2022-09-03,Mar-22,NATHIYA REDDY,SET375,SET375-KR-NP-M,M,Ensemble,1.0,737.5,738.0,405.63,332.37,45.04
TXN_006266,2022-09-03,Mar-22,BHANU SALEINE NAUNITHAM ,JNE3364,JNE3364-KR-1051-S,S,Robe/Jupe,1.0,425.0,425.0,233.75,191.25,45.0
TXN_006267,2022-09-03,Mar-22,BHANU SALEINE NAUNITHAM ,JNE3364,JNE3364-KR-1051-XL,XL,Robe/Jupe,1.0,425.0,425.0,233.75,191.25,45.0
TXN_006268,2022-09-03,Mar-22,BHANU SALEINE NAUNITHAM ,JNE3364,JNE3364-KR-1051-XXL,XXL,Robe/Jupe,1.0,425.0,425.0,233.75,191.25,45.0
TXN_006269,2022-09-03,Mar-22,BHANU SALEINE NAUNITHAM ,JNE3364,JNE3364-KR-1051-XXXL,XXXL,Robe/Jupe,1.0,425.0,425.0,233.75,191.25,45.0
TXN_006270,2022-09-03,Mar-22,BHANU SALEINE NAUNITHAM ,JNE3364,JNE3364-KR-1051-M,M,Robe/Jupe,1.0,425.0,425.0,233.75,191.25,45.0
TXN_006271,2022-09-03,Mar-22,BHANU SALEINE NAUNITHAM ,JNE3364,JNE3364-KR-1051-L,L,Robe/Jupe,1.0,425.0,425.0,233.75,191.25,45.0
TXN_006272,2022-09-03,Mar-22,BHANU SALEINE NAUNITHAM ,JNE3365,JNE3365-KR-1052-S,S,Robe/Jupe,1.0,425.0,425.0,233.75,191.25,45.0
TXN_006273,2022-09-03,Mar-22,BHANU SALEINE NAUNITHAM ,JNE3365,JNE3365-KR-1052-M,M,Robe/Jupe,1.0,425.0,425.0,233.75,191.25,45.0
TXN_006274,2022-09-03,Mar-22,BHANU SALEINE NAUNITHAM ,JNE3365,JNE3365-KR-1052-XXL,XXL,Robe/Jupe,1.0,425.0,425.0,233.75,191.25,45.0
TXN_006275,2022-09-03,Mar-22,BHANU SALEINE NAUNITHAM ,JNE3365,JNE3365-KR-1052-XXXL,XXXL,Robe/Jupe,1.0,425.0,425.0,233.75,191.25,45.0
TXN_006276,2022-09-03,Mar-22,BHANU SALEINE NAUNITHAM ,JNE3365,JNE3365-KR-1052-L,L,Robe/Jupe,1.0,425.0,425.0,233.75,191.25,45.0
TXN_006277,2022-09-03,Mar-22,BHANU SALEINE NAUNITHAM ,JNE3365,JNE3365-KR-1052-XL.,XL,Robe/Jupe,1.0,425.0,425.0,233.75,191.25,45.0
TXN_006278,2022-09-03,Mar-22,BHANU SALEINE NAUNITHAM ,JNE3366,JNE3366-KR-1053-S,S,Robe/Jupe,1.0,425.0,425.0,233.75,191.25,45.0
TXN_006279,2022-09-03,Mar-22,BHANU SALEINE NAUNITHAM ,JNE3366,JNE3366-KR-1053-M,M,Robe/Jupe,1.0,425.0,425.0,233.75,191.25,45.0
TXN_006256,2022-09-03,Mar-22,NATHIYA REDDY,JNE3687,JNE3687-TU-M,M,Robe/Jupe,1.0,462.5,462.0,254.38,207.62,44.94
TXN_006280,2022-09-03,Mar-22,BHANU SALEINE NAUNITHAM ,JNE3366,JNE3366-KR-1053-L,L,Robe/Jupe,1.0,425.0,425.0,233.75,191.25,45.0
TXN_006255,2022-09-03,Mar-22,NATHIYA REDDY,JNE3674,JNE3674-TU-XXL,XXL,Robe/Jupe,1.0,500.0,500.0,275.0,225.0,45.0
TXN_006253,2022-09-03,Mar-22,NATHIYA REDDY,JNE3576,JNE3576-KR-XL,XL,Robe/Jupe,1.0,425.0,425.0,233.75,191.25,45.0
TXN_006805,2022-09-03,Mar-22,TURGAH MUTHU KUMAR,SET199,SET199-KR-NP-S,S,Ensemble,1.0,737.5,738.0,405.63,332.37,45.04
TXN_003917,2022-09-03,Mar-22,TURGAH MUTHU KUMAR,SET374,SET374-KR-NP-M,M,Ensemble,1.0,650.0,650.0,357.5,292.5,45.0
TXN_003916,2022-09-03,Mar-22,TURGAH MUTHU KUMAR,SET374,SET374-KR-NP-L,L,Ensemble,1.0,650.0,650.0,357.5,292.5,45.0
TXN_003915,2022-09-03,Mar-22,TURGAH MUTHU KUMAR,SET351,SET351-KR-NP-L,L,Ensemble,1.0,612.5,612.0,336.88,275.12,44.95
TXN_003914,2022-09-03,Mar-22,TURGAH MUTHU KUMAR,SET339,SET339-KR-NP-S,S,Ensemble,1.0,737.5,738.0,405.63,332.37,45.04
TXN_003913,2022-09-03,Mar-22,TURGAH MUTHU KUMAR,SET301,SET301-KR-PP-M,M,Ensemble,1.0,1312.5,1312.0,721.88,590.12,44.98
TXN_003912,2022-09-03,Mar-22,TURGAH MUTHU KUMAR,SET295,SET295-KR-NP-XL,XL,Ensemble,1.0,850.0,850.0,467.5,382.5,45.0
TXN_003911,2022-09-03,Mar-22,TURGAH MUTHU KUMAR,SET293,SET293-KR-NP-L,L,Ensemble,1.0,775.0,775.0,426.25,348.75,45.0
TXN_003910,2022-09-03,Mar-22,TURGAH MUTHU KUMAR,SET293,SET293-KR-NP-M,M,Ensemble,1.0,775.0,775.0,426.25,348.75,45.0
TXN_003909,2022-09-03,Mar-22,TURGAH MUTHU KUMAR,SET306,SET306-KR-PP-L,L,Ensemble,1.0,737.5,738.0,405.63,332.37,45.04
TXN_003908,2022-09-03,Mar-22,TURGAH MUTHU KUMAR,SET326,SET326-KR-PP-L,L,Ensemble,1.0,687.5,688.0,378.13,309.87,45.04
TXN_003907,2022-09-03,Mar-22,TURGAH MUTHU KUMAR,SET326,SET326-KR-PP-M,M,Ensemble,1.0,687.5,688.0,378.13,309.87,45.04
TXN_003906,2022-09-03,Mar-22,TURGAH MUTHU KUMAR,SET329,SET329-KR-NP-M,M,Ensemble,1.0,687.5,688.0,378.13,309.87,45.04
TXN_003905,2022-09-03,Mar-22,TURGAH MUTHU KUMAR,SET329,SET329-KR-NP-XL,XL,Ensemble,1.0,687.5,688.0,378.13,309.87,45.04
TXN_003904,2022-09-03,Mar-22,TURGAH MUTHU KUMAR,J0371,J0371-SKD-L,L,Robe/Jupe,1.0,1237.5,1238.0,680.62,557.38,45.02
TXN_003903,2022-09-03,Mar-22,TURGAH MUTHU KUMAR,SET043,SET043-KR-NP-L,L,Ensemble,1.0,1000.0,1000.0,550.0,450.0,45.0
TXN_003902,2022-09-03,Mar-22,TURGAH MUTHU KUMAR,SET043,SET043-KR-NP-M,M,Ensemble,1.0,1000.0,1000.0,550.0,450.0,45.0
TXN_006247,2022-09-03,Mar-22,NATHIYA REDDY,JNE3405,JNE3405-KR-XXL,XXL,Robe/Jupe,1.0,362.5,362.0,199.38,162.62,44.92
TXN_006248,2022-09-03,Mar-22,NATHIYA REDDY,JNE3489,JNE3489-KR-XXL,XXL,Robe/Jupe,1.0,387.5,388.0,213.13,174.87,45.07
TXN_006249,2022-09-03,Mar-22,NATHIYA REDDY,JNE3555,JNE3555-KR-M,M,Robe/Jupe,1.0,462.5,462.0,254.38,207.62,44.94
TXN_006250,2022-09-03,Mar-22,NATHIYA REDDY,JNE3567,JNE3567-KR-L,L,Robe/Jupe,1.0,362.5,362.0,199.38,162.62,44.92
TXN_006251,2022-09-03,Mar-22,NATHIYA REDDY,JNE3567,JNE3567-KR-M,M,Robe/Jupe,1.0,362.5,362.0,199.38,162.62,44.92
TXN_006252,2022-09-03,Mar-22,NATHIYA REDDY,JNE3576,JNE3576-KR-M,M,Robe/Jupe,1.0,425.0,425.0,233.75,191.25,45.0
TXN_006254,2022-09-03,Mar-22,NATHIYA REDDY,JNE3628,JNE3628-KR-XXL,XXL,Robe/Jupe,1.0,462.5,462.0,254.38,207.62,44.94
TXN_006281,2022-09-03,Mar-22,BHANU SALEINE NAUNITHAM ,JNE3366,JNE3366-KR-1053-XL,XL,Robe/Jupe,1.0,425.0,425.0,233.75,191.25,45.0
TXN_006282,2022-09-03,Mar-22,BHANU SALEINE NAUNITHAM ,JNE3366,JNE3366-KR-1053-XXL,XXL,Robe/Jupe,1.0,425.0,425.0,233.75,191.25,45.0
TXN_006283,2022-09-03,Mar-22,BHANU SALEINE NAUNITHAM ,JNE3366,JNE3366-KR-1053-XXXL,XXXL,Robe/Jupe,1.0,425.0,425.0,233.75,191.25,45.0
TXN_006312,2022-09-03,Mar-22,BHANU SALEINE NAUNITHAM ,JNE3548,JNE3548-KR-XXL,XXL,Robe/Jupe,1.0,462.5,462.0,254.38,207.62,44.94
TXN_006313,2022-09-03,Mar-22,BHANU SALEINE NAUNITHAM ,JNE3548,JNE3548-KR-XXXL,XXXL,Robe/Jupe,1.0,462.5,462.0,254.38,207.62,44.94
TXN_006314,2022-09-03,Mar-22,BHANU SALEINE NAUNITHAM ,JNE3554,JNE3554-KR-S,S,Robe/Jupe,1.0,462.5,462.0,254.38,207.62,44.94
TXN_006315,2022-09-03,Mar-22,BHANU SALEINE NAUNITHAM ,JNE3554,JNE3554-KR-M,M,Robe/Jupe,1.0,462.5,462.0,254.38,207.62,44.94
TXN_006316,2022-09-03,Mar-22,BHANU SALEINE NAUNITHAM ,JNE3554,JNE3554-KR-L,L,Robe/Jupe,1.0,462.5,462.0,254.38,207.62,44.94
TXN_006317,2022-09-03,Mar-22,BHANU SALEINE NAUNITHAM ,JNE3554,JNE3554-KR-XL,XL,Robe/Jupe,1.0,462.5,462.0,254.38,207.62,44.94
TXN_006318,2022-09-03,Mar-22,BHANU SALEINE NAUNITHAM ,JNE3554,JNE3554-KR-XXL,XXL,Robe/Jupe,1.0,462.5,462.0,254.38,207.62,44.94
TXN_006319,2022-09-03,Mar-22,BHANU SALEINE NAUNITHAM ,JNE3555,JNE3555-KR-XXXL,XXXL,Robe/Jupe,1.0,462.5,462.0,254.38,207.62,44.94
TXN_006320,2022-09-03,Mar-22,BHANU SALEINE NAUNITHAM ,JNE3555,JNE3555-KR-S.,S,Robe/Jupe,1.0,462.5,462.0,254.38,207.62,44.94
TXN_006321,2022-09-03,Mar-22,BHANU SALEINE NAUNITHAM ,JNE3555,JNE3555-KR-M,M,Robe/Jupe,1.0,462.5,462.0,254.38,207.62,44.94
TXN_006322,2022-09-03,Mar-22,BHANU SALEINE NAUNITHAM ,JNE3555,JNE3555-KR-L,L,Robe/Jupe,1.0,462.5,462.0,254.38,207.62,44.94
TXN_006323,2022-09-03,Mar-22,BHANU SALEINE NAUNITHAM ,JNE3555,JNE3555-KR-XL,XL,Robe/Jupe,1.0,462.5,462.0,254.38,207.62,44.94
TXN_006324,2022-09-03,Mar-22,BHANU SALEINE NAUNITHAM ,JNE3555,JNE3555-KR-XXL,XXL,Robe/Jupe,1.0,462.5,462.0,254.38,207.62,44.94
TXN_006325,2022-09-03,Mar-22,BHANU SALEINE NAUNITHAM ,JNE3556,JNE3556-KR-XXXL,XXXL,Robe/Jupe,1.0,462.5,462.0,254.38,207.62,44.94
TXN_006326,2022-09-03,Mar-22,BHANU SALEINE NAUNITHAM ,JNE3556,JNE3556-KR-S,S,Robe/Jupe,1.0,462.5,462.0,254.38,207.62,44.94
TXN_006327,2022-09-03,Mar-22,BHANU SALEINE NAUNITHAM ,JNE3556,JNE3556-KR-M,M,Robe/Jupe,1.0,462.5,462.0,254.38,207.62,44.94
TXN_006328,2022-09-03,Mar-22,BHANU SALEINE NAUNITHAM ,JNE3556,JNE3556-KR-L,L,Robe/Jupe,1.0,462.5,462.0,254.38,207.62,44.94
TXN_006329,2022-09-03,Mar-22,BHANU SALEINE NAUNITHAM ,JNE3556,JNE3556-KR-XL,XL,Robe/Jupe,1.0,462.5,462.0,254.38,207.62,44.94
TXN_006330,2022-09-03,Mar-22,BHANU SALEINE NAUNITHAM ,JNE3556,JNE3556-KR-XXL,XXL,Robe/Jupe,1.0,462.5,462.0,254.38,207.62,44.94
TXN_006331,2022-09-03,Mar-22,BHANU SALEINE NAUNITHAM ,JNE3564,JNE3564-KR-XXXL,XXXL,Robe/Jupe,1.0,425.0,425.0,233.75,191.25,45.0
TXN_006332,2022-09-03,Mar-22,BHANU SALEINE NAUNITHAM ,JNE3564,JNE3564-KR-S,S,Robe/Jupe,1.0,425.0,425.0,233.75,191.25,45.0
TXN_006333,2022-09-03,Mar-22,BHANU SALEINE NAUNITHAM ,JNE3564,JNE3564-KR-M,M,Robe/Jupe,1.0,425.0,425.0,233.75,191.25,45.0
TXN_006334,2022-09-03,Mar-22,BHANU SALEINE NAUNITHAM ,JNE3564,JNE3564-KR-L,L,Robe/Jupe,1.0,425.0,425.0,233.75,191.25,45.0
TXN_006311,2022-09-03,Mar-22,BHANU SALEINE NAUNITHAM ,JNE3548,JNE3548-KR-XL,XL,Robe/Jupe,1.0,462.5,462.0,254.38,207.62,44.94
TXN_006310,2022-09-03,Mar-22,BHANU SALEINE NAUNITHAM ,JNE3548,JNE3548-KR-L,L,Robe/Jupe,1.0,462.5,462.0,254.38,207.62,44.94
TXN_006309,2022-09-03,Mar-22,BHANU SALEINE NAUNITHAM ,JNE3548,JNE3548-KR-M,M,Robe/Jupe,1.0,462.5,462.0,254.38,207.62,44.94
TXN_006308,2022-09-03,Mar-22,BHANU SALEINE NAUNITHAM ,JNE3548,JNE3548-KR-S,S,Robe/Jupe,1.0,462.5,462.0,254.38,207.62,44.94
TXN_006284,2022-09-03,Mar-22,BHANU SALEINE NAUNITHAM ,JNE3384,JNE3384-KR-S,S,Robe/Jupe,1.0,337.5,338.0,185.63,152.37,45.08
TXN_006285,2022-09-03,Mar-22,BHANU SALEINE NAUNITHAM ,JNE3384,JNE3384-KR-M,M,Robe/Jupe,1.0,337.5,338.0,185.63,152.37,45.08
TXN_006286,2022-09-03,Mar-22,BHANU SALEINE NAUNITHAM ,JNE3384,JNE3384-KR-L,L,Robe/Jupe,1.0,337.5,338.0,185.63,152.37,45.08
TXN_006287,2022-09-03,Mar-22,BHANU SALEINE NAUNITHAM ,JNE3384,JNE3384-KR-XL,XL,Robe/Jupe,1.0,337.5,338.0,185.63,152.37,45.08
TXN_006288,2022-09-03,Mar-22,BHANU SALEINE NAUNITHAM ,JNE3384,JNE3384-KR-XXL,XXL,Robe/Jupe,1.0,337.5,338.0,185.63,152.37,45.08
TXN_006289,2022-09-03,Mar-22,BHANU SALEINE NAUNITHAM ,JNE3384,JNE3384-KR-XXXL,XXXL,Robe/Jupe,1.0,337.5,338.0,185.63,152.37,45.08
TXN_006290,2022-09-03,Mar-22,BHANU SALEINE NAUNITHAM ,JNE3435,JNE3435-KR-S,S,Robe/Jupe,1.0,425.0,425.0,233.75,191.25,45.0
TXN_006291,2022-09-03,Mar-22,BHANU SALEINE NAUNITHAM ,JNE3435,JNE3435-KR-M,M,Robe/Jupe,1.0,425.0,425.0,233.75,191.25,45.0
TXN_006292,2022-09-03,Mar-22,BHANU SALEINE NAUNITHAM ,JNE3435,JNE3435-KR-L,L,Robe/Jupe,1.0,425.0,425.0,233.75,191.25,45.0
TXN_006293,2022-09-03,Mar-22,BHANU SALEINE NAUNITHAM ,JNE3435,JNE3435-KR-XL,XL,Robe/Jupe,1.0,425.0,425.0,233.75,191.25,45.0
TXN_006294,2022-09-03,Mar-22,BHANU SALEINE NAUNITHAM ,JNE3435,JNE3435-KR-XXL,XXL,Robe/Jupe,1.0,425.0,425.0,233.75,191.25,45.0
TXN_006740,2022-09-03,Mar-22,BHANU SALEINE NAUNITHAM ,JNE3366,JNE3366-KR-1053-L,L,Robe/Jupe,1.0,425.0,425.0,233.75,191.25,45.0
TXN_006295,2022-09-03,Mar-22,BHANU SALEINE NAUNITHAM ,JNE3435,JNE3435-KR-XXXL,XXXL,Robe/Jupe,1.0,425.0,425.0,233.75,191.25,45.0
TXN_006297,2022-09-03,Mar-22,BHANU SALEINE NAUNITHAM ,JNE3440,JNE3440-KR-M,M,Robe/Jupe,1.0,387.5,388.0,213.13,174.87,45.07
TXN_006298,2022-09-03,Mar-22,BHANU SALEINE NAUNITHAM ,JNE3440,JNE3440-KR-L,L,Robe/Jupe,1.0,387.5,388.0,213.13,174.87,45.07
TXN_006299,2022-09-03,Mar-22,BHANU SALEINE NAUNITHAM ,JNE3440,JNE3440-KR-XL,XL,Robe/Jupe,1.0,387.5,388.0,213.13,174.87,45.07
TXN_006300,2022-09-03,Mar-22,BHANU SALEINE NAUNITHAM ,JNE3440,JNE3440-KR-XXL,XXL,Robe/Jupe,1.0,387.5,388.0,213.13,174.87,45.07
TXN_006301,2022-09-03,Mar-22,BHANU SALEINE NAUNITHAM ,JNE3440,JNE3440-KR-XXXL,XXXL,Robe/Jupe,1.0,387.5,388.0,213.13,174.87,45.07
TXN_006302,2022-09-03,Mar-22,BHANU SALEINE NAUNITHAM ,JNE3547,JNE3547-KR-XL,XL,Robe/Jupe,1.0,462.5,462.0,254.38,207.62,44.94
TXN_006303,2022-09-03,Mar-22,BHANU SALEINE NAUNITHAM ,JNE3547,JNE3547-KR-S,S,Robe/Jupe,1.0,462.5,462.0,254.38,207.62,44.94
TXN_006304,2022-09-03,Mar-22,BHANU SALEINE NAUNITHAM ,JNE3547,JNE3547-KR-M,M,Robe/Jupe,1.0,462.5,462.0,254.38,207.62,44.94
TXN_006305,2022-09-03,Mar-22,BHANU SALEINE NAUNITHAM ,JNE3547,JNE3547-KR-L,L,Robe/Jupe,1.0,462.5,462.0,254.38,207.62,44.94
TXN_006306,2022-09-03,Mar-22,BHANU SALEINE NAUNITHAM ,JNE3547,JNE3547-KR-XXL,XXL,Robe/Jupe,1.0,462.5,462.0,254.38,207.62,44.94
TXN_006307,2022-09-03,Mar-22,BHANU SALEINE NAUNITHAM ,JNE3547,JNE3547-KR-XXXL,XXXL,Robe/Jupe,1.0,462.5,462.0,254.38,207.62,44.94
TXN_006296,2022-09-03,Mar-22,BHANU SALEINE NAUNITHAM ,JNE3440,JNE3440-KR-S,S,Robe/Jupe,1.0,387.5,388.0,213.13,174.87,45.07
TXN_006741,2022-09-03,Mar-22,BHANU SALEINE NAUNITHAM ,JNE3366,JNE3366-KR-1053-XL,XL,Robe/Jupe,1.0,425.0,425.0,233.75,191.25,45.0
TXN_006721,2022-09-03,Mar-22,NATHIYA REDDY,SET204,SET204-KR-DPT-M,M,Ensemble,1.0,588.0,588.0,323.4,264.6,45.0
TXN_006743,2022-09-03,Mar-22,BHANU SALEINE NAUNITHAM ,JNE3366,JNE3366-KR-1053-XXXL,XXXL,Robe/Jupe,1.0,425.0,425.0,233.75,191.25,45.0
TXN_003803,2022-09-03,Mar-22,NATHIYA REDDY,JNE3687,JNE3687-TU-XXL,XXL,Robe/Jupe,1.0,462.5,462.0,254.38,207.62,44.94
TXN_003804,2022-09-03,Mar-22,NATHIYA REDDY,JNE3691,JNE3691-TU-XXL,XXL,Robe/Jupe,1.0,562.5,562.0,309.38,252.62,44.95
TXN_003805,2022-09-03,Mar-22,NATHIYA REDDY,JNE3759,JNE3759-KR-M,M,Robe/Jupe,1.0,500.0,500.0,275.0,225.0,45.0
TXN_003806,2022-09-03,Mar-22,NATHIYA REDDY,SET043,SET043-KR-NP-M,M,Ensemble,1.0,1000.0,1000.0,550.0,450.0,45.0
TXN_003807,2022-09-03,Mar-22,NATHIYA REDDY,SET204,SET204-KR-DPT-M,M,Ensemble,1.0,588.0,588.0,323.4,264.6,45.0
TXN_003808,2022-09-03,Mar-22,NATHIYA REDDY,SET236,SET236-KR-PP-L,L,Ensemble,1.0,750.0,750.0,412.5,337.5,45.0
TXN_003809,2022-09-03,Mar-22,NATHIYA REDDY,SET253,SET253-KR-NP-XXXL,XXXL,Ensemble,1.0,850.0,850.0,467.5,382.5,45.0
TXN_003810,2022-09-03,Mar-22,NATHIYA REDDY,SET295,SET295-KR-NP-M,M,Ensemble,1.0,850.0,850.0,467.5,382.5,45.0
TXN_003811,2022-09-03,Mar-22,NATHIYA REDDY,SET375,SET375-KR-NP-M,M,Ensemble,1.0,737.5,738.0,405.63,332.37,45.04
TXN_003812,2022-09-03,Mar-22,BHANU SALEINE NAUNITHAM ,JNE3364,JNE3364-KR-1051-S,S,Robe/Jupe,1.0,425.0,425.0,233.75,191.25,45.0
TXN_003813,2022-09-03,Mar-22,BHANU SALEINE NAUNITHAM ,JNE3364,JNE3364-KR-1051-XL,XL,Robe/Jupe,1.0,425.0,425.0,233.75,191.25,45.0
TXN_003814,2022-09-03,Mar-22,BHANU SALEINE NAUNITHAM ,JNE3364,JNE3364-KR-1051-XXL,XXL,Robe/Jupe,1.0,425.0,425.0,233.75,191.25,45.0
TXN_003815,2022-09-03,Mar-22,BHANU SALEINE NAUNITHAM ,JNE3364,JNE3364-KR-1051-XXXL,XXXL,Robe/Jupe,1.0,425.0,425.0,233.75,191.25,45.0
TXN_003816,2022-09-03,Mar-22,BHANU SALEINE NAUNITHAM ,JNE3364,JNE3364-KR-1051-M,M,Robe/Jupe,1.0,425.0,425.0,233.75,191.25,45.0
TXN_003817,2022-09-03,Mar-22,BHANU SALEINE NAUNITHAM ,JNE3364,JNE3364-KR-1051-L,L,Robe/Jupe,1.0,425.0,425.0,233.75,191.25,45.0
TXN_003818,2022-09-03,Mar-22,BHANU SALEINE NAUNITHAM ,JNE3365,JNE3365-KR-1052-S,S,Robe/Jupe,1.0,425.0,425.0,233.75,191.25,45.0
TXN_003819,2022-09-03,Mar-22,BHANU SALEINE NAUNITHAM ,JNE3365,JNE3365-KR-1052-M,M,Robe/Jupe,1.0,425.0,425.0,233.75,191.25,45.0
TXN_003820,2022-09-03,Mar-22,BHANU SALEINE NAUNITHAM ,JNE3365,JNE3365-KR-1052-XXL,XXL,Robe/Jupe,1.0,425.0,425.0,233.75,191.25,45.0
TXN_003821,2022-09-03,Mar-22,BHANU SALEINE NAUNITHAM ,JNE3365,JNE3365-KR-1052-XXXL,XXXL,Robe/Jupe,1.0,425.0,425.0,233.75,191.25,45.0
TXN_003822,2022-09-03,Mar-22,BHANU SALEINE NAUNITHAM ,JNE3365,JNE3365-KR-1052-L,L,Robe/Jupe,1.0,425.0,425.0,233.75,191.25,45.0
TXN_003823,2022-09-03,Mar-22,BHANU SALEINE NAUNITHAM ,JNE3365,JNE3365-KR-1052-XL.,XL,Robe/Jupe,1.0,425.0,425.0,233.75,191.25,45.0
TXN_003824,2022-09-03,Mar-22,BHANU SALEINE NAUNITHAM ,JNE3366,JNE3366-KR-1053-S,S,Robe/Jupe,1.0,425.0,425.0,233.75,191.25,45.0
TXN_003825,2022-09-03,Mar-22,BHANU SALEINE NAUNITHAM ,JNE3366,JNE3366-KR-1053-M,M,Robe/Jupe,1.0,425.0,425.0,233.75,191.25,45.0
TXN_003826,2022-09-03,Mar-22,BHANU SALEINE NAUNITHAM ,JNE3366,JNE3366-KR-1053-L,L,Robe/Jupe,1.0,425.0,425.0,233.75,191.25,45.0
TXN_003827,2022-09-03,Mar-22,BHANU SALEINE NAUNITHAM ,JNE3366,JNE3366-KR-1053-XL,XL,Robe/Jupe,1.0,425.0,425.0,233.75,191.25,45.0
TXN_003828,2022-09-03,Mar-22,BHANU SALEINE NAUNITHAM ,JNE3366,JNE3366-KR-1053-XXL,XXL,Robe/Jupe,1.0,425.0,425.0,233.75,191.25,45.0
TXN_003829,2022-09-03,Mar-22,BHANU SALEINE NAUNITHAM ,JNE3366,JNE3366-KR-1053-XXXL,XXXL,Robe/Jupe,1.0,425.0,425.0,233.75,191.25,45.0
TXN_003830,2022-09-03,Mar-22,BHANU SALEINE NAUNITHAM ,JNE3384,JNE3384-KR-S,S,Robe/Jupe,1.0,337.5,338.0,185.63,152.37,45.08
TXN_003831,2022-09-03,Mar-22,BHANU SALEINE NAUNITHAM ,JNE3384,JNE3384-KR-M,M,Robe/Jupe,1.0,337.5,338.0,185.63,152.37,45.08
TXN_003802,2022-09-03,Mar-22,NATHIYA REDDY,JNE3687,JNE3687-TU-M,M,Robe/Jupe,1.0,462.5,462.0,254.38,207.62,44.94
TXN_003832,2022-09-03,Mar-22,BHANU SALEINE NAUNITHAM ,JNE3384,JNE3384-KR-L,L,Robe/Jupe,1.0,337.5,338.0,185.63,152.37,45.08
TXN_003801,2022-09-03,Mar-22,NATHIYA REDDY,JNE3674,JNE3674-TU-XXL,XXL,Robe/Jupe,1.0,500.0,500.0,275.0,225.0,45.0
TXN_003799,2022-09-03,Mar-22,NATHIYA REDDY,JNE3576,JNE3576-KR-XL,XL,Robe/Jupe,1.0,425.0,425.0,233.75,191.25,45.0
TXN_006786,2022-09-03,Mar-22,BHANU SALEINE NAUNITHAM ,JNE3556,JNE3556-KR-S,S,Robe/Jupe,1.0,462.5,462.0,254.38,207.62,44.94
TXN_006785,2022-09-03,Mar-22,BHANU SALEINE NAUNITHAM ,JNE3556,JNE3556-KR-XXXL,XXXL,Robe/Jupe,1.0,462.5,462.0,254.38,207.62,44.94
TXN_006784,2022-09-03,Mar-22,BHANU SALEINE NAUNITHAM ,JNE3555,JNE3555-KR-XXL,XXL,Robe/Jupe,1.0,462.5,462.0,254.38,207.62,44.94
TXN_006783,2022-09-03,Mar-22,BHANU SALEINE NAUNITHAM ,JNE3555,JNE3555-KR-XL,XL,Robe/Jupe,1.0,462.5,462.0,254.38,207.62,44.94
TXN_006782,2022-09-03,Mar-22,BHANU SALEINE NAUNITHAM ,JNE3555,JNE3555-KR-L,L,Robe/Jupe,1.0,462.5,462.0,254.38,207.62,44.94
TXN_006781,2022-09-03,Mar-22,BHANU SALEINE NAUNITHAM ,JNE3555,JNE3555-KR-M,M,Robe/Jupe,1.0,462.5,462.0,254.38,207.62,44.94
TXN_006780,2022-09-03,Mar-22,BHANU SALEINE NAUNITHAM ,JNE3555,JNE3555-KR-S.,S,Robe/Jupe,1.0,462.5,462.0,254.38,207.62,44.94
TXN_006779,2022-09-03,Mar-22,BHANU SALEINE NAUNITHAM ,JNE3555,JNE3555-KR-XXXL,XXXL,Robe/Jupe,1.0,462.5,462.0,254.38,207.62,44.94
TXN_006789,2022-09-03,Mar-22,BHANU SALEINE NAUNITHAM ,JNE3556,JNE3556-KR-XL,XL,Robe/Jupe,1.0,462.5,462.0,254.38,207.62,44.94
TXN_006790,2022-09-03,Mar-22,BHANU SALEINE NAUNITHAM ,JNE3556,JNE3556-KR-XXL,XXL,Robe/Jupe,1.0,462.5,462.0,254.38,207.62,44.94
TXN_006791,2022-09-03,Mar-22,BHANU SALEINE NAUNITHAM ,JNE3564,JNE3564-KR-XXXL,XXXL,Robe/Jupe,1.0,425.0,425.0,233.75,191.25,45.0
TXN_006792,2022-09-03,Mar-22,BHANU SALEINE NAUNITHAM ,JNE3564,JNE3564-KR-S,S,Robe/Jupe,1.0,425.0,425.0,233.75,191.25,45.0
TXN_006793,2022-09-03,Mar-22,BHANU SALEINE NAUNITHAM ,JNE3564,JNE3564-KR-M,M,Robe/Jupe,1.0,425.0,425.0,233.75,191.25,45.0
TXN_006794,2022-09-03,Mar-22,BHANU SALEINE NAUNITHAM ,JNE3564,JNE3564-KR-L,L,Robe/Jupe,1.0,425.0,425.0,233.75,191.25,45.0
TXN_006795,2022-09-03,Mar-22,BHANU SALEINE NAUNITHAM ,JNE3564,JNE3564-KR-XL,XL,Robe/Jupe,1.0,425.0,425.0,233.75,191.25,45.0
TXN_006796,2022-09-03,Mar-22,BHANU SALEINE NAUNITHAM ,JNE3564,JNE3564-KR-XXL,XXL,Robe/Jupe,1.0,425.0,425.0,233.75,191.25,45.0
TXN_006797,2022-09-03,Mar-22,BHANU SALEINE NAUNITHAM ,PJNE3364,PJNE3364-KR-5XL,5XL,Autre,1.0,587.5,588.0,323.12,264.88,45.05
TXN_006798,2022-09-03,Mar-22,BHANU SALEINE NAUNITHAM ,PJNE3364,PJNE3364-KR-6XL,6XL,Autre,1.0,587.5,588.0,323.12,264.88,45.05
TXN_006799,2022-09-03,Mar-22,BHANU SALEINE NAUNITHAM ,PJNE3364,PJNE3364-KR-4XL,4XL,Autre,1.0,587.5,588.0,323.12,264.88,45.05
TXN_006800,2022-09-03,Mar-22,BHANU SALEINE NAUNITHAM ,PJNE3440,PJNE3440-KR-4XL,4XL,Autre,1.0,537.5,538.0,295.62,242.38,45.05
TXN_006801,2022-09-03,Mar-22,BHANU SALEINE NAUNITHAM ,PJNE3440,PJNE3440-KR-5XL,5XL,Autre,1.0,537.5,538.0,295.62,242.38,45.05
TXN_006802,2022-09-03,Mar-22,BHANU SALEINE NAUNITHAM ,PJNE3440,PJNE3440-KR-6XL,6XL,Autre,1.0,537.5,538.0,295.62,242.38,45.05
TXN_006742,2022-09-03,Mar-22,BHANU SALEINE NAUNITHAM ,JNE3366,JNE3366-KR-1053-XXL,XXL,Robe/Jupe,1.0,425.0,425.0,233.75,191.25,45.0
TXN_003793,2022-09-03,Mar-22,NATHIYA REDDY,JNE3405,JNE3405-KR-XXL,XXL,Robe/Jupe,1.0,362.5,362.0,199.38,162.62,44.92
TXN_003794,2022-09-03,Mar-22,NATHIYA REDDY,JNE3489,JNE3489-KR-XXL,XXL,Robe/Jupe,1.0,387.5,388.0,213.13,174.87,45.07
TXN_003795,2022-09-03,Mar-22,NATHIYA REDDY,JNE3555,JNE3555-KR-M,M,Robe/Jupe,1.0,462.5,462.0,254.38,207.62,44.94
TXN_003796,2022-09-03,Mar-22,NATHIYA REDDY,JNE3567,JNE3567-KR-L,L,Robe/Jupe,1.0,362.5,362.0,199.38,162.62,44.92
TXN_003797,2022-09-03,Mar-22,NATHIYA REDDY,JNE3567,JNE3567-KR-M,M,Robe/Jupe,1.0,362.5,362.0,199.38,162.62,44.92
TXN_006787,2022-09-03,Mar-22,BHANU SALEINE NAUNITHAM ,JNE3556,JNE3556-KR-M,M,Robe/Jupe,1.0,462.5,462.0,254.38,207.62,44.94
TXN_003800,2022-09-03,Mar-22,NATHIYA REDDY,JNE3628,JNE3628-KR-XXL,XXL,Robe/Jupe,1.0,462.5,462.0,254.38,207.62,44.94
TXN_003833,2022-09-03,Mar-22,BHANU SALEINE NAUNITHAM ,JNE3384,JNE3384-KR-XL,XL,Robe/Jupe,1.0,337.5,338.0,185.63,152.37,45.08
TXN_003798,2022-09-03,Mar-22,NATHIYA REDDY,JNE3576,JNE3576-KR-M,M,Robe/Jupe,1.0,425.0,425.0,233.75,191.25,45.0
TXN_003835,2022-09-03,Mar-22,BHANU SALEINE NAUNITHAM ,JNE3384,JNE3384-KR-XXXL,XXXL,Robe/Jupe,1.0,337.5,338.0,185.63,152.37,45.08
TXN_006770,2022-09-03,Mar-22,BHANU SALEINE NAUNITHAM ,JNE3548,JNE3548-KR-L,L,Robe/Jupe,1.0,462.5,462.0,254.38,207.62,44.94
TXN_006769,2022-09-03,Mar-22,BHANU SALEINE NAUNITHAM ,JNE3548,JNE3548-KR-M,M,Robe/Jupe,1.0,462.5,462.0,254.38,207.62,44.94
TXN_006768,2022-09-03,Mar-22,BHANU SALEINE NAUNITHAM ,JNE3548,JNE3548-KR-S,S,Robe/Jupe,1.0,462.5,462.0,254.38,207.62,44.94
TXN_006767,2022-09-03,Mar-22,BHANU SALEINE NAUNITHAM ,JNE3547,JNE3547-KR-XXXL,XXXL,Robe/Jupe,1.0,462.5,462.0,254.38,207.62,44.94
TXN_006766,2022-09-03,Mar-22,BHANU SALEINE NAUNITHAM ,JNE3547,JNE3547-KR-XXL,XXL,Robe/Jupe,1.0,462.5,462.0,254.38,207.62,44.94
TXN_006765,2022-09-03,Mar-22,BHANU SALEINE NAUNITHAM ,JNE3547,JNE3547-KR-L,L,Robe/Jupe,1.0,462.5,462.0,254.38,207.62,44.94
TXN_003834,2022-09-03,Mar-22,BHANU SALEINE NAUNITHAM ,JNE3384,JNE3384-KR-XXL,XXL,Robe/Jupe,1.0,337.5,338.0,185.63,152.37,45.08
TXN_006764,2022-09-03,Mar-22,BHANU SALEINE NAUNITHAM ,JNE3547,JNE3547-KR-M,M,Robe/Jupe,1.0,462.5,462.0,254.38,207.62,44.94
TXN_006763,2022-09-03,Mar-22,BHANU SALEINE NAUNITHAM ,JNE3547,JNE3547-KR-S,S,Robe/Jupe,1.0,462.5,462.0,254.38,207.62,44.94
TXN_006803,2022-09-03,Mar-22,TURGAH MUTHU KUMAR,SET269,SET269-KR-NP-S,S,Ensemble,1.0,975.0,975.0,536.25,438.75,45.0
TXN_006762,2022-09-03,Mar-22,BHANU SALEINE NAUNITHAM ,JNE3547,JNE3547-KR-XL,XL,Robe/Jupe,1.0,462.5,462.0,254.38,207.62,44.94
TXN_006761,2022-09-03,Mar-22,BHANU SALEINE NAUNITHAM ,JNE3440,JNE3440-KR-XXXL,XXXL,Robe/Jupe,1.0,387.5,388.0,213.13,174.87,45.07
TXN_006760,2022-09-03,Mar-22,BHANU SALEINE NAUNITHAM ,JNE3440,JNE3440-KR-XXL,XXL,Robe/Jupe,1.0,387.5,388.0,213.13,174.87,45.07
TXN_006759,2022-09-03,Mar-22,BHANU SALEINE NAUNITHAM ,JNE3440,JNE3440-KR-XL,XL,Robe/Jupe,1.0,387.5,388.0,213.13,174.87,45.07
TXN_006758,2022-09-03,Mar-22,BHANU SALEINE NAUNITHAM ,JNE3440,JNE3440-KR-L,L,Robe/Jupe,1.0,387.5,388.0,213.13,174.87,45.07
TXN_006757,2022-09-03,Mar-22,BHANU SALEINE NAUNITHAM ,JNE3440,JNE3440-KR-M,M,Robe/Jupe,1.0,387.5,388.0,213.13,174.87,45.07
TXN_006756,2022-09-03,Mar-22,BHANU SALEINE NAUNITHAM ,JNE3440,JNE3440-KR-S,S,Robe/Jupe,1.0,387.5,388.0,213.13,174.87,45.07
TXN_006755,2022-09-03,Mar-22,BHANU SALEINE NAUNITHAM ,JNE3435,JNE3435-KR-XXXL,XXXL,Robe/Jupe,1.0,425.0,425.0,233.75,191.25,45.0
TXN_006754,2022-09-03,Mar-22,BHANU SALEINE NAUNITHAM ,JNE3435,JNE3435-KR-XXL,XXL,Robe/Jupe,1.0,425.0,425.0,233.75,191.25,45.0
TXN_006753,2022-09-03,Mar-22,BHANU SALEINE NAUNITHAM ,JNE3435,JNE3435-KR-XL,XL,Robe/Jupe,1.0,425.0,425.0,233.75,191.25,45.0
TXN_006752,2022-09-03,Mar-22,BHANU SALEINE NAUNITHAM ,JNE3435,JNE3435-KR-L,L,Robe/Jupe,1.0,425.0,425.0,233.75,191.25,45.0
TXN_006751,2022-09-03,Mar-22,BHANU SALEINE NAUNITHAM ,JNE3435,JNE3435-KR-M,M,Robe/Jupe,1.0,425.0,425.0,233.75,191.25,45.0
TXN_006750,2022-09-03,Mar-22,BHANU SALEINE NAUNITHAM ,JNE3435,JNE3435-KR-S,S,Robe/Jupe,1.0,425.0,425.0,233.75,191.25,45.0
TXN_006749,2022-09-03,Mar-22,BHANU SALEINE NAUNITHAM ,JNE3384,JNE3384-KR-XXXL,XXXL,Robe/Jupe,1.0,337.5,338.0,185.63,152.37,45.08
TXN_006748,2022-09-03,Mar-22,BHANU SALEINE NAUNITHAM ,JNE3384,JNE3384-KR-XXL,XXL,Robe/Jupe,1.0,337.5,338.0,185.63,152.37,45.08
TXN_006747,2022-09-03,Mar-22,BHANU SALEINE NAUNITHAM ,JNE3384,JNE3384-KR-XL,XL,Robe/Jupe,1.0,337.5,338.0,185.63,152.37,45.08
TXN_006746,2022-09-03,Mar-22,BHANU SALEINE NAUNITHAM ,JNE3384,JNE3384-KR-L,L,Robe/Jupe,1.0,337.5,338.0,185.63,152.37,45.08
TXN_006745,2022-09-03,Mar-22,BHANU SALEINE NAUNITHAM ,JNE3384,JNE3384-KR-M,M,Robe/Jupe,1.0,337.5,338.0,185.63,152.37,45.08
TXN_006744,2022-09-03,Mar-22,BHANU SALEINE NAUNITHAM ,JNE3384,JNE3384-KR-S,S,Robe/Jupe,1.0,337.5,338.0,185.63,152.37,45.08
TXN_006771,2022-09-03,Mar-22,BHANU SALEINE NAUNITHAM ,JNE3548,JNE3548-KR-XL,XL,Robe/Jupe,1.0,462.5,462.0,254.38,207.62,44.94
TXN_006772,2022-09-03,Mar-22,BHANU SALEINE NAUNITHAM ,JNE3548,JNE3548-KR-XXL,XXL,Robe/Jupe,1.0,462.5,462.0,254.38,207.62,44.94
TXN_006788,2022-09-03,Mar-22,BHANU SALEINE NAUNITHAM ,JNE3556,JNE3556-KR-L,L,Robe/Jupe,1.0,462.5,462.0,254.38,207.62,44.94
TXN_006774,2022-09-03,Mar-22,BHANU SALEINE NAUNITHAM ,JNE3554,JNE3554-KR-S,S,Robe/Jupe,1.0,462.5,462.0,254.38,207.62,44.94
TXN_003844,2022-09-03,Mar-22,BHANU SALEINE NAUNITHAM ,JNE3440,JNE3440-KR-L,L,Robe/Jupe,1.0,387.5,388.0,213.13,174.87,45.07
TXN_003845,2022-09-03,Mar-22,BHANU SALEINE NAUNITHAM ,JNE3440,JNE3440-KR-XL,XL,Robe/Jupe,1.0,387.5,388.0,213.13,174.87,45.07
TXN_003846,2022-09-03,Mar-22,BHANU SALEINE NAUNITHAM ,JNE3440,JNE3440-KR-XXL,XXL,Robe/Jupe,1.0,387.5,388.0,213.13,174.87,45.07
TXN_003847,2022-09-03,Mar-22,BHANU SALEINE NAUNITHAM ,JNE3440,JNE3440-KR-XXXL,XXXL,Robe/Jupe,1.0,387.5,388.0,213.13,174.87,45.07
TXN_003859,2022-09-03,Mar-22,BHANU SALEINE NAUNITHAM ,JNE3548,JNE3548-KR-XXXL,XXXL,Robe/Jupe,1.0,462.5,462.0,254.38,207.62,44.94
TXN_003848,2022-09-03,Mar-22,BHANU SALEINE NAUNITHAM ,JNE3547,JNE3547-KR-XL,XL,Robe/Jupe,1.0,462.5,462.0,254.38,207.62,44.94
TXN_006773,2022-09-03,Mar-22,BHANU SALEINE NAUNITHAM ,JNE3548,JNE3548-KR-XXXL,XXXL,Robe/Jupe,1.0,462.5,462.0,254.38,207.62,44.94
TXN_003849,2022-09-03,Mar-22,BHANU SALEINE NAUNITHAM ,JNE3547,JNE3547-KR-S,S,Robe/Jupe,1.0,462.5,462.0,254.38,207.62,44.94
TXN_003851,2022-09-03,Mar-22,BHANU SALEINE NAUNITHAM ,JNE3547,JNE3547-KR-L,L,Robe/Jupe,1.0,462.5,462.0,254.38,207.62,44.94
TXN_003858,2022-09-03,Mar-22,BHANU SALEINE NAUNITHAM ,JNE3548,JNE3548-KR-XXL,XXL,Robe/Jupe,1.0,462.5,462.0,254.38,207.62,44.94
TXN_003852,2022-09-03,Mar-22,BHANU SALEINE NAUNITHAM ,JNE3547,JNE3547-KR-XXL,XXL,Robe/Jupe,1.0,462.5,462.0,254.38,207.62,44.94
TXN_003857,2022-09-03,Mar-22,BHANU SALEINE NAUNITHAM ,JNE3548,JNE3548-KR-XL,XL,Robe/Jupe,1.0,462.5,462.0,254.38,207.62,44.94
TXN_003856,2022-09-03,Mar-22,BHANU SALEINE NAUNITHAM ,JNE3548,JNE3548-KR-L,L,Robe/Jupe,1.0,462.5,462.0,254.38,207.62,44.94
TXN_003855,2022-09-03,Mar-22,BHANU SALEINE NAUNITHAM ,JNE3548,JNE3548-KR-M,M,Robe/Jupe,1.0,462.5,462.0,254.38,207.62,44.94
TXN_003850,2022-09-03,Mar-22,BHANU SALEINE NAUNITHAM ,JNE3547,JNE3547-KR-M,M,Robe/Jupe,1.0,462.5,462.0,254.38,207.62,44.94
TXN_003854,2022-09-03,Mar-22,BHANU SALEINE NAUNITHAM ,JNE3548,JNE3548-KR-S,S,Robe/Jupe,1.0,462.5,462.0,254.38,207.62,44.94
TXN_003853,2022-09-03,Mar-22,BHANU SALEINE NAUNITHAM ,JNE3547,JNE3547-KR-XXXL,XXXL,Robe/Jupe,1.0,462.5,462.0,254.38,207.62,44.94
TXN_003839,2022-09-03,Mar-22,BHANU SALEINE NAUNITHAM ,JNE3435,JNE3435-KR-XL,XL,Robe/Jupe,1.0,425.0,425.0,233.75,191.25,45.0
TXN_006775,2022-09-03,Mar-22,BHANU SALEINE NAUNITHAM ,JNE3554,JNE3554-KR-M,M,Robe/Jupe,1.0,462.5,462.0,254.38,207.62,44.94
TXN_006776,2022-09-03,Mar-22,BHANU SALEINE NAUNITHAM ,JNE3554,JNE3554-KR-L,L,Robe/Jupe,1.0,462.5,462.0,254.38,207.62,44.94
TXN_006777,2022-09-03,Mar-22,BHANU SALEINE NAUNITHAM ,JNE3554,JNE3554-KR-XL,XL,Robe/Jupe,1.0,462.5,462.0,254.38,207.62,44.94
TXN_006778,2022-09-03,Mar-22,BHANU SALEINE NAUNITHAM ,JNE3554,JNE3554-KR-XXL,XXL,Robe/Jupe,1.0,462.5,462.0,254.38,207.62,44.94
TXN_003861,2022-09-03,Mar-22,BHANU SALEINE NAUNITHAM ,JNE3554,JNE3554-KR-M,M,Robe/Jupe,1.0,462.5,462.0,254.38,207.62,44.94
TXN_003860,2022-09-03,Mar-22,BHANU SALEINE NAUNITHAM ,JNE3554,JNE3554-KR-S,S,Robe/Jupe,1.0,462.5,462.0,254.38,207.62,44.94
TXN_003843,2022-09-03,Mar-22,BHANU SALEINE NAUNITHAM ,JNE3440,JNE3440-KR-M,M,Robe/Jupe,1.0,387.5,388.0,213.13,174.87,45.07
TXN_003842,2022-09-03,Mar-22,BHANU SALEINE NAUNITHAM ,JNE3440,JNE3440-KR-S,S,Robe/Jupe,1.0,387.5,388.0,213.13,174.87,45.07
TXN_003841,2022-09-03,Mar-22,BHANU SALEINE NAUNITHAM ,JNE3435,JNE3435-KR-XXXL,XXXL,Robe/Jupe,1.0,425.0,425.0,233.75,191.25,45.0
TXN_003840,2022-09-03,Mar-22,BHANU SALEINE NAUNITHAM ,JNE3435,JNE3435-KR-XXL,XXL,Robe/Jupe,1.0,425.0,425.0,233.75,191.25,45.0
TXN_003836,2022-09-03,Mar-22,BHANU SALEINE NAUNITHAM ,JNE3435,JNE3435-KR-S,S,Robe/Jupe,1.0,425.0,425.0,233.75,191.25,45.0
TXN_003838,2022-09-03,Mar-22,BHANU SALEINE NAUNITHAM ,JNE3435,JNE3435-KR-L,L,Robe/Jupe,1.0,425.0,425.0,233.75,191.25,45.0
TXN_003837,2022-09-03,Mar-22,BHANU SALEINE NAUNITHAM ,JNE3435,JNE3435-KR-M,M,Robe/Jupe,1.0,425.0,425.0,233.75,191.25,45.0
TXN_007669,2022-09-05,May-22,Siva,SET330,,M,Ensemble,1.0,687.5,687.5,378.13,309.37,45.0
TXN_007666,2022-09-05,May-22,Siva,JNE3764,,S,Robe/Jupe,1.0,500.0,500.0,275.0,225.0,45.0
TXN_007674,2022-09-05,May-22,Siva,SET339,,S,Ensemble,1.0,737.5,737.5,405.63,331.87,45.0
TXN_007673,2022-09-05,May-22,Siva,SET339,,M,Ensemble,1.0,737.5,737.5,405.63,331.87,45.0
TXN_007672,2022-09-05,May-22,Siva,J0009,,S,Robe/Jupe,1.0,1125.0,1125.0,618.75,506.25,45.0
TXN_007667,2022-09-05,May-22,Siva,SET276,,S,Ensemble,1.0,1425.0,1425.0,783.75,641.25,45.0
TXN_007670,2022-09-05,May-22,Siva,SET330,,S,Ensemble,1.0,687.5,687.5,378.13,309.37,45.0
TXN_007668,2022-09-05,May-22,Siva,SET317,,S,Ensemble,1.0,1350.0,1350.0,742.5,607.5,45.0
TXN_007671,2022-09-05,May-22,Siva,J0004,,S,Robe/Jupe,1.0,1350.0,1350.0,742.5,607.5,45.0
TXN_007679,2022-09-05,May-22,Siva,J0246,,S,Robe/Jupe,1.0,1312.5,1312.5,721.88,590.62,45.0
TXN_007676,2022-09-05,May-22,Siva,J0372,,S,Robe/Jupe,1.0,1237.5,1237.5,680.62,556.88,45.0
TXN_007693,2022-09-05,May-22,Siva,SET291,,S,Ensemble,1.0,612.5,612.5,336.88,275.62,45.0
TXN_007692,2022-09-05,May-22,Siva,SET291,,M,Ensemble,1.0,612.5,612.5,336.88,275.62,45.0
TXN_007691,2022-09-05,May-22,Siva,SET372,,S,Ensemble,1.0,837.0,837.0,460.35,376.65,45.0
TXN_007690,2022-09-05,May-22,Siva,SET372,,M,Ensemble,1.0,837.0,837.0,460.35,376.65,45.0
TXN_007689,2022-09-05,May-22,Siva,SET331,,S,Ensemble,1.0,650.0,650.0,357.5,292.5,45.0
TXN_007688,2022-09-05,May-22,Siva,SET331,,M,Ensemble,1.0,650.0,650.0,357.5,292.5,45.0
TXN_007687,2022-09-05,May-22,Siva,J0279,,S,Robe/Jupe,2.0,1237.5,2475.0,1361.25,1113.75,45.0
TXN_007686,2022-09-05,May-22,Siva,J0279,,M,Robe/Jupe,1.0,1237.5,1237.5,680.62,556.88,45.0
TXN_007685,2022-09-05,May-22,Siva,SET345,,S,Ensemble,1.0,687.5,687.5,378.13,309.37,45.0
TXN_007684,2022-09-05,May-22,Siva,SET345,,M,Ensemble,1.0,687.5,687.5,378.13,309.37,45.0
TXN_007683,2022-09-05,May-22,Siva,SET299,,S,Ensemble,1.0,1012.5,1012.5,556.88,455.62,45.0
TXN_007682,2022-09-05,May-22,Siva,SET299,,M,Ensemble,1.0,1012.5,1012.5,556.88,455.62,45.0
TXN_007681,2022-09-05,May-22,Siva,SET326,,S,Ensemble,1.0,687.5,687.5,378.13,309.37,45.0
TXN_007680,2022-09-05,May-22,Siva,SET326,,M,Ensemble,1.0,687.5,687.5,378.13,309.37,45.0
TXN_007665,2022-09-05,May-22,Siva,JNE3764,,M,Robe/Jupe,1.0,500.0,500.0,275.0,225.0,45.0
TXN_007678,2022-09-05,May-22,Siva,SET405,,S,Ensemble,1.0,812.5,812.5,446.88,365.62,45.0
TXN_007677,2022-09-05,May-22,Siva,SET405,,M,Ensemble,1.0,812.5,812.5,446.88,365.62,45.0
TXN_007675,2022-09-05,May-22,Siva,J0372,,M,Robe/Jupe,1.0,1237.5,1237.5,680.62,556.88,45.0
TXN_007664,2022-09-05,May-22,Lazy Daisy Co Ltd ,J0041,,XS,Robe/Jupe,1.0,653.0,653.0,359.15,293.85,45.0
TXN_007652,2022-09-05,May-22,Lazy Daisy Co Ltd ,J0399,,XS,Robe/Jupe,1.0,775.0,775.0,426.25,348.75,45.0
TXN_007662,2022-09-05,May-22,Lazy Daisy Co Ltd ,J0399,,S,Robe/Jupe,1.0,775.0,775.0,426.25,348.75,45.0
TXN_007661,2022-09-05,May-22,Lazy Daisy Co Ltd ,SET350,,S,Ensemble,1.0,1199.46,1199.46,659.7,539.76,45.0
TXN_007660,2022-09-05,May-22,Lazy Daisy Co Ltd ,J0012,,S,Robe/Jupe,1.0,1281.43,1281.43,704.79,576.64,45.0
TXN_007659,2022-09-05,May-22,Lazy Daisy Co Ltd ,J0400,,S,Robe/Jupe,1.0,850.0,850.0,467.5,382.5,45.0
TXN_007658,2022-09-05,May-22,Lazy Daisy Co Ltd ,SET306,,S,Ensemble,1.0,687.5,687.5,378.13,309.37,45.0
TXN_007657,2022-09-05,May-22,Lazy Daisy Co Ltd ,J0399,,XXXL,Robe/Jupe,1.0,775.0,775.0,426.25,348.75,45.0
TXN_007656,2022-09-05,May-22,Lazy Daisy Co Ltd ,J0399,,S,Robe/Jupe,1.0,775.0,775.0,426.25,348.75,45.0
TXN_007655,2022-09-05,May-22,Lazy Daisy Co Ltd ,J0399,,M,Robe/Jupe,1.0,775.0,775.0,426.25,348.75,45.0
TXN_007654,2022-09-05,May-22,Lazy Daisy Co Ltd ,J0399,,XS,Robe/Jupe,1.0,775.0,775.0,426.25,348.75,45.0
TXN_007653,2022-09-05,May-22,Lazy Daisy Co Ltd ,J0399,,S,Robe/Jupe,1.0,775.0,775.0,426.25,348.75,45.0
TXN_007663,2022-09-05,May-22,Lazy Daisy Co Ltd ,J0414,,L,Robe/Jupe,1.0,887.5,887.5,488.13,399.37,45.0
TXN_005515,2022-10-01,Jan-22,THANA MARIMUTHU,JNE3763,JNE3763-KR-XXXL,XXXL,Robe/Jupe,1.0,537.5,538.0,295.62,242.38,45.05
TXN_005516,2022-10-01,Jan-22,THANA MARIMUTHU,JNE3768,JNE3768-KR-XXL,XXL,Robe/Jupe,1.0,612.5,612.0,336.88,275.12,44.95
TXN_005517,2022-10-01,Jan-22,THANA MARIMUTHU,JNE3773,JNE3773-KR-XXL,XXL,Robe/Jupe,1.0,475.0,475.0,261.25,213.75,45.0
TXN_005518,2022-10-01,Jan-22,THANA MARIMUTHU,JNE3774,JNE3774-KR-XL,XL,Robe/Jupe,1.0,612.5,612.0,336.88,275.12,44.95
TXN_005519,2022-10-01,Jan-22,THANA MARIMUTHU,JNE3774,JNE3774-KR-XXL,XXL,Robe/Jupe,1.0,612.5,612.0,336.88,275.12,44.95
TXN_005524,2022-10-01,Jan-22,THANA MARIMUTHU,SET138,SET138-KR-PP-L,L,Ensemble,1.0,1000.0,1000.0,550.0,450.0,45.0
TXN_005521,2022-10-01,Jan-22,THANA MARIMUTHU,JNE3783,JNE3783-KR-XXL,XXL,Robe/Jupe,1.0,612.5,612.0,336.88,275.12,44.95
TXN_005522,2022-10-01,Jan-22,THANA MARIMUTHU,JNE3804,JNE3804-KR-L,L,Robe/Jupe,1.0,425.0,425.0,233.75,191.25,45.0
TXN_005523,2022-10-01,Jan-22,THANA MARIMUTHU,PJNE3568,PJNE3568-KR-4XL,4XL,Autre,1.0,462.5,462.0,254.38,207.62,44.94
TXN_005514,2022-10-01,Jan-22,THANA MARIMUTHU,JNE3750,JNE3750-KR-XL,XL,Robe/Jupe,1.0,500.0,500.0,275.0,225.0,45.0
TXN_005525,2022-10-01,Jan-22,THANA MARIMUTHU,SET287,SET287-KR-NP-L,L,Ensemble,1.0,687.5,688.0,378.13,309.87,45.04
TXN_005520,2022-10-01,Jan-22,THANA MARIMUTHU,JNE3777,JNE3777-KR-XXL,XXL,Robe/Jupe,1.0,475.0,475.0,261.25,213.75,45.0
TXN_005513,2022-10-01,Jan-22,THANA MARIMUTHU,JNE3634,JNE3634-KR-L,L,Robe/Jupe,1.0,687.5,688.0,378.13,309.87,45.04
TXN_005508,2022-10-01,Jan-22,THANA MARIMUTHU,JNE3256,JNE3256-KR-XL,XL,Robe/Jupe,1.0,612.5,612.0,336.88,275.12,44.95
TXN_005511,2022-10-01,Jan-22,THANA MARIMUTHU,JNE3630,JNE3630-KR-M,M,Robe/Jupe,1.0,462.5,462.0,254.38,207.62,44.94
TXN_005510,2022-10-01,Jan-22,THANA MARIMUTHU,JNE3567,JNE3567-KR-M,M,Robe/Jupe,1.0,425.0,425.0,233.75,191.25,45.0
TXN_005509,2022-10-01,Jan-22,THANA MARIMUTHU,JNE3405,JNE3405-KR-L,L,Robe/Jupe,1.0,425.0,425.0,233.75,191.25,45.0
TXN_005507,2022-10-01,Jan-22,THANA MARIMUTHU,JNE3256,JNE3256-KR-M,M,Robe/Jupe,1.0,612.5,612.0,336.88,275.12,44.95
TXN_005506,2022-10-01,Jan-22,THANA MARIMUTHU,JNE3256,JNE3256-KR-S,S,Robe/Jupe,1.0,612.5,612.0,336.88,275.12,44.95
TXN_005505,2022-10-01,Jan-22,HARSINIY KUMARESON,SET316,SET316-KR-DPT-S,S,Ensemble,1.0,1312.5,1312.0,721.88,590.12,44.98
TXN_005504,2022-10-01,Jan-22,HARSINIY KUMARESON,JNE2100,JNE2100-KR-144-M,M,Robe/Jupe,1.0,510.0,510.0,280.5,229.5,45.0
TXN_005503,2022-10-01,Jan-22,HARSINIY KUMARESON,SET252,SET252-KR-PP-S.,S,Ensemble,1.0,842.5,842.0,463.38,378.62,44.97
TXN_005502,2022-10-01,Jan-22,HARSINIY KUMARESON,J0230,J0230-SKD-M,M,Robe/Jupe,1.0,1425.0,1425.0,783.75,641.25,45.0
TXN_005501,2022-10-01,Jan-22,HARSINIY KUMARESON,SET392,SET392-KR-NP-S,S,Ensemble,1.0,850.0,850.0,467.5,382.5,45.0
TXN_005500,2022-10-01,Jan-22,HARSINIY KUMARESON,SET058,SET058-KR-NP-S,S,Ensemble,1.0,950.0,950.0,522.5,427.5,45.0
TXN_005498,2022-10-01,Jan-22,HARSINIY KUMARESON,JNE3634,JNE3634-KR-M,M,Robe/Jupe,1.0,687.5,688.0,378.13,309.87,45.04
TXN_005512,2022-10-01,Jan-22,THANA MARIMUTHU,JNE3630,JNE3630-KR-L,L,Robe/Jupe,1.0,462.5,462.0,254.38,207.62,44.94
TXN_005499,2022-10-01,Jan-22,HARSINIY KUMARESON,J0371,J0371-SKD-M,M,Robe/Jupe,1.0,1237.5,1238.0,680.62,557.38,45.02
TXN_003064,2022-10-01,Jan-22,THANA MARIMUTHU,JNE3774,JNE3774-KR-XL,XL,Robe/Jupe,1.0,612.5,612.0,336.88,275.12,44.95
TXN_003045,2022-10-01,Jan-22,HARSINIY KUMARESON,J0371,J0371-SKD-M,M,Robe/Jupe,1.0,1237.5,1238.0,680.62,557.38,45.02
TXN_003044,2022-10-01,Jan-22,HARSINIY KUMARESON,JNE3634,JNE3634-KR-M,M,Robe/Jupe,1.0,687.5,688.0,378.13,309.87,45.04
TXN_003071,2022-10-01,Jan-22,THANA MARIMUTHU,SET287,SET287-KR-NP-L,L,Ensemble,1.0,687.5,688.0,378.13,309.87,45.04
TXN_003070,2022-10-01,Jan-22,THANA MARIMUTHU,SET138,SET138-KR-PP-L,L,Ensemble,1.0,1000.0,1000.0,550.0,450.0,45.0
TXN_003069,2022-10-01,Jan-22,THANA MARIMUTHU,PJNE3568,PJNE3568-KR-4XL,4XL,Autre,1.0,462.5,462.0,254.38,207.62,44.94
TXN_003068,2022-10-01,Jan-22,THANA MARIMUTHU,JNE3804,JNE3804-KR-L,L,Robe/Jupe,1.0,425.0,425.0,233.75,191.25,45.0
TXN_003067,2022-10-01,Jan-22,THANA MARIMUTHU,JNE3783,JNE3783-KR-XXL,XXL,Robe/Jupe,1.0,612.5,612.0,336.88,275.12,44.95
TXN_003066,2022-10-01,Jan-22,THANA MARIMUTHU,JNE3777,JNE3777-KR-XXL,XXL,Robe/Jupe,1.0,475.0,475.0,261.25,213.75,45.0
TXN_003063,2022-10-01,Jan-22,THANA MARIMUTHU,JNE3773,JNE3773-KR-XXL,XXL,Robe/Jupe,1.0,475.0,475.0,261.25,213.75,45.0
TXN_003062,2022-10-01,Jan-22,THANA MARIMUTHU,JNE3768,JNE3768-KR-XXL,XXL,Robe/Jupe,1.0,612.5,612.0,336.88,275.12,44.95
TXN_003061,2022-10-01,Jan-22,THANA MARIMUTHU,JNE3763,JNE3763-KR-XXXL,XXXL,Robe/Jupe,1.0,537.5,538.0,295.62,242.38,45.05
TXN_003060,2022-10-01,Jan-22,THANA MARIMUTHU,JNE3750,JNE3750-KR-XL,XL,Robe/Jupe,1.0,500.0,500.0,275.0,225.0,45.0
TXN_003059,2022-10-01,Jan-22,THANA MARIMUTHU,JNE3634,JNE3634-KR-L,L,Robe/Jupe,1.0,687.5,688.0,378.13,309.87,45.04
TXN_003065,2022-10-01,Jan-22,THANA MARIMUTHU,JNE3774,JNE3774-KR-XXL,XXL,Robe/Jupe,1.0,612.5,612.0,336.88,275.12,44.95
TXN_003057,2022-10-01,Jan-22,THANA MARIMUTHU,JNE3630,JNE3630-KR-M,M,Robe/Jupe,1.0,462.5,462.0,254.38,207.62,44.94
TXN_003046,2022-10-01,Jan-22,HARSINIY KUMARESON,SET058,SET058-KR-NP-S,S,Ensemble,1.0,950.0,950.0,522.5,427.5,45.0
TXN_003058,2022-10-01,Jan-22,THANA MARIMUTHU,JNE3630,JNE3630-KR-L,L,Robe/Jupe,1.0,462.5,462.0,254.38,207.62,44.94
TXN_003047,2022-10-01,Jan-22,HARSINIY KUMARESON,SET392,SET392-KR-NP-S,S,Ensemble,1.0,850.0,850.0,467.5,382.5,45.0
TXN_003048,2022-10-01,Jan-22,HARSINIY KUMARESON,J0230,J0230-SKD-M,M,Robe/Jupe,1.0,1425.0,1425.0,783.75,641.25,45.0
TXN_003049,2022-10-01,Jan-22,HARSINIY KUMARESON,SET252,SET252-KR-PP-S.,S,Ensemble,1.0,842.5,842.0,463.38,378.62,44.97
TXN_003051,2022-10-01,Jan-22,HARSINIY KUMARESON,SET316,SET316-KR-DPT-S,S,Ensemble,1.0,1312.5,1312.0,721.88,590.12,44.98
TXN_003050,2022-10-01,Jan-22,HARSINIY KUMARESON,JNE2100,JNE2100-KR-144-M,M,Robe/Jupe,1.0,510.0,510.0,280.5,229.5,45.0
TXN_003053,2022-10-01,Jan-22,THANA MARIMUTHU,JNE3256,JNE3256-KR-M,M,Robe/Jupe,1.0,612.5,612.0,336.88,275.12,44.95
TXN_003054,2022-10-01,Jan-22,THANA MARIMUTHU,JNE3256,JNE3256-KR-XL,XL,Robe/Jupe,1.0,612.5,612.0,336.88,275.12,44.95
TXN_003055,2022-10-01,Jan-22,THANA MARIMUTHU,JNE3405,JNE3405-KR-L,L,Robe/Jupe,1.0,425.0,425.0,233.75,191.25,45.0
TXN_003056,2022-10-01,Jan-22,THANA MARIMUTHU,JNE3567,JNE3567-KR-M,M,Robe/Jupe,1.0,425.0,425.0,233.75,191.25,45.0
TXN_003052,2022-10-01,Jan-22,THANA MARIMUTHU,JNE3256,JNE3256-KR-S,S,Robe/Jupe,1.0,612.5,612.0,336.88,275.12,44.95
TXN_005867,2022-10-02,Feb-22,NALINI,J0006,J0006-SET-XXL,XXL,Robe/Jupe,1.0,925.0,925.0,508.75,416.25,45.0
TXN_005864,2022-10-02,Feb-22,NALINI,SET306,SET306-KR-PP-XXL,XXL,Ensemble,1.0,737.5,738.0,405.63,332.37,45.04
TXN_005865,2022-10-02,Feb-22,NALINI,SET331,SET331-KR-NP-XXL,XXL,Ensemble,1.0,650.0,650.0,357.5,292.5,45.0
TXN_005866,2022-10-02,Feb-22,NALINI,SET285,SET285-KR-SHA-XXL,XXL,Ensemble,1.0,612.5,612.0,336.88,275.12,44.95
TXN_005868,2022-10-02,Feb-22,NALINI,J0159,J0159-DR-XXL,XXL,Robe/Jupe,1.0,718.75,719.0,395.31,323.69,45.02
TXN_005874,2022-10-02,Feb-22,NALINI,J0178,J0178-TP-XXL,XXL,Robe/Jupe,1.0,306.25,306.0,168.44,137.56,44.95
TXN_005875,2022-10-02,Feb-22,NALINI,JNE3648,JNE3648-TP-XXL,XXL,Robe/Jupe,1.0,425.0,425.0,233.75,191.25,45.0
TXN_005871,2022-10-02,Feb-22,NALINI,JNE3785,JNE3785-KR-XXL,XXL,Robe/Jupe,1.0,431.25,431.0,237.19,193.81,44.97
TXN_005872,2022-10-02,Feb-22,NALINI,JNE3750,JNE3750-KR-XXL,XXL,Robe/Jupe,1.0,500.0,500.0,275.0,225.0,45.0
TXN_005873,2022-10-02,Feb-22,NALINI,JNE3627,JNE3627-KR-XXL,XXL,Robe/Jupe,1.0,393.75,394.0,216.56,177.44,45.04
TXN_005863,2022-10-02,Feb-22,NALINI,J0002,J0002-SKD-XXL,XXL,Robe/Jupe,1.0,1350.0,1350.0,742.5,607.5,45.0
TXN_005869,2022-10-02,Feb-22,NALINI,J0101,J0101-DR-XXL,XXL,Robe/Jupe,1.0,1056.25,1056.0,580.94,475.06,44.99
TXN_005862,2022-10-02,Feb-22,NALINI,SET230,SET230-KR-PP-XXL,XXL,Ensemble,1.0,850.0,850.0,467.5,382.5,45.0
TXN_003409,2022-10-02,Feb-22,NALINI,J0002,J0002-SKD-XXL,XXL,Robe/Jupe,1.0,1350.0,1350.0,742.5,607.5,45.0
TXN_003421,2022-10-02,Feb-22,NALINI,JNE3648,JNE3648-TP-XXL,XXL,Robe/Jupe,1.0,425.0,425.0,233.75,191.25,45.0
TXN_003420,2022-10-02,Feb-22,NALINI,J0178,J0178-TP-XXL,XXL,Robe/Jupe,1.0,306.25,306.0,168.44,137.56,44.95
TXN_003419,2022-10-02,Feb-22,NALINI,JNE3627,JNE3627-KR-XXL,XXL,Robe/Jupe,1.0,393.75,394.0,216.56,177.44,45.04
TXN_003418,2022-10-02,Feb-22,NALINI,JNE3750,JNE3750-KR-XXL,XXL,Robe/Jupe,1.0,500.0,500.0,275.0,225.0,45.0
TXN_003417,2022-10-02,Feb-22,NALINI,JNE3785,JNE3785-KR-XXL,XXL,Robe/Jupe,1.0,431.25,431.0,237.19,193.81,44.97
TXN_003416,2022-10-02,Feb-22,NALINI,J0085,J0085-TP-XXL,XXL,Robe/Jupe,1.0,368.75,369.0,202.81,166.19,45.04
TXN_003415,2022-10-02,Feb-22,NALINI,J0101,J0101-DR-XXL,XXL,Robe/Jupe,1.0,1056.25,1056.0,580.94,475.06,44.99
TXN_003414,2022-10-02,Feb-22,NALINI,J0159,J0159-DR-XXL,XXL,Robe/Jupe,1.0,718.75,719.0,395.31,323.69,45.02
TXN_003413,2022-10-02,Feb-22,NALINI,J0006,J0006-SET-XXL,XXL,Robe/Jupe,1.0,925.0,925.0,508.75,416.25,45.0
TXN_003412,2022-10-02,Feb-22,NALINI,SET285,SET285-KR-SHA-XXL,XXL,Ensemble,1.0,612.5,612.0,336.88,275.12,44.95
TXN_003411,2022-10-02,Feb-22,NALINI,SET331,SET331-KR-NP-XXL,XXL,Ensemble,1.0,650.0,650.0,357.5,292.5,45.0
TXN_003410,2022-10-02,Feb-22,NALINI,SET306,SET306-KR-PP-XXL,XXL,Ensemble,1.0,737.5,738.0,405.63,332.37,45.04
TXN_003408,2022-10-02,Feb-22,NALINI,SET230,SET230-KR-PP-XXL,XXL,Ensemble,1.0,850.0,850.0,467.5,382.5,45.0
TXN_003422,2022-10-02,Feb-22,NALINI,J0300,J0300-TP-XXL,XXL,Robe/Jupe,1.0,243.75,244.0,134.06,109.94,45.06
TXN_005876,2022-10-02,Feb-22,NALINI,J0300,J0300-TP-XXL,XXL,Robe/Jupe,1.0,243.75,244.0,134.06,109.94,45.06
TXN_005870,2022-10-02,Feb-22,NALINI,J0085,J0085-TP-XXL,XXL,Robe/Jupe,1.0,368.75,369.0,202.81,166.19,45.04
TXN_006883,2022-10-03,Mar-22,FUSION FASHIONS CORP.,J0211,J0211-DR-XXXL,XXXL,Robe/Jupe,1.0,812.5,812.0,446.88,365.12,44.97
TXN_006385,2022-10-03,Mar-22,AVIN  ,J0341,J0341-DR-L,L,Robe/Jupe,1.0,775.0,775.0,426.25,348.75,45.0
TXN_006386,2022-10-03,Mar-22,VIKNES THREADS COLLECTION,JNE3798,JNE3798-KR-M,M,Robe/Jupe,1.0,975.0,975.0,536.25,438.75,45.0
TXN_006387,2022-10-03,Mar-22,VIKNES THREADS COLLECTION,SET297,SET297-KR-NP-L,L,Ensemble,1.0,812.5,812.0,446.88,365.12,44.97
TXN_006388,2022-10-03,Mar-22,VIKNES THREADS COLLECTION,SET320,SET320-KR-NP-L,L,Ensemble,1.0,1000.0,1000.0,550.0,450.0,45.0
TXN_006389,2022-10-03,Mar-22,VIKNES THREADS COLLECTION,SET300,SET300-KR-NP-M,M,Ensemble,1.0,1162.5,1162.0,639.38,522.62,44.98
TXN_006390,2022-10-03,Mar-22,VIKNES THREADS COLLECTION,SET304,SET304-KR-DPT-S,S,Ensemble,1.0,1350.0,1350.0,742.5,607.5,45.0
TXN_006391,2022-10-03,Mar-22,VIKNES THREADS COLLECTION,J0252,J0252-SKD-L,L,Robe/Jupe,1.0,1037.5,1038.0,570.62,467.38,45.03
TXN_006392,2022-10-03,Mar-22,VIKNES THREADS COLLECTION,PJNE2171,PJNE2171-KR-5XL,5XL,Autre,1.0,775.0,775.0,426.25,348.75,45.0
TXN_006393,2022-10-03,Mar-22,VIKNES THREADS COLLECTION,SET300,SET300-KR-NP-XL,XL,Ensemble,1.0,1162.5,1162.0,639.38,522.62,44.98
TXN_006394,2022-10-03,Mar-22,VIKNES THREADS COLLECTION,PJNE3440,PJNE3440-KR-5XL,5XL,Autre,1.0,537.5,538.0,295.62,242.38,45.05
TXN_006384,2022-10-03,Mar-22,AVIN  ,J0236,J0236-SKD-M,M,Robe/Jupe,1.0,1181.25,1181.0,649.69,531.31,44.99
TXN_006395,2022-10-03,Mar-22,VIKNES THREADS COLLECTION,J0398,J0398-DR-XS,XS,Robe/Jupe,1.0,887.5,888.0,488.13,399.87,45.03
TXN_006397,2022-10-03,Mar-22,VIKNES THREADS COLLECTION,J0226,J0226-SKD-XXL,XXL,Robe/Jupe,1.0,1862.5,1862.0,1024.38,837.62,44.98
TXN_006398,2022-10-03,Mar-22,VIKNES THREADS COLLECTION,J0250,J0250-SKD-L,L,Robe/Jupe,1.0,1037.5,1038.0,570.62,467.38,45.03
TXN_006399,2022-10-03,Mar-22,VIKNES THREADS COLLECTION,JNE3813,JNE3813-KR-M,M,Robe/Jupe,1.0,650.0,650.0,357.5,292.5,45.0
TXN_006400,2022-10-03,Mar-22,VIKNES THREADS COLLECTION,SET282,SET282-KR-PP-S,S,Ensemble,1.0,1237.5,1238.0,680.62,557.38,45.02
TXN_006401,2022-10-03,Mar-22,VIKNES THREADS COLLECTION,SET355,SET355-KR-PP-S,S,Ensemble,1.0,1625.0,1625.0,893.75,731.25,45.0
TXN_006402,2022-10-03,Mar-22,VIKNES THREADS COLLECTION,J0401,J0401-DR-SC,Free,Robe/Jupe,1.0,887.5,888.0,488.13,399.87,45.03
TXN_006403,2022-10-03,Mar-22,VIKNES THREADS COLLECTION,J0397,J0397-DR-M,M,Robe/Jupe,1.0,1075.0,1075.0,591.25,483.75,45.0
TXN_006404,2022-10-03,Mar-22,VIKNES THREADS COLLECTION,J0397,J0397-DR-S,S,Robe/Jupe,1.0,1075.0,1075.0,591.25,483.75,45.0
TXN_006405,2022-10-03,Mar-22,VIKNES THREADS COLLECTION,SET311,SET311-KR-NP-S,S,Ensemble,1.0,1137.5,1138.0,625.62,512.38,45.02
TXN_006406,2022-10-03,Mar-22,VIKNES THREADS COLLECTION,SET372,SET372-KR-PP-XXL,XXL,Ensemble,1.0,850.0,850.0,467.5,382.5,45.0
TXN_006396,2022-10-03,Mar-22,VIKNES THREADS COLLECTION,SET297,SET297-KR-NP-XXXL,XXXL,Ensemble,1.0,812.5,812.0,446.88,365.12,44.97
TXN_006383,2022-10-03,Mar-22,AVIN  ,PJ0096,PJ0096-KR-6XL,6XL,Autre,1.0,737.5,738.0,405.63,332.37,45.04
TXN_006382,2022-10-03,Mar-22,AVIN  ,PJNE2171,PJNE2171-KR-6XL,6XL,Autre,1.0,775.0,775.0,426.25,348.75,45.0
TXN_006381,2022-10-03,Mar-22,AVIN  ,PJNE2100,PJNE2100-KR-6XL,6XL,Autre,1.0,587.5,588.0,323.12,264.88,45.05
TXN_006847,2022-10-03,Mar-22,VIKNES THREADS COLLECTION,SET297,SET297-KR-NP-L,L,Ensemble,1.0,812.5,812.0,446.88,365.12,44.97
TXN_006846,2022-10-03,Mar-22,VIKNES THREADS COLLECTION,JNE3798,JNE3798-KR-M,M,Robe/Jupe,1.0,975.0,975.0,536.25,438.75,45.0
TXN_006845,2022-10-03,Mar-22,AVIN  ,J0341,J0341-DR-L,L,Robe/Jupe,1.0,775.0,775.0,426.25,348.75,45.0
TXN_006844,2022-10-03,Mar-22,AVIN  ,J0236,J0236-SKD-M,M,Robe/Jupe,1.0,1181.25,1181.0,649.69,531.31,44.99
TXN_006842,2022-10-03,Mar-22,AVIN  ,PJNE2171,PJNE2171-KR-6XL,6XL,Autre,1.0,775.0,775.0,426.25,348.75,45.0
TXN_006841,2022-10-03,Mar-22,AVIN  ,PJNE2100,PJNE2100-KR-6XL,6XL,Autre,1.0,587.5,588.0,323.12,264.88,45.05
TXN_006840,2022-10-03,Mar-22,AVIN  ,PJNE1906,PJNE1906-KR-6XL,6XL,Autre,1.0,587.5,588.0,323.12,264.88,45.05
TXN_006839,2022-10-03,Mar-22,AVIN  ,JNE3545,JNE3545-KR-XL,XL,Robe/Jupe,1.0,356.25,356.0,195.94,160.06,44.96
TXN_006838,2022-10-03,Mar-22,AVIN  ,J0005,J0005-DR-XXXL,XXXL,Robe/Jupe,1.0,925.0,925.0,508.75,416.25,45.0
TXN_006837,2022-10-03,Mar-22,AVIN  ,SET276,SET276-KR-PP-XXXL,XXXL,Ensemble,1.0,1425.0,1425.0,783.75,641.25,45.0
TXN_006836,2022-10-03,Mar-22,AVIN  ,SET204,SET204-KR-DPT-XL,XL,Ensemble,1.0,587.5,588.0,323.12,264.88,45.05
TXN_006835,2022-10-03,Mar-22,AVIN  ,SET388,SET388-KR-NP-M,M,Ensemble,1.0,1475.0,1475.0,811.25,663.75,45.0
TXN_006834,2022-10-03,Mar-22,AVIN  ,JNE3676,JNE3676-TU-M,M,Robe/Jupe,1.0,412.5,412.0,226.88,185.12,44.93
TXN_006372,2022-10-03,Mar-22,AVIN  ,SET333,SET333-KR-DPT-XL,XL,Ensemble,1.0,1075.0,1075.0,591.25,483.75,45.0
TXN_006373,2022-10-03,Mar-22,AVIN  ,JNE3667,JNE3667-TP-M.,M,Robe/Jupe,1.0,331.25,331.0,182.19,148.81,44.96
TXN_006833,2022-10-03,Mar-22,AVIN  ,JNE3667,JNE3667-TP-M.,M,Robe/Jupe,1.0,331.25,331.0,182.19,148.81,44.96
TXN_006374,2022-10-03,Mar-22,AVIN  ,JNE3676,JNE3676-TU-M,M,Robe/Jupe,1.0,412.5,412.0,226.88,185.12,44.93
TXN_006375,2022-10-03,Mar-22,AVIN  ,SET388,SET388-KR-NP-M,M,Ensemble,1.0,1475.0,1475.0,811.25,663.75,45.0
TXN_006376,2022-10-03,Mar-22,AVIN  ,SET204,SET204-KR-DPT-XL,XL,Ensemble,1.0,587.5,588.0,323.12,264.88,45.05
TXN_006377,2022-10-03,Mar-22,AVIN  ,SET276,SET276-KR-PP-XXXL,XXXL,Ensemble,1.0,1425.0,1425.0,783.75,641.25,45.0
TXN_006378,2022-10-03,Mar-22,AVIN  ,J0005,J0005-DR-XXXL,XXXL,Robe/Jupe,1.0,925.0,925.0,508.75,416.25,45.0
TXN_006379,2022-10-03,Mar-22,AVIN  ,JNE3545,JNE3545-KR-XL,XL,Robe/Jupe,1.0,356.25,356.0,195.94,160.06,44.96
TXN_006380,2022-10-03,Mar-22,AVIN  ,PJNE1906,PJNE1906-KR-6XL,6XL,Autre,1.0,587.5,588.0,323.12,264.88,45.05
TXN_006407,2022-10-03,Mar-22,VIKNES THREADS COLLECTION,PJNE3405,PJNE3405-KR-5XL,5XL,Autre,1.0,462.5,462.0,254.38,207.62,44.94
TXN_006848,2022-10-03,Mar-22,VIKNES THREADS COLLECTION,SET320,SET320-KR-NP-L,L,Ensemble,1.0,1000.0,1000.0,550.0,450.0,45.0
TXN_006408,2022-10-03,Mar-22,VIKNES THREADS COLLECTION,JNE3861,JNE3861-DR-SC,Free,Robe/Jupe,1.0,775.0,775.0,426.25,348.75,45.0
TXN_006410,2022-10-03,Mar-22,VIKNES THREADS COLLECTION,PJNE3568,PJNE3568-KR-5XL,5XL,Autre,1.0,462.5,462.0,254.38,207.62,44.94
TXN_006951,2022-10-03,Mar-22,FUSION FASHIONS CORP.,JNE3674,JNE3674-TU-M,M,Robe/Jupe,1.0,500.0,500.0,275.0,225.0,45.0
TXN_006950,2022-10-03,Mar-22,FUSION FASHIONS CORP.,JNE3674,JNE3674-TU-L,L,Robe/Jupe,1.0,500.0,500.0,275.0,225.0,45.0
TXN_006949,2022-10-03,Mar-22,FUSION FASHIONS CORP.,JNE3673,JNE3673-TU-XXXL,XXXL,Robe/Jupe,1.0,537.5,538.0,295.62,242.38,45.05
TXN_006948,2022-10-03,Mar-22,FUSION FASHIONS CORP.,JNE3673,JNE3673-TU-XXL,XXL,Robe/Jupe,1.0,537.5,538.0,295.62,242.38,45.05
TXN_006947,2022-10-03,Mar-22,FUSION FASHIONS CORP.,JNE3673,JNE3673-TU-XL,XL,Robe/Jupe,1.0,537.5,538.0,295.62,242.38,45.05
TXN_006946,2022-10-03,Mar-22,FUSION FASHIONS CORP.,JNE3673,JNE3673-TU-M,M,Robe/Jupe,1.0,537.5,538.0,295.62,242.38,45.05
TXN_006945,2022-10-03,Mar-22,FUSION FASHIONS CORP.,JNE3673,JNE3673-TU-L,L,Robe/Jupe,1.0,537.5,538.0,295.62,242.38,45.05
TXN_006944,2022-10-03,Mar-22,FUSION FASHIONS CORP.,JNE3672,JNE3672-TU-XXL,XXL,Robe/Jupe,1.0,500.0,500.0,275.0,225.0,45.0
TXN_006943,2022-10-03,Mar-22,FUSION FASHIONS CORP.,JNE3672,JNE3672-TU-XL,XL,Robe/Jupe,1.0,500.0,500.0,275.0,225.0,45.0
TXN_006942,2022-10-03,Mar-22,FUSION FASHIONS CORP.,JNE3672,JNE3672-TU-L,L,Robe/Jupe,1.0,500.0,500.0,275.0,225.0,45.0
TXN_006952,2022-10-03,Mar-22,FUSION FASHIONS CORP.,JNE3674,JNE3674-TU-S,S,Robe/Jupe,1.0,500.0,500.0,275.0,225.0,45.0
TXN_006941,2022-10-03,Mar-22,FUSION FASHIONS CORP.,JNE3671,JNE3671-TU-XXXL,XXXL,Robe/Jupe,1.0,500.0,500.0,275.0,225.0,45.0
TXN_006939,2022-10-03,Mar-22,FUSION FASHIONS CORP.,JNE3671,JNE3671-TU-XL,XL,Robe/Jupe,1.0,500.0,500.0,275.0,225.0,45.0
TXN_006938,2022-10-03,Mar-22,FUSION FASHIONS CORP.,JNE3671,JNE3671-TU-M,M,Robe/Jupe,1.0,500.0,500.0,275.0,225.0,45.0
TXN_006937,2022-10-03,Mar-22,FUSION FASHIONS CORP.,JNE3671,JNE3671-TU-L,L,Robe/Jupe,1.0,500.0,500.0,275.0,225.0,45.0
TXN_006936,2022-10-03,Mar-22,FUSION FASHIONS CORP.,JNE3577,JNE3577-KR-XL,XL,Robe/Jupe,1.0,687.5,688.0,378.13,309.87,45.04
TXN_006935,2022-10-03,Mar-22,FUSION FASHIONS CORP.,JNE3371,JNE3371-KR-L,L,Robe/Jupe,1.0,381.0,381.0,209.55,171.45,45.0
TXN_006934,2022-10-03,Mar-22,FUSION FASHIONS CORP.,J0242,J0242-SKD-XXXL,XXXL,Robe/Jupe,1.0,1350.0,1350.0,742.5,607.5,45.0
TXN_006933,2022-10-03,Mar-22,FUSION FASHIONS CORP.,J0242,J0242-SKD-XL,XL,Robe/Jupe,1.0,1350.0,1350.0,742.5,607.5,45.0
TXN_006932,2022-10-03,Mar-22,FUSION FASHIONS CORP.,J0183,J0183-TP-XXL,XXL,Robe/Jupe,1.0,481.0,481.0,264.55,216.45,45.0
TXN_006930,2022-10-03,Mar-22,FUSION FASHIONS CORP.,J0183,J0183-TP-L,L,Robe/Jupe,1.0,481.0,481.0,264.55,216.45,45.0
TXN_006931,2022-10-03,Mar-22,FUSION FASHIONS CORP.,J0183,J0183-TP-M,M,Robe/Jupe,1.0,481.0,481.0,264.55,216.45,45.0
TXN_006940,2022-10-03,Mar-22,FUSION FASHIONS CORP.,JNE3671,JNE3671-TU-XXL,XXL,Robe/Jupe,1.0,500.0,500.0,275.0,225.0,45.0
TXN_006953,2022-10-03,Mar-22,FUSION FASHIONS CORP.,JNE3674,JNE3674-TU-XL,XL,Robe/Jupe,1.0,500.0,500.0,275.0,225.0,45.0
TXN_006954,2022-10-03,Mar-22,FUSION FASHIONS CORP.,JNE3674,JNE3674-TU-XXL,XXL,Robe/Jupe,1.0,500.0,500.0,275.0,225.0,45.0
TXN_006955,2022-10-03,Mar-22,FUSION FASHIONS CORP.,JNE3674,JNE3674-TU-XXXL,XXXL,Robe/Jupe,1.0,500.0,500.0,275.0,225.0,45.0
TXN_006832,2022-10-03,Mar-22,AVIN  ,SET333,SET333-KR-DPT-XL,XL,Ensemble,1.0,1075.0,1075.0,591.25,483.75,45.0
TXN_006917,2022-10-03,Mar-22,FUSION FASHIONS CORP.,JNE3744,JNE3744-TU-XXL,XXL,Robe/Jupe,1.0,562.5,562.0,309.38,252.62,44.95
TXN_006918,2022-10-03,Mar-22,FUSION FASHIONS CORP.,JNE3822,JNE3822-KR-L,L,Robe/Jupe,1.0,525.0,525.0,288.75,236.25,45.0
TXN_006919,2022-10-03,Mar-22,FUSION FASHIONS CORP.,JNE3822,JNE3822-KR-XL,XL,Robe/Jupe,1.0,525.0,525.0,288.75,236.25,45.0
TXN_006920,2022-10-03,Mar-22,FUSION FASHIONS CORP.,SAR045,SAR045,Free,Autre,1.0,698.75,699.0,384.31,314.69,45.02
TXN_006921,2022-10-03,Mar-22,FUSION FASHIONS CORP.,SAR054,SAR054,Free,Autre,1.0,998.75,999.0,549.31,449.69,45.01
TXN_006922,2022-10-03,Mar-22,FUSION FASHIONS CORP.,SAR101,SAR101-FREE,FREE,Autre,1.0,561.25,561.0,308.69,252.31,44.98
TXN_006923,2022-10-03,Mar-22,FUSION FASHIONS CORP.,SET388,SET388-KR-NP-L,L,Ensemble,1.0,1475.0,1475.0,811.25,663.75,45.0
TXN_006924,2022-10-03,Mar-22,FUSION FASHIONS CORP.,SET388,SET388-KR-NP-XL,XL,Ensemble,1.0,1475.0,1475.0,811.25,663.75,45.0
TXN_006925,2022-10-03,Mar-22,FUSION FASHIONS CORP.,SET388,SET388-KR-NP-XXL,XXL,Ensemble,1.0,1475.0,1475.0,811.25,663.75,45.0
TXN_006926,2022-10-03,Mar-22,FUSION FASHIONS CORP.,SET392,SET392-KR-NP-XL,XL,Ensemble,1.0,850.0,850.0,467.5,382.5,45.0
TXN_006927,2022-10-03,Mar-22,FUSION FASHIONS CORP.,SET392,SET392-KR-NP-XXL,XXL,Ensemble,1.0,850.0,850.0,467.5,382.5,45.0
TXN_006884,2022-10-03,Mar-22,FUSION FASHIONS CORP.,JNE3371,JNE3371-KR-M,M,Robe/Jupe,1.0,381.0,381.0,209.55,171.45,45.0
TXN_006928,2022-10-03,Mar-22,FUSION FASHIONS CORP.,J0093,J0093-DR-L,L,Robe/Jupe,1.0,719.0,719.0,395.45,323.55,45.0
TXN_006929,2022-10-03,Mar-22,FUSION FASHIONS CORP.,J0093,J0093-DR-XXXL,XXXL,Robe/Jupe,1.0,719.0,719.0,395.45,323.55,45.0
TXN_006963,2022-10-03,Mar-22,FUSION FASHIONS CORP.,SET376,SET376-KR-NP-XXXL,XXXL,Ensemble,1.0,687.5,688.0,378.13,309.87,45.04
TXN_006962,2022-10-03,Mar-22,FUSION FASHIONS CORP.,SAR110,SAR110-FREE,FREE,Autre,1.0,561.25,561.0,308.69,252.31,44.98
TXN_006961,2022-10-03,Mar-22,FUSION FASHIONS CORP.,SAR108,SAR108-FREE,FREE,Autre,1.0,561.25,561.0,308.69,252.31,44.98
TXN_006960,2022-10-03,Mar-22,FUSION FASHIONS CORP.,SAR105,SAR105-FREE,FREE,Autre,1.0,561.25,561.0,308.69,252.31,44.98
TXN_006959,2022-10-03,Mar-22,FUSION FASHIONS CORP.,SAR029,SAR029,Free,Autre,1.0,661.25,661.0,363.69,297.31,44.98
TXN_006958,2022-10-03,Mar-22,FUSION FASHIONS CORP.,JNE3688,JNE3688-TU-S,S,Robe/Jupe,1.0,537.5,538.0,295.62,242.38,45.05
TXN_006957,2022-10-03,Mar-22,FUSION FASHIONS CORP.,JNE3688,JNE3688-TU-M,M,Robe/Jupe,1.0,537.5,538.0,295.62,242.38,45.05
TXN_006956,2022-10-03,Mar-22,FUSION FASHIONS CORP.,JNE3683,JNE3683-TU-L,L,Robe/Jupe,1.0,344.0,344.0,189.2,154.8,45.0
TXN_006409,2022-10-03,Mar-22,VIKNES THREADS COLLECTION,JNE3870,JNE3870-DR-S,S,Robe/Jupe,1.0,687.5,688.0,378.13,309.87,45.04
TXN_006849,2022-10-03,Mar-22,VIKNES THREADS COLLECTION,SET300,SET300-KR-NP-M,M,Ensemble,1.0,1162.5,1162.0,639.38,522.62,44.98
TXN_006843,2022-10-03,Mar-22,AVIN  ,PJ0096,PJ0096-KR-6XL,6XL,Autre,1.0,737.5,738.0,405.63,332.37,45.04
TXN_003919,2022-10-03,Mar-22,AVIN  ,JNE3667,JNE3667-TP-M.,M,Robe/Jupe,1.0,331.25,331.0,182.19,148.81,44.96
TXN_006908,2022-10-03,Mar-22,FUSION FASHIONS CORP.,JNE3688,JNE3688-TU-XL,XL,Robe/Jupe,1.0,537.5,538.0,295.62,242.38,45.05
TXN_006909,2022-10-03,Mar-22,FUSION FASHIONS CORP.,JNE3691,JNE3691-TU-L,L,Robe/Jupe,1.0,562.5,562.0,309.38,252.62,44.95
TXN_006910,2022-10-03,Mar-22,FUSION FASHIONS CORP.,JNE3691,JNE3691-TU-M,M,Robe/Jupe,1.0,562.5,562.0,309.38,252.62,44.95
TXN_006911,2022-10-03,Mar-22,FUSION FASHIONS CORP.,JNE3691,JNE3691-TU-XL,XL,Robe/Jupe,1.0,562.5,562.0,309.38,252.62,44.95
TXN_006912,2022-10-03,Mar-22,FUSION FASHIONS CORP.,JNE3709,JNE3709-DR-L,L,Robe/Jupe,1.0,912.5,912.0,501.88,410.12,44.97
TXN_006913,2022-10-03,Mar-22,FUSION FASHIONS CORP.,JNE3709,JNE3709-DR-XL,XL,Robe/Jupe,1.0,912.5,912.0,501.88,410.12,44.97
TXN_006914,2022-10-03,Mar-22,FUSION FASHIONS CORP.,JNE3709,JNE3709-DR-XXL,XXL,Robe/Jupe,1.0,912.5,912.0,501.88,410.12,44.97
TXN_006915,2022-10-03,Mar-22,FUSION FASHIONS CORP.,JNE3744,JNE3744-TU-L,L,Robe/Jupe,1.0,562.5,562.0,309.38,252.62,44.95
TXN_006916,2022-10-03,Mar-22,FUSION FASHIONS CORP.,JNE3744,JNE3744-TU-XL,XL,Robe/Jupe,1.0,562.5,562.0,309.38,252.62,44.95
TXN_006873,2022-10-03,Mar-22,FUSION FASHIONS CORP.,J0024,J0024-KR-S,S,Robe/Jupe,1.0,438.0,438.0,240.9,197.1,45.0
TXN_006907,2022-10-03,Mar-22,FUSION FASHIONS CORP.,JNE09187,SAREE,Free,Robe/Jupe,1.0,886.25,886.0,487.44,398.56,44.98
TXN_006872,2022-10-03,Mar-22,FUSION FASHIONS CORP.,J0024,J0024-KR-M,M,Robe/Jupe,1.0,381.0,381.0,209.55,171.45,45.0
TXN_006870,2022-10-03,Mar-22,VIKNES THREADS COLLECTION,PJNE3568,PJNE3568-KR-5XL,5XL,Autre,1.0,462.5,462.0,254.38,207.62,44.94
TXN_006869,2022-10-03,Mar-22,VIKNES THREADS COLLECTION,JNE3870,JNE3870-DR-S,S,Robe/Jupe,1.0,687.5,688.0,378.13,309.87,45.04
TXN_006868,2022-10-03,Mar-22,VIKNES THREADS COLLECTION,JNE3861,JNE3861-DR-SC,Free,Robe/Jupe,1.0,775.0,775.0,426.25,348.75,45.0
TXN_006867,2022-10-03,Mar-22,VIKNES THREADS COLLECTION,PJNE3405,PJNE3405-KR-5XL,5XL,Autre,1.0,462.5,462.0,254.38,207.62,44.94
TXN_006887,2022-10-03,Mar-22,FUSION FASHIONS CORP.,JNE3577,JNE3577-KR-L,L,Robe/Jupe,1.0,687.5,688.0,378.13,309.87,45.04
TXN_006886,2022-10-03,Mar-22,FUSION FASHIONS CORP.,JNE3563,JNE3563-KR-XXL,XXL,Robe/Jupe,1.0,569.0,569.0,312.95,256.05,45.0
TXN_006885,2022-10-03,Mar-22,FUSION FASHIONS CORP.,JNE3563,JNE3563-KR-M,M,Robe/Jupe,1.0,569.0,569.0,312.95,256.05,45.0
TXN_003918,2022-10-03,Mar-22,AVIN  ,SET333,SET333-KR-DPT-XL,XL,Ensemble,1.0,1075.0,1075.0,591.25,483.75,45.0
TXN_006866,2022-10-03,Mar-22,VIKNES THREADS COLLECTION,SET372,SET372-KR-PP-XXL,XXL,Ensemble,1.0,850.0,850.0,467.5,382.5,45.0
TXN_006865,2022-10-03,Mar-22,VIKNES THREADS COLLECTION,SET311,SET311-KR-NP-S,S,Ensemble,1.0,1137.5,1138.0,625.62,512.38,45.02
TXN_006871,2022-10-03,Mar-22,FUSION FASHIONS CORP.,J0024,J0024-KR-L,L,Robe/Jupe,1.0,381.0,381.0,209.55,171.45,45.0
TXN_006906,2022-10-03,Mar-22,FUSION FASHIONS CORP.,J0212,J0212-DR-XXXL,XXXL,Robe/Jupe,1.0,775.0,775.0,426.25,348.75,45.0
TXN_006905,2022-10-03,Mar-22,FUSION FASHIONS CORP.,J0212,J0212-DR-XXL,XXL,Robe/Jupe,1.0,775.0,775.0,426.25,348.75,45.0
TXN_006904,2022-10-03,Mar-22,FUSION FASHIONS CORP.,J0212,J0212-DR-L,L,Robe/Jupe,1.0,775.0,775.0,426.25,348.75,45.0
TXN_006890,2022-10-03,Mar-22,FUSION FASHIONS CORP.,JNE3637,JNE3637-KR-XL,XL,Robe/Jupe,1.0,687.5,688.0,378.13,309.87,45.04
TXN_006891,2022-10-03,Mar-22,FUSION FASHIONS CORP.,JNE3683,JNE3683-TU-XXXL,XXXL,Robe/Jupe,1.0,344.0,344.0,189.2,154.8,45.0
TXN_006892,2022-10-03,Mar-22,FUSION FASHIONS CORP.,JNE3687,JNE3687-TU-M,M,Robe/Jupe,1.0,462.5,462.0,254.38,207.62,44.94
TXN_006893,2022-10-03,Mar-22,FUSION FASHIONS CORP.,JNE3687,JNE3687-TU-S,S,Robe/Jupe,1.0,462.5,462.0,254.38,207.62,44.94
TXN_006894,2022-10-03,Mar-22,FUSION FASHIONS CORP.,JNE3816,JNE3816-KR-L,L,Robe/Jupe,1.0,550.0,550.0,302.5,247.5,45.0
TXN_006895,2022-10-03,Mar-22,FUSION FASHIONS CORP.,JNE3816,JNE3816-KR-M,M,Robe/Jupe,1.0,550.0,550.0,302.5,247.5,45.0
TXN_006896,2022-10-03,Mar-22,FUSION FASHIONS CORP.,JNE3856,JNE3856-KR-L,L,Robe/Jupe,1.0,587.5,588.0,323.12,264.88,45.05
TXN_006897,2022-10-03,Mar-22,FUSION FASHIONS CORP.,SET182,SET182-KR-DH-M,M,Ensemble,1.0,725.0,725.0,398.75,326.25,45.0
TXN_006898,2022-10-03,Mar-22,FUSION FASHIONS CORP.,SET182,SET182-KR-DH-S,S,Ensemble,1.0,725.0,725.0,398.75,326.25,45.0
TXN_006899,2022-10-03,Mar-22,FUSION FASHIONS CORP.,SET339,SET339-KR-NP-XL,XL,Ensemble,1.0,737.5,738.0,405.63,332.37,45.04
TXN_006900,2022-10-03,Mar-22,FUSION FASHIONS CORP.,J0093,J0093-DR-XXL,XXL,Robe/Jupe,1.0,719.0,719.0,395.45,323.55,45.0
TXN_006901,2022-10-03,Mar-22,FUSION FASHIONS CORP.,J0210,J0210-DR-M,M,Robe/Jupe,1.0,825.0,825.0,453.75,371.25,45.0
TXN_006882,2022-10-03,Mar-22,FUSION FASHIONS CORP.,J0211,J0211-DR-L,L,Robe/Jupe,1.0,812.5,812.0,446.88,365.12,44.97
TXN_006881,2022-10-03,Mar-22,FUSION FASHIONS CORP.,J0093,J0093-DR-XXL,XXL,Robe/Jupe,1.0,744.0,744.0,409.2,334.8,45.0
TXN_006880,2022-10-03,Mar-22,FUSION FASHIONS CORP.,J0093,J0093-DR-M,M,Robe/Jupe,1.0,744.0,744.0,409.2,334.8,45.0
TXN_006879,2022-10-03,Mar-22,FUSION FASHIONS CORP.,J0081,J0081-DR-XXL,XXL,Robe/Jupe,1.0,831.0,831.0,457.05,373.95,45.0
TXN_006878,2022-10-03,Mar-22,FUSION FASHIONS CORP.,J0081,J0081-DR-XL,XL,Robe/Jupe,1.0,831.0,831.0,457.05,373.95,45.0
TXN_006877,2022-10-03,Mar-22,FUSION FASHIONS CORP.,J0037,J0037-KR-XXXL,XXXL,Robe/Jupe,1.0,619.0,619.0,340.45,278.55,45.0
TXN_006876,2022-10-03,Mar-22,FUSION FASHIONS CORP.,J0037,J0037-KR-XXL,XXL,Robe/Jupe,1.0,619.0,619.0,340.45,278.55,45.0
TXN_006875,2022-10-03,Mar-22,FUSION FASHIONS CORP.,J0037,J0037-KR-XL,XL,Robe/Jupe,1.0,619.0,619.0,340.45,278.55,45.0
TXN_006874,2022-10-03,Mar-22,FUSION FASHIONS CORP.,J0024,J0024-KR-XXL,XXL,Robe/Jupe,1.0,381.0,381.0,209.55,171.45,45.0
TXN_006902,2022-10-03,Mar-22,FUSION FASHIONS CORP.,J0210,J0210-DR-XL,XL,Robe/Jupe,1.0,825.0,825.0,453.75,371.25,45.0
TXN_006903,2022-10-03,Mar-22,FUSION FASHIONS CORP.,J0210,J0210-DR-XXXL,XXXL,Robe/Jupe,1.0,825.0,825.0,453.75,371.25,45.0
TXN_006889,2022-10-03,Mar-22,FUSION FASHIONS CORP.,JNE3637,JNE3637-KR-M,M,Robe/Jupe,1.0,687.5,688.0,378.13,309.87,45.04
TXN_006863,2022-10-03,Mar-22,VIKNES THREADS COLLECTION,J0397,J0397-DR-M,M,Robe/Jupe,1.0,1075.0,1075.0,591.25,483.75,45.0
TXN_006864,2022-10-03,Mar-22,VIKNES THREADS COLLECTION,J0397,J0397-DR-S,S,Robe/Jupe,1.0,1075.0,1075.0,591.25,483.75,45.0
TXN_006861,2022-10-03,Mar-22,VIKNES THREADS COLLECTION,SET355,SET355-KR-PP-S,S,Ensemble,1.0,1625.0,1625.0,893.75,731.25,45.0
TXN_003942,2022-10-03,Mar-22,VIKNES THREADS COLLECTION,SET297,SET297-KR-NP-XXXL,XXXL,Ensemble,1.0,812.5,812.0,446.88,365.12,44.97
TXN_003941,2022-10-03,Mar-22,VIKNES THREADS COLLECTION,J0398,J0398-DR-XS,XS,Robe/Jupe,1.0,887.5,888.0,488.13,399.87,45.03
TXN_003940,2022-10-03,Mar-22,VIKNES THREADS COLLECTION,PJNE3440,PJNE3440-KR-5XL,5XL,Autre,1.0,537.5,538.0,295.62,242.38,45.05
TXN_003939,2022-10-03,Mar-22,VIKNES THREADS COLLECTION,SET300,SET300-KR-NP-XL,XL,Ensemble,1.0,1162.5,1162.0,639.38,522.62,44.98
TXN_003938,2022-10-03,Mar-22,VIKNES THREADS COLLECTION,PJNE2171,PJNE2171-KR-5XL,5XL,Autre,1.0,775.0,775.0,426.25,348.75,45.0
TXN_003937,2022-10-03,Mar-22,VIKNES THREADS COLLECTION,J0252,J0252-SKD-L,L,Robe/Jupe,1.0,1037.5,1038.0,570.62,467.38,45.03
TXN_003936,2022-10-03,Mar-22,VIKNES THREADS COLLECTION,SET304,SET304-KR-DPT-S,S,Ensemble,1.0,1350.0,1350.0,742.5,607.5,45.0
TXN_003935,2022-10-03,Mar-22,VIKNES THREADS COLLECTION,SET300,SET300-KR-NP-M,M,Ensemble,1.0,1162.5,1162.0,639.38,522.62,44.98
TXN_003934,2022-10-03,Mar-22,VIKNES THREADS COLLECTION,SET320,SET320-KR-NP-L,L,Ensemble,1.0,1000.0,1000.0,550.0,450.0,45.0
TXN_003933,2022-10-03,Mar-22,VIKNES THREADS COLLECTION,SET297,SET297-KR-NP-L,L,Ensemble,1.0,812.5,812.0,446.88,365.12,44.97
TXN_003932,2022-10-03,Mar-22,VIKNES THREADS COLLECTION,JNE3798,JNE3798-KR-M,M,Robe/Jupe,1.0,975.0,975.0,536.25,438.75,45.0
TXN_003931,2022-10-03,Mar-22,AVIN  ,J0341,J0341-DR-L,L,Robe/Jupe,1.0,775.0,775.0,426.25,348.75,45.0
TXN_003930,2022-10-03,Mar-22,AVIN  ,J0236,J0236-SKD-M,M,Robe/Jupe,1.0,1181.25,1181.0,649.69,531.31,44.99
TXN_003929,2022-10-03,Mar-22,AVIN  ,PJ0096,PJ0096-KR-6XL,6XL,Autre,1.0,737.5,738.0,405.63,332.37,45.04
TXN_003928,2022-10-03,Mar-22,AVIN  ,PJNE2171,PJNE2171-KR-6XL,6XL,Autre,1.0,775.0,775.0,426.25,348.75,45.0
TXN_003927,2022-10-03,Mar-22,AVIN  ,PJNE2100,PJNE2100-KR-6XL,6XL,Autre,1.0,587.5,588.0,323.12,264.88,45.05
TXN_003926,2022-10-03,Mar-22,AVIN  ,PJNE1906,PJNE1906-KR-6XL,6XL,Autre,1.0,587.5,588.0,323.12,264.88,45.05
TXN_003925,2022-10-03,Mar-22,AVIN  ,JNE3545,JNE3545-KR-XL,XL,Robe/Jupe,1.0,356.25,356.0,195.94,160.06,44.96
TXN_003924,2022-10-03,Mar-22,AVIN  ,J0005,J0005-DR-XXXL,XXXL,Robe/Jupe,1.0,925.0,925.0,508.75,416.25,45.0
TXN_003923,2022-10-03,Mar-22,AVIN  ,SET276,SET276-KR-PP-XXXL,XXXL,Ensemble,1.0,1425.0,1425.0,783.75,641.25,45.0
TXN_003922,2022-10-03,Mar-22,AVIN  ,SET204,SET204-KR-DPT-XL,XL,Ensemble,1.0,587.5,588.0,323.12,264.88,45.05
TXN_003921,2022-10-03,Mar-22,AVIN  ,SET388,SET388-KR-NP-M,M,Ensemble,1.0,1475.0,1475.0,811.25,663.75,45.0
TXN_003920,2022-10-03,Mar-22,AVIN  ,JNE3676,JNE3676-TU-M,M,Robe/Jupe,1.0,412.5,412.0,226.88,185.12,44.93
TXN_003943,2022-10-03,Mar-22,VIKNES THREADS COLLECTION,J0226,J0226-SKD-XXL,XXL,Robe/Jupe,1.0,1862.5,1862.0,1024.38,837.62,44.98
TXN_006862,2022-10-03,Mar-22,VIKNES THREADS COLLECTION,J0401,J0401-DR-SC,Free,Robe/Jupe,1.0,887.5,888.0,488.13,399.87,45.03
TXN_003944,2022-10-03,Mar-22,VIKNES THREADS COLLECTION,J0250,J0250-SKD-L,L,Robe/Jupe,1.0,1037.5,1038.0,570.62,467.38,45.03
TXN_003946,2022-10-03,Mar-22,VIKNES THREADS COLLECTION,SET282,SET282-KR-PP-S,S,Ensemble,1.0,1237.5,1238.0,680.62,557.38,45.02
TXN_006860,2022-10-03,Mar-22,VIKNES THREADS COLLECTION,SET282,SET282-KR-PP-S,S,Ensemble,1.0,1237.5,1238.0,680.62,557.38,45.02
TXN_006859,2022-10-03,Mar-22,VIKNES THREADS COLLECTION,JNE3813,JNE3813-KR-M,M,Robe/Jupe,1.0,650.0,650.0,357.5,292.5,45.0
TXN_006858,2022-10-03,Mar-22,VIKNES THREADS COLLECTION,J0250,J0250-SKD-L,L,Robe/Jupe,1.0,1037.5,1038.0,570.62,467.38,45.03
TXN_006857,2022-10-03,Mar-22,VIKNES THREADS COLLECTION,J0226,J0226-SKD-XXL,XXL,Robe/Jupe,1.0,1862.5,1862.0,1024.38,837.62,44.98
TXN_006856,2022-10-03,Mar-22,VIKNES THREADS COLLECTION,SET297,SET297-KR-NP-XXXL,XXXL,Ensemble,1.0,812.5,812.0,446.88,365.12,44.97
TXN_006855,2022-10-03,Mar-22,VIKNES THREADS COLLECTION,J0398,J0398-DR-XS,XS,Robe/Jupe,1.0,887.5,888.0,488.13,399.87,45.03
TXN_006854,2022-10-03,Mar-22,VIKNES THREADS COLLECTION,PJNE3440,PJNE3440-KR-5XL,5XL,Autre,1.0,537.5,538.0,295.62,242.38,45.05
TXN_006853,2022-10-03,Mar-22,VIKNES THREADS COLLECTION,SET300,SET300-KR-NP-XL,XL,Ensemble,1.0,1162.5,1162.0,639.38,522.62,44.98
TXN_003945,2022-10-03,Mar-22,VIKNES THREADS COLLECTION,JNE3813,JNE3813-KR-M,M,Robe/Jupe,1.0,650.0,650.0,357.5,292.5,45.0
TXN_006851,2022-10-03,Mar-22,VIKNES THREADS COLLECTION,J0252,J0252-SKD-L,L,Robe/Jupe,1.0,1037.5,1038.0,570.62,467.38,45.03
TXN_006852,2022-10-03,Mar-22,VIKNES THREADS COLLECTION,PJNE2171,PJNE2171-KR-5XL,5XL,Autre,1.0,775.0,775.0,426.25,348.75,45.0
TXN_003956,2022-10-03,Mar-22,VIKNES THREADS COLLECTION,PJNE3568,PJNE3568-KR-5XL,5XL,Autre,1.0,462.5,462.0,254.38,207.62,44.94
TXN_003955,2022-10-03,Mar-22,VIKNES THREADS COLLECTION,JNE3870,JNE3870-DR-S,S,Robe/Jupe,1.0,687.5,688.0,378.13,309.87,45.04
TXN_003954,2022-10-03,Mar-22,VIKNES THREADS COLLECTION,JNE3861,JNE3861-DR-SC,Free,Robe/Jupe,1.0,775.0,775.0,426.25,348.75,45.0
TXN_003953,2022-10-03,Mar-22,VIKNES THREADS COLLECTION,PJNE3405,PJNE3405-KR-5XL,5XL,Autre,1.0,462.5,462.0,254.38,207.62,44.94
TXN_003952,2022-10-03,Mar-22,VIKNES THREADS COLLECTION,SET372,SET372-KR-PP-XXL,XXL,Ensemble,1.0,850.0,850.0,467.5,382.5,45.0
TXN_003951,2022-10-03,Mar-22,VIKNES THREADS COLLECTION,SET311,SET311-KR-NP-S,S,Ensemble,1.0,1137.5,1138.0,625.62,512.38,45.02
TXN_003950,2022-10-03,Mar-22,VIKNES THREADS COLLECTION,J0397,J0397-DR-S,S,Robe/Jupe,1.0,1075.0,1075.0,591.25,483.75,45.0
TXN_003949,2022-10-03,Mar-22,VIKNES THREADS COLLECTION,J0397,J0397-DR-M,M,Robe/Jupe,1.0,1075.0,1075.0,591.25,483.75,45.0
TXN_003948,2022-10-03,Mar-22,VIKNES THREADS COLLECTION,J0401,J0401-DR-SC,Free,Robe/Jupe,1.0,887.5,888.0,488.13,399.87,45.03
TXN_003947,2022-10-03,Mar-22,VIKNES THREADS COLLECTION,SET355,SET355-KR-PP-S,S,Ensemble,1.0,1625.0,1625.0,893.75,731.25,45.0
TXN_006850,2022-10-03,Mar-22,VIKNES THREADS COLLECTION,SET304,SET304-KR-DPT-S,S,Ensemble,1.0,1350.0,1350.0,742.5,607.5,45.0
TXN_006888,2022-10-03,Mar-22,FUSION FASHIONS CORP.,JNE3637,JNE3637-KR-L,L,Robe/Jupe,1.0,687.5,688.0,378.13,309.87,45.04
TXN_007701,2022-10-05,May-22,Tanusree Majumder,J0395,,L,Robe/Jupe,1.0,850.0,850.0,467.5,382.5,45.0
TXN_007704,2022-10-05,May-22,Tanusree Majumder,JNE3881,,L,Robe/Jupe,1.0,812.5,812.5,446.88,365.62,45.0
TXN_007702,2022-10-05,May-22,Tanusree Majumder,J0395,,XXL,Robe/Jupe,1.0,850.0,850.0,467.5,382.5,45.0
TXN_007703,2022-10-05,May-22,Tanusree Majumder,J0295,,L,Robe/Jupe,1.0,850.0,850.0,467.5,382.5,45.0
TXN_007696,2022-10-05,May-22,Tanusree Majumder,J0341,,XXL,Robe/Jupe,1.0,775.0,775.0,426.25,348.75,45.0
TXN_007699,2022-10-05,May-22,Tanusree Majumder,JNE3798,,XXL,Robe/Jupe,1.0,812.5,812.5,446.88,365.62,45.0
TXN_007698,2022-10-05,May-22,Tanusree Majumder,JNE3798,,L,Robe/Jupe,1.0,812.5,812.5,446.88,365.62,45.0
TXN_007697,2022-10-05,May-22,Tanusree Majumder,J0399,,L,Robe/Jupe,1.0,775.0,775.0,426.25,348.75,45.0
TXN_007695,2022-10-05,May-22,Tanusree Majumder,sEt197,,L,Ensemble,1.0,787.5,787.5,433.13,354.37,45.0
TXN_007694,2022-10-05,May-22,Tanusree Majumder,J0396,,XL,Robe/Jupe,1.0,850.0,850.0,467.5,382.5,45.0
TXN_007705,2022-10-05,May-22,Vinodha,MEN5017,,S,Homme,1.0,606.25,606.25,333.44,272.81,45.0
TXN_007700,2022-10-05,May-22,Tanusree Majumder,J0308,,L,Robe/Jupe,1.0,612.5,612.5,336.88,275.62,45.0
TXN_007706,2022-10-05,May-22,Vinodha,MEN5017,,M,Homme,1.0,606.25,606.25,333.44,272.81,45.0
TXN_007717,2022-10-05,May-22,Vinodha,MEN5022,,M,Homme,1.0,605.0,605.0,332.75,272.25,45.0
TXN_007708,2022-10-05,May-22,Vinodha,MEN5017,,XL,Homme,1.0,606.25,606.25,333.44,272.81,45.0
TXN_007730,2022-10-05,May-22,Vinodha,MEN5002,,L,Homme,1.0,541.25,541.25,297.69,243.56,45.0
TXN_007731,2022-10-05,May-22,Vinodha,MEN5002,,XL,Homme,1.0,541.25,541.25,297.69,243.56,45.0
TXN_007732,2022-10-05,May-22,Vinodha,MEN5002,,XXL,Homme,1.0,541.25,541.25,297.69,243.56,45.0
TXN_007733,2022-10-05,May-22,Vinodha,MEN5002,,XXXL,Homme,1.0,541.25,541.25,297.69,243.56,45.0
TXN_007734,2022-10-05,May-22,Vinodha,MEN5025,,S,Homme,1.0,605.0,605.0,332.75,272.25,45.0
TXN_007735,2022-10-05,May-22,Vinodha,MEN5025,,M,Homme,1.0,605.0,605.0,332.75,272.25,45.0
TXN_007737,2022-10-05,May-22,Vinodha,MEN5025,,XL,Homme,1.0,605.0,605.0,332.75,272.25,45.0
TXN_007729,2022-10-05,May-22,Vinodha,MEN5002,,M,Homme,1.0,541.25,541.25,297.69,243.56,45.0
TXN_007738,2022-10-05,May-22,Vinodha,MEN5025,,XXL,Homme,1.0,605.0,605.0,332.75,272.25,45.0
TXN_007740,2022-10-05,May-22,Vinodha,MEN5023,,S,Homme,1.0,605.0,605.0,332.75,272.25,45.0
TXN_007741,2022-10-05,May-22,Vinodha,MEN5023,,M,Homme,1.0,605.0,605.0,332.75,272.25,45.0
TXN_007742,2022-10-05,May-22,Vinodha,MEN5023,,L,Homme,1.0,605.0,605.0,332.75,272.25,45.0
TXN_007743,2022-10-05,May-22,Vinodha,MEN5023,,XL,Homme,1.0,605.0,605.0,332.75,272.25,45.0
TXN_007744,2022-10-05,May-22,Vinodha,MEN5023,,XXL,Homme,1.0,605.0,605.0,332.75,272.25,45.0
TXN_007745,2022-10-05,May-22,Vinodha,MEN5023,,XXXL,Homme,1.0,605.0,605.0,332.75,272.25,45.0
TXN_007707,2022-10-05,May-22,Vinodha,MEN5017,,L,Homme,1.0,606.25,606.25,333.44,272.81,45.0
TXN_007739,2022-10-05,May-22,Vinodha,MEN5025,,XXXL,Homme,1.0,605.0,605.0,332.75,272.25,45.0
TXN_007728,2022-10-05,May-22,Vinodha,MEN5002,,S,Homme,1.0,541.25,541.25,297.69,243.56,45.0
TXN_007736,2022-10-05,May-22,Vinodha,MEN5025,,L,Homme,1.0,605.0,605.0,332.75,272.25,45.0
TXN_007726,2022-10-05,May-22,Vinodha,MEN5024,,XXL,Homme,2.0,515.0,1030.0,566.5,463.5,45.0
TXN_007709,2022-10-05,May-22,Vinodha,MEN5017,,XXL,Homme,1.0,606.25,606.25,333.44,272.81,45.0
TXN_007727,2022-10-05,May-22,Vinodha,MEN5024,,XXXL,Homme,2.0,515.0,1030.0,566.5,463.5,45.0
TXN_007711,2022-10-05,May-22,Vinodha,MEN5032,,M,Homme,1.0,637.5,637.5,350.62,286.88,45.0
TXN_007712,2022-10-05,May-22,Vinodha,MEN5032,,L,Homme,1.0,637.5,637.5,350.62,286.88,45.0
TXN_007713,2022-10-05,May-22,Vinodha,MEN5032,,XL,Homme,1.0,637.5,637.5,350.62,286.88,45.0
TXN_007714,2022-10-05,May-22,Vinodha,MEN5032,,XXL,Homme,1.0,637.5,637.5,350.62,286.88,45.0
TXN_007715,2022-10-05,May-22,Vinodha,MEN5032,,XXXL,Homme,1.0,637.5,637.5,350.62,286.88,45.0
TXN_007716,2022-10-05,May-22,Vinodha,MEN5022,,S,Homme,1.0,605.0,605.0,332.75,272.25,45.0
TXN_007710,2022-10-05,May-22,Vinodha,MEN5017,,XXXL,Homme,1.0,606.25,606.25,333.44,272.81,45.0
TXN_007719,2022-10-05,May-22,Vinodha,MEN5022,,XL,Homme,1.0,605.0,605.0,332.75,272.25,45.0
TXN_007720,2022-10-05,May-22,Vinodha,MEN5022,,XXL,Homme,1.0,605.0,605.0,332.75,272.25,45.0
TXN_007721,2022-10-05,May-22,Vinodha,MEN5022,,XXXL,Homme,1.0,605.0,605.0,332.75,272.25,45.0
TXN_007722,2022-10-05,May-22,Vinodha,MEN5024,,S,Homme,2.0,515.0,1030.0,566.5,463.5,45.0
TXN_007723,2022-10-05,May-22,Vinodha,MEN5024,,M,Homme,2.0,515.0,1030.0,566.5,463.5,45.0
TXN_007724,2022-10-05,May-22,Vinodha,MEN5024,,L,Homme,2.0,515.0,1030.0,566.5,463.5,45.0
TXN_007718,2022-10-05,May-22,Vinodha,MEN5022,,L,Homme,1.0,605.0,605.0,332.75,272.25,45.0
TXN_007725,2022-10-05,May-22,Vinodha,MEN5024,,XL,Homme,2.0,515.0,1030.0,566.5,463.5,45.0
TXN_005900,2022-11-02,Feb-22,AVIN  ,SET268,SET268-KR-NP-M,M,Ensemble,1.0,925.0,925.0,508.75,416.25,45.0
TXN_003423,2022-11-02,Feb-22,AVIN  ,JNE3669,JNE3669-TU-XL,XL,Robe/Jupe,1.0,562.5,562.0,309.38,252.62,44.95
TXN_003424,2022-11-02,Feb-22,AVIN  ,JNE3688,JNE3688-TU-L,L,Robe/Jupe,1.0,537.5,538.0,295.62,242.38,45.05
TXN_003425,2022-11-02,Feb-22,AVIN  ,JNE3674,JNE3674-TU-L,L,Robe/Jupe,1.0,500.0,500.0,275.0,225.0,45.0
TXN_003426,2022-11-02,Feb-22,AVIN  ,J0077,J0077-SKD-S,S,Robe/Jupe,1.0,1625.0,1625.0,893.75,731.25,45.0
TXN_003427,2022-11-02,Feb-22,AVIN  ,J0172,J0172-TP-L,L,Robe/Jupe,2.0,425.0,850.0,467.5,382.5,45.0
TXN_003428,2022-11-02,Feb-22,AVIN  ,J0300,J0300-TP-L,L,Robe/Jupe,1.0,243.75,244.0,134.06,109.94,45.06
TXN_003429,2022-11-02,Feb-22,AVIN  ,J0119,J0119-TP-L,L,Robe/Jupe,1.0,500.0,500.0,275.0,225.0,45.0
TXN_003432,2022-11-02,Feb-22,AVIN  ,J0342,J0342-TP-L,L,Robe/Jupe,1.0,500.0,500.0,275.0,225.0,45.0
TXN_003431,2022-11-02,Feb-22,AVIN  ,J0113,J0113-TP-L,L,Robe/Jupe,1.0,500.0,500.0,275.0,225.0,45.0
TXN_003433,2022-11-02,Feb-22,AVIN  ,SET268,SET268-KR-NP-XXL,XXL,Ensemble,1.0,925.0,925.0,508.75,416.25,45.0
TXN_003434,2022-11-02,Feb-22,AVIN  ,J0202,J0202-TP-XXL,XXL,Robe/Jupe,1.0,593.75,594.0,326.56,267.44,45.02
TXN_003435,2022-11-02,Feb-22,AVIN  ,JNE3660,JNE3660-TP-XL,XL,Robe/Jupe,1.0,387.5,388.0,213.13,174.87,45.07
TXN_003436,2022-11-02,Feb-22,AVIN  ,J0090,J0090-TP-XL,XL,Robe/Jupe,1.0,693.75,694.0,381.56,312.44,45.02
TXN_003437,2022-11-02,Feb-22,AVIN  ,J0202,J0202-TP-L,L,Robe/Jupe,1.0,593.75,594.0,326.56,267.44,45.02
TXN_005899,2022-11-02,Feb-22,AVIN  ,SET268,SET268-KR-NP-L,L,Ensemble,1.0,925.0,925.0,508.75,416.25,45.0
TXN_003430,2022-11-02,Feb-22,AVIN  ,J0098,J0098-TP-L,L,Robe/Jupe,1.0,431.25,431.0,237.19,193.81,44.97
TXN_005898,2022-11-02,Feb-22,AVIN  ,JNE3684,JNE3684-TU-L,L,Robe/Jupe,1.0,318.75,319.0,175.31,143.69,45.04
TXN_005888,2022-11-02,Feb-22,AVIN  ,J0202,J0202-TP-XXL,XXL,Robe/Jupe,1.0,593.75,594.0,326.56,267.44,45.02
TXN_005896,2022-11-02,Feb-22,AVIN  ,JNE3744,JNE3744-TU-L,L,Robe/Jupe,1.0,562.5,562.0,309.38,252.62,44.95
TXN_005889,2022-11-02,Feb-22,AVIN  ,JNE3660,JNE3660-TP-XL,XL,Robe/Jupe,1.0,387.5,388.0,213.13,174.87,45.07
TXN_003438,2022-11-02,Feb-22,AVIN  ,J0120,J0120-TP-L,L,Robe/Jupe,1.0,387.5,388.0,213.13,174.87,45.07
TXN_005887,2022-11-02,Feb-22,AVIN  ,SET268,SET268-KR-NP-XXL,XXL,Ensemble,1.0,925.0,925.0,508.75,416.25,45.0
TXN_005886,2022-11-02,Feb-22,AVIN  ,J0342,J0342-TP-L,L,Robe/Jupe,1.0,500.0,500.0,275.0,225.0,45.0
TXN_005885,2022-11-02,Feb-22,AVIN  ,J0113,J0113-TP-L,L,Robe/Jupe,1.0,500.0,500.0,275.0,225.0,45.0
TXN_005884,2022-11-02,Feb-22,AVIN  ,J0098,J0098-TP-L,L,Robe/Jupe,1.0,431.25,431.0,237.19,193.81,44.97
TXN_005883,2022-11-02,Feb-22,AVIN  ,J0119,J0119-TP-L,L,Robe/Jupe,1.0,500.0,500.0,275.0,225.0,45.0
TXN_005882,2022-11-02,Feb-22,AVIN  ,J0300,J0300-TP-L,L,Robe/Jupe,1.0,243.75,244.0,134.06,109.94,45.06
TXN_005881,2022-11-02,Feb-22,AVIN  ,J0172,J0172-TP-L,L,Robe/Jupe,2.0,425.0,850.0,467.5,382.5,45.0
TXN_005880,2022-11-02,Feb-22,AVIN  ,J0077,J0077-SKD-S,S,Robe/Jupe,1.0,1625.0,1625.0,893.75,731.25,45.0
TXN_005879,2022-11-02,Feb-22,AVIN  ,JNE3674,JNE3674-TU-L,L,Robe/Jupe,1.0,500.0,500.0,275.0,225.0,45.0
TXN_005878,2022-11-02,Feb-22,AVIN  ,JNE3688,JNE3688-TU-L,L,Robe/Jupe,1.0,537.5,538.0,295.62,242.38,45.05
TXN_005877,2022-11-02,Feb-22,AVIN  ,JNE3669,JNE3669-TU-XL,XL,Robe/Jupe,1.0,562.5,562.0,309.38,252.62,44.95
TXN_005892,2022-11-02,Feb-22,AVIN  ,J0120,J0120-TP-L,L,Robe/Jupe,1.0,387.5,388.0,213.13,174.87,45.07
TXN_005893,2022-11-02,Feb-22,AVIN  ,JNE3670,JNE3670-TU-L,L,Robe/Jupe,1.0,443.75,444.0,244.06,199.94,45.03
TXN_005894,2022-11-02,Feb-22,AVIN  ,JNE3665,JNE3665-TP-L,L,Robe/Jupe,1.0,387.5,388.0,213.13,174.87,45.07
TXN_005895,2022-11-02,Feb-22,AVIN  ,JNE3678,JNE3678-TU-L,L,Robe/Jupe,1.0,425.0,425.0,233.75,191.25,45.0
TXN_005897,2022-11-02,Feb-22,AVIN  ,JNE3679,JNE3679-TU-L,L,Robe/Jupe,1.0,456.25,456.0,250.94,205.06,44.97
TXN_003439,2022-11-02,Feb-22,AVIN  ,JNE3670,JNE3670-TU-L,L,Robe/Jupe,1.0,443.75,444.0,244.06,199.94,45.03
TXN_005890,2022-11-02,Feb-22,AVIN  ,J0090,J0090-TP-XL,XL,Robe/Jupe,1.0,693.75,694.0,381.56,312.44,45.02
TXN_003441,2022-11-02,Feb-22,AVIN  ,JNE3678,JNE3678-TU-L,L,Robe/Jupe,1.0,425.0,425.0,233.75,191.25,45.0
TXN_003442,2022-11-02,Feb-22,AVIN  ,JNE3744,JNE3744-TU-L,L,Robe/Jupe,1.0,562.5,562.0,309.38,252.62,44.95
TXN_003443,2022-11-02,Feb-22,AVIN  ,JNE3679,JNE3679-TU-L,L,Robe/Jupe,1.0,456.25,456.0,250.94,205.06,44.97
TXN_003444,2022-11-02,Feb-22,AVIN  ,JNE3684,JNE3684-TU-L,L,Robe/Jupe,1.0,318.75,319.0,175.31,143.69,45.04
TXN_003445,2022-11-02,Feb-22,AVIN  ,SET268,SET268-KR-NP-L,L,Ensemble,1.0,925.0,925.0,508.75,416.25,45.0
TXN_003446,2022-11-02,Feb-22,AVIN  ,SET268,SET268-KR-NP-M,M,Ensemble,1.0,925.0,925.0,508.75,416.25,45.0
TXN_005891,2022-11-02,Feb-22,AVIN  ,J0202,J0202-TP-L,L,Robe/Jupe,1.0,593.75,594.0,326.56,267.44,45.02
TXN_003440,2022-11-02,Feb-22,AVIN  ,JNE3665,JNE3665-TP-L,L,Robe/Jupe,1.0,387.5,388.0,213.13,174.87,45.07
TXN_007760,2022-11-05,May-22,Gajanan,J0106,,XL,Robe/Jupe,1.0,1125.0,1125.0,618.75,506.25,45.0
TXN_007761,2022-11-05,May-22,Gajanan,J0106,,XXL,Robe/Jupe,1.0,1125.0,1125.0,618.75,506.25,45.0
TXN_007762,2022-11-05,May-22,Gajanan,J0105,,M,Robe/Jupe,1.0,1125.0,1125.0,618.75,506.25,45.0
TXN_007763,2022-11-05,May-22,Gajanan,J0105,,L,Robe/Jupe,1.0,1125.0,1125.0,618.75,506.25,45.0
TXN_007796,2022-11-05,May-22,Gajanan,JNE3676,,L,Robe/Jupe,1.0,333.75,333.75,183.56,150.19,45.0
TXN_007765,2022-11-05,May-22,Gajanan,J0105,,XXL,Robe/Jupe,1.0,1125.0,1125.0,618.75,506.25,45.0
TXN_007766,2022-11-05,May-22,Gajanan,JAN8623,,S,Autre,1.0,1124.0,1124.0,618.2,505.8,45.0
TXN_007759,2022-11-05,May-22,Gajanan,J0106,,L,Robe/Jupe,1.0,1125.0,1125.0,618.75,506.25,45.0
TXN_007764,2022-11-05,May-22,Gajanan,J0105,,XL,Robe/Jupe,1.0,1125.0,1125.0,618.75,506.25,45.0
TXN_007758,2022-11-05,May-22,Gajanan,J0106,,M,Robe/Jupe,1.0,1125.0,1125.0,618.75,506.25,45.0
TXN_007754,2022-11-05,May-22,Gajanan,JNE3861,,M,Robe/Jupe,1.0,775.0,775.0,426.25,348.75,45.0
TXN_007756,2022-11-05,May-22,Gajanan,JNE3861,,XL,Robe/Jupe,1.0,775.0,775.0,426.25,348.75,45.0
TXN_007755,2022-11-05,May-22,Gajanan,JNE3861,,L,Robe/Jupe,1.0,775.0,775.0,426.25,348.75,45.0
TXN_007795,2022-11-05,May-22,Gajanan,JNE3676,,M,Robe/Jupe,1.0,333.75,333.75,183.56,150.19,45.0
TXN_007753,2022-11-05,May-22,Gajanan,JNE3870,,XXL,Robe/Jupe,1.0,687.5,687.5,378.13,309.37,45.0
TXN_007752,2022-11-05,May-22,Gajanan,JNE3870,,XL,Robe/Jupe,1.0,687.5,687.5,378.13,309.37,45.0
TXN_007751,2022-11-05,May-22,Gajanan,JNE3870,,L,Robe/Jupe,1.0,687.5,687.5,378.13,309.37,45.0
TXN_007750,2022-11-05,May-22,Gajanan,JNE3870,,M,Robe/Jupe,1.0,687.5,687.5,378.13,309.37,45.0
TXN_007749,2022-11-05,May-22,Gajanan,JNE3905,,XXL,Robe/Jupe,1.0,562.5,562.5,309.38,253.12,45.0
TXN_007748,2022-11-05,May-22,Gajanan,JNE3905,,XL,Robe/Jupe,1.0,562.5,562.5,309.38,253.12,45.0
TXN_007747,2022-11-05,May-22,Gajanan,JNE3905,,L,Robe/Jupe,1.0,562.5,562.5,309.38,253.12,45.0
TXN_007746,2022-11-05,May-22,Gajanan,JNE3905,,M,Robe/Jupe,1.0,562.5,562.5,309.38,253.12,45.0
TXN_007757,2022-11-05,May-22,Gajanan,JNE3861,,XXL,Robe/Jupe,1.0,775.0,775.0,426.25,348.75,45.0
TXN_007794,2022-11-05,May-22,Gajanan,J0390,,XXL,Robe/Jupe,1.0,562.5,562.5,309.38,253.12,45.0
TXN_007791,2022-11-05,May-22,Gajanan,J0390,,M,Robe/Jupe,1.0,562.5,562.5,309.38,253.12,45.0
TXN_007792,2022-11-05,May-22,Gajanan,J0390,,L,Robe/Jupe,1.0,562.5,562.5,309.38,253.12,45.0
TXN_007777,2022-11-05,May-22,Gajanan,J0336,,XL,Robe/Jupe,1.0,612.5,612.5,336.88,275.62,45.0
TXN_007775,2022-11-05,May-22,Gajanan,J0336,,M,Robe/Jupe,1.0,612.5,612.5,336.88,275.62,45.0
TXN_007774,2022-11-05,May-22,Gajanan,J0196,,XXL,Robe/Jupe,1.0,423.75,423.75,233.06,190.69,45.0
TXN_007773,2022-11-05,May-22,Gajanan,J0196,,XL,Robe/Jupe,1.0,423.75,423.75,233.06,190.69,45.0
TXN_007772,2022-11-05,May-22,Gajanan,J0196,,L,Robe/Jupe,1.0,423.75,423.75,233.06,190.69,45.0
TXN_007771,2022-11-05,May-22,Gajanan,J0196,,M,Robe/Jupe,1.0,423.75,423.75,233.06,190.69,45.0
TXN_007770,2022-11-05,May-22,Gajanan,JAN8623,,XXL,Autre,1.0,1124.0,1124.0,618.2,505.8,45.0
TXN_007769,2022-11-05,May-22,Gajanan,JAN8623,,XL,Autre,1.0,1124.0,1124.0,618.2,505.8,45.0
TXN_007768,2022-11-05,May-22,Gajanan,JAN8623,,L,Autre,1.0,1124.0,1124.0,618.2,505.8,45.0
TXN_007767,2022-11-05,May-22,Gajanan,JAN8623,,M,Autre,1.0,1124.0,1124.0,618.2,505.8,45.0
TXN_007778,2022-11-05,May-22,Gajanan,J0336,,XXL,Robe/Jupe,1.0,612.5,612.5,336.88,275.62,45.0
TXN_007779,2022-11-05,May-22,Gajanan,J0213,,M,Robe/Jupe,1.0,537.5,537.5,295.62,241.88,45.0
TXN_007780,2022-11-05,May-22,Gajanan,J0213,,L,Robe/Jupe,1.0,537.5,537.5,295.62,241.88,45.0
TXN_007781,2022-11-05,May-22,Gajanan,J0213,,XL,Robe/Jupe,1.0,537.5,537.5,295.62,241.88,45.0
TXN_007782,2022-11-05,May-22,Gajanan,J0213,,XXL,Robe/Jupe,1.0,537.5,537.5,295.62,241.88,45.0
TXN_007783,2022-11-05,May-22,Gajanan,J0172,,M,Robe/Jupe,1.0,425.0,425.0,233.75,191.25,45.0
TXN_007784,2022-11-05,May-22,Gajanan,J0172,,L,Robe/Jupe,1.0,425.0,425.0,233.75,191.25,45.0
TXN_007785,2022-11-05,May-22,Gajanan,J0172,,XL,Robe/Jupe,1.0,425.0,425.0,233.75,191.25,45.0
TXN_007786,2022-11-05,May-22,Gajanan,J0172,,XXL,Robe/Jupe,1.0,425.0,425.0,233.75,191.25,45.0
TXN_007787,2022-11-05,May-22,Gajanan,J0391,,M,Robe/Jupe,1.0,650.0,650.0,357.5,292.5,45.0
TXN_007788,2022-11-05,May-22,Gajanan,J0391,,L,Robe/Jupe,1.0,650.0,650.0,357.5,292.5,45.0
TXN_007789,2022-11-05,May-22,Gajanan,J0391,,XL,Robe/Jupe,1.0,650.0,650.0,357.5,292.5,45.0
TXN_007790,2022-11-05,May-22,Gajanan,J0391,,XXL,Robe/Jupe,1.0,650.0,650.0,357.5,292.5,45.0
TXN_007793,2022-11-05,May-22,Gajanan,J0390,,XL,Robe/Jupe,1.0,562.5,562.5,309.38,253.12,45.0
TXN_007776,2022-11-05,May-22,Gajanan,J0336,,L,Robe/Jupe,1.0,612.5,612.5,336.88,275.62,45.0
TXN_007798,2022-11-05,May-22,Gajanan,JNE3676,,XXL,Robe/Jupe,1.0,333.75,333.75,183.56,150.19,45.0
TXN_007797,2022-11-05,May-22,Gajanan,JNE3676,,XL,Robe/Jupe,1.0,333.75,333.75,183.56,150.19,45.0
TXN_003073,2022-12-01,Jan-22,SWATI(SINGAPORE),J0198,J0198-TP-XL,XL,Robe/Jupe,1.0,562.5,562.0,309.38,252.62,44.95
TXN_005526,2022-12-01,Jan-22,SWATI(SINGAPORE),JNE3674,JNE3674-TU-XL,XL,Robe/Jupe,1.0,500.0,500.0,275.0,225.0,45.0
TXN_005527,2022-12-01,Jan-22,SWATI(SINGAPORE),J0198,J0198-TP-XL,XL,Robe/Jupe,1.0,562.5,562.0,309.38,252.62,44.95
TXN_005528,2022-12-01,Jan-22,SWATI(SINGAPORE),J0184,J0184-KR-XL,XL,Robe/Jupe,1.0,562.5,562.0,309.38,252.62,44.95
TXN_005529,2022-12-01,Jan-22,SWATI(SINGAPORE),J0110,J0110-SKD-M,M,Robe/Jupe,1.0,1387.5,1388.0,763.13,624.87,45.02
TXN_005530,2022-12-01,Jan-22,SWATI(SINGAPORE),J0109,J0109-SKD-M,M,Robe/Jupe,1.0,1312.5,1312.0,721.88,590.12,44.98
TXN_005531,2022-12-01,Jan-22,SWATI(SINGAPORE),SET325,SET325-KR-NP-XL,XL,Ensemble,2.0,687.5,1375.0,756.25,618.75,45.0
TXN_005532,2022-12-01,Jan-22,SWATI(SINGAPORE),SET269,SET269-KR-NP-L,L,Ensemble,1.0,975.0,975.0,536.25,438.75,45.0
TXN_005533,2022-12-01,Jan-22,SWATI(SINGAPORE),J0369,J0369-SKD-S,S,Robe/Jupe,1.0,1237.5,1238.0,680.62,557.38,45.02
TXN_005534,2022-12-01,Jan-22,SWATI(SINGAPORE),JNE3766,JNE3766-KR-L,L,Robe/Jupe,1.0,650.0,650.0,357.5,292.5,45.0
TXN_003072,2022-12-01,Jan-22,SWATI(SINGAPORE),JNE3674,JNE3674-TU-XL,XL,Robe/Jupe,1.0,500.0,500.0,275.0,225.0,45.0
TXN_003077,2022-12-01,Jan-22,SWATI(SINGAPORE),SET325,SET325-KR-NP-XL,XL,Ensemble,2.0,687.5,1375.0,756.25,618.75,45.0
TXN_003074,2022-12-01,Jan-22,SWATI(SINGAPORE),J0184,J0184-KR-XL,XL,Robe/Jupe,1.0,562.5,562.0,309.38,252.62,44.95
TXN_003080,2022-12-01,Jan-22,SWATI(SINGAPORE),JNE3766,JNE3766-KR-L,L,Robe/Jupe,1.0,650.0,650.0,357.5,292.5,45.0
TXN_003079,2022-12-01,Jan-22,SWATI(SINGAPORE),J0369,J0369-SKD-S,S,Robe/Jupe,1.0,1237.5,1238.0,680.62,557.38,45.02
TXN_003078,2022-12-01,Jan-22,SWATI(SINGAPORE),SET269,SET269-KR-NP-L,L,Ensemble,1.0,975.0,975.0,536.25,438.75,45.0
TXN_003076,2022-12-01,Jan-22,SWATI(SINGAPORE),J0109,J0109-SKD-M,M,Robe/Jupe,1.0,1312.5,1312.0,721.88,590.12,44.98
TXN_003075,2022-12-01,Jan-22,SWATI(SINGAPORE),J0110,J0110-SKD-M,M,Robe/Jupe,1.0,1387.5,1388.0,763.13,624.87,45.02
TXN_005937,2022-12-02,Feb-22,VAHARSHA BOUTIQUE ,JNE3611,JNE3611-KR-XS,XS,Robe/Jupe,1.0,562.5,562.0,309.38,252.62,44.95
TXN_005936,2022-12-02,Feb-22,VAHARSHA BOUTIQUE ,JNE3771,JNE3771-KR-XXXL,XXXL,Robe/Jupe,1.0,525.0,525.0,288.75,236.25,45.0
TXN_005935,2022-12-02,Feb-22,VAHARSHA BOUTIQUE ,JNE3771,JNE3771-KR-XXL,XXL,Robe/Jupe,1.0,525.0,525.0,288.75,236.25,45.0
TXN_005934,2022-12-02,Feb-22,VAHARSHA BOUTIQUE ,JNE3771,JNE3771-KR-XL,XL,Robe/Jupe,1.0,525.0,525.0,288.75,236.25,45.0
TXN_005905,2022-12-02,Feb-22,VAHARSHA BOUTIQUE ,JNE3852,CMB5-JNE3852,Free,Robe/Jupe,5.0,299.0,1495.0,822.25,672.75,45.0
TXN_005933,2022-12-02,Feb-22,VAHARSHA BOUTIQUE ,JNE3771,JNE3771-KR-L,L,Robe/Jupe,1.0,525.0,525.0,288.75,236.25,45.0
TXN_005932,2022-12-02,Feb-22,VAHARSHA BOUTIQUE ,JNE3771,JNE3771-KR-M,M,Robe/Jupe,1.0,525.0,525.0,288.75,236.25,45.0
TXN_005931,2022-12-02,Feb-22,VAHARSHA BOUTIQUE ,JNE3771,JNE3771-KR-S,S,Robe/Jupe,1.0,525.0,525.0,288.75,236.25,45.0
TXN_005930,2022-12-02,Feb-22,VAHARSHA BOUTIQUE ,JNE3771,JNE3771-KR-XS,XS,Robe/Jupe,1.0,525.0,525.0,288.75,236.25,45.0
TXN_005938,2022-12-02,Feb-22,VAHARSHA BOUTIQUE ,JNE3611,JNE3611-KR-S,S,Robe/Jupe,1.0,562.5,562.0,309.38,252.62,44.95
TXN_005939,2022-12-02,Feb-22,VAHARSHA BOUTIQUE ,JNE3611,JNE3611-KR-M,M,Robe/Jupe,1.0,562.5,562.0,309.38,252.62,44.95
TXN_005942,2022-12-02,Feb-22,VAHARSHA BOUTIQUE ,JNE3611,JNE3611-KR-XXL,XXL,Robe/Jupe,1.0,562.5,562.0,309.38,252.62,44.95
TXN_005941,2022-12-02,Feb-22,VAHARSHA BOUTIQUE ,JNE3611,JNE3611-KR-XL,XL,Robe/Jupe,1.0,562.5,562.0,309.38,252.62,44.95
TXN_005929,2022-12-02,Feb-22,VAHARSHA BOUTIQUE ,SET323,SET323-KR-NP-XXXL,XXXL,Ensemble,1.0,1162.5,1162.0,639.38,522.62,44.98
TXN_005943,2022-12-02,Feb-22,VAHARSHA BOUTIQUE ,JNE3611,JNE3611-KR-XXXL,XXXL,Robe/Jupe,1.0,562.5,562.0,309.38,252.62,44.95
TXN_005944,2022-12-02,Feb-22,VAHARSHA BOUTIQUE ,SET306,SET306-KR-PP-XS,XS,Ensemble,1.0,737.5,738.0,405.63,332.37,45.04
TXN_005945,2022-12-02,Feb-22,VAHARSHA BOUTIQUE ,SET306,SET306-KR-PP-S,S,Ensemble,1.0,737.5,738.0,405.63,332.37,45.04
TXN_005946,2022-12-02,Feb-22,VAHARSHA BOUTIQUE ,SET306,SET306-KR-PP-M,M,Ensemble,1.0,737.5,738.0,405.63,332.37,45.04
TXN_005947,2022-12-02,Feb-22,VAHARSHA BOUTIQUE ,SET306,SET306-KR-PP-L,L,Ensemble,1.0,737.5,738.0,405.63,332.37,45.04
TXN_005948,2022-12-02,Feb-22,VAHARSHA BOUTIQUE ,SET306,SET306-KR-PP-XL,XL,Ensemble,1.0,737.5,738.0,405.63,332.37,45.04
TXN_005949,2022-12-02,Feb-22,VAHARSHA BOUTIQUE ,SET306,SET306-KR-PP-XXL,XXL,Ensemble,1.0,737.5,738.0,405.63,332.37,45.04
TXN_005950,2022-12-02,Feb-22,VAHARSHA BOUTIQUE ,SET306,SET306-KR-PP-XXXL,XXXL,Ensemble,1.0,737.5,738.0,405.63,332.37,45.04
TXN_005940,2022-12-02,Feb-22,VAHARSHA BOUTIQUE ,JNE3611,JNE3611-KR-L,L,Robe/Jupe,1.0,562.5,562.0,309.38,252.62,44.95
TXN_005928,2022-12-02,Feb-22,VAHARSHA BOUTIQUE ,SET323,SET323-KR-NP-XXL,XXL,Ensemble,1.0,1162.5,1162.0,639.38,522.62,44.98
TXN_005924,2022-12-02,Feb-22,VAHARSHA BOUTIQUE ,SET323,SET323-KR-NP-S,S,Ensemble,1.0,1162.5,1162.0,639.38,522.62,44.98
TXN_005926,2022-12-02,Feb-22,VAHARSHA BOUTIQUE ,SET323,SET323-KR-NP-L,L,Ensemble,1.0,1162.5,1162.0,639.38,522.62,44.98
TXN_005906,2022-12-02,Feb-22,VAHARSHA BOUTIQUE ,JNE3827,CMB5-JNE3827,Free,Robe/Jupe,5.0,299.0,1495.0,822.25,672.75,45.0
TXN_005903,2022-12-02,Feb-22,VAHARSHA BOUTIQUE ,JNE3849,CMB5-JNE3849,Free,Robe/Jupe,15.0,299.0,4485.0,2466.75,2018.25,45.0
TXN_005902,2022-12-02,Feb-22,VAHARSHA BOUTIQUE ,JNE3853,CMB5-JNE3853,Free,Robe/Jupe,15.0,299.0,4485.0,2466.75,2018.25,45.0
TXN_005901,2022-12-02,Feb-22,VAHARSHA BOUTIQUE ,JNE3855,CMB5-JNE3855,Free,Robe/Jupe,5.0,299.0,1495.0,822.25,672.75,45.0
TXN_005907,2022-12-02,Feb-22,VAHARSHA BOUTIQUE ,JNE3832,CMB5-JNE3832,Free,Robe/Jupe,5.0,299.0,1495.0,822.25,672.75,45.0
TXN_005908,2022-12-02,Feb-22,VAHARSHA BOUTIQUE ,JNE3830,CMB5-JNE3830,Free,Robe/Jupe,10.0,299.0,2990.0,1644.5,1345.5,45.0
TXN_005909,2022-12-02,Feb-22,VAHARSHA BOUTIQUE ,JNE3828,CMB5-JNE3828,Free,Robe/Jupe,5.0,299.0,1495.0,822.25,672.75,45.0
TXN_005910,2022-12-02,Feb-22,VAHARSHA BOUTIQUE ,JNE3839,CMB5-JNE3839,Free,Robe/Jupe,10.0,374.0,3740.0,2057.0,1683.0,45.0
TXN_005911,2022-12-02,Feb-22,VAHARSHA BOUTIQUE ,JNE3840,CMB5-JNE3840,Free,Robe/Jupe,10.0,374.0,3740.0,2057.0,1683.0,45.0
TXN_005912,2022-12-02,Feb-22,VAHARSHA BOUTIQUE ,JNE3844,CMB5-JNE3844,Free,Robe/Jupe,5.0,374.0,1870.0,1028.5,841.5,45.0
TXN_005927,2022-12-02,Feb-22,VAHARSHA BOUTIQUE ,SET323,SET323-KR-NP-XL,XL,Ensemble,1.0,1162.5,1162.0,639.38,522.62,44.98
TXN_005913,2022-12-02,Feb-22,VAHARSHA BOUTIQUE ,JNE3845,CMB5-JNE3845,Free,Robe/Jupe,5.0,374.0,1870.0,1028.5,841.5,45.0
TXN_005915,2022-12-02,Feb-22,VAHARSHA BOUTIQUE ,JNE3847,CMB5-JNE3847,Free,Robe/Jupe,5.0,374.0,1870.0,1028.5,841.5,45.0
TXN_005916,2022-12-02,Feb-22,VAHARSHA BOUTIQUE ,SET316,SET316-KR-DPT-XS,XS,Ensemble,1.0,1312.5,1312.0,721.88,590.12,44.98
TXN_005917,2022-12-02,Feb-22,VAHARSHA BOUTIQUE ,SET316,SET316-KR-DPT-S,S,Ensemble,1.0,1312.5,1312.0,721.88,590.12,44.98
TXN_005919,2022-12-02,Feb-22,VAHARSHA BOUTIQUE ,SET316,SET316-KR-DPT-L,L,Ensemble,1.0,1312.5,1312.0,721.88,590.12,44.98
TXN_005920,2022-12-02,Feb-22,VAHARSHA BOUTIQUE ,SET316,SET316-KR-DPT-XL,XL,Ensemble,1.0,1312.5,1312.0,721.88,590.12,44.98
TXN_005921,2022-12-02,Feb-22,VAHARSHA BOUTIQUE ,SET316,SET316-KR-DPT-XXL,XXL,Ensemble,1.0,1312.5,1312.0,721.88,590.12,44.98
TXN_005922,2022-12-02,Feb-22,VAHARSHA BOUTIQUE ,SET316,SET316-KR-DPT-XXXL,XXXL,Ensemble,1.0,1312.5,1312.0,721.88,590.12,44.98
TXN_005923,2022-12-02,Feb-22,VAHARSHA BOUTIQUE ,SET323,SET323-KR-NP-XS,XS,Ensemble,1.0,1162.5,1162.0,639.38,522.62,44.98
TXN_005904,2022-12-02,Feb-22,VAHARSHA BOUTIQUE ,JNE3848,CMB5-JNE3848,Free,Robe/Jupe,5.0,299.0,1495.0,822.25,672.75,45.0
TXN_005925,2022-12-02,Feb-22,VAHARSHA BOUTIQUE ,SET323,SET323-KR-NP-M,M,Ensemble,1.0,1162.5,1162.0,639.38,522.62,44.98
TXN_005914,2022-12-02,Feb-22,VAHARSHA BOUTIQUE ,JNE3846,CMB5-JNE3846,Free,Robe/Jupe,10.0,374.0,3740.0,2057.0,1683.0,45.0
TXN_005918,2022-12-02,Feb-22,VAHARSHA BOUTIQUE ,SET316,SET316-KR-DPT-M,M,Ensemble,1.0,1312.5,1312.0,721.88,590.12,44.98
TXN_003482,2022-12-02,Feb-22,VAHARSHA BOUTIQUE ,JNE3771,JNE3771-KR-XXXL,XXXL,Robe/Jupe,1.0,525.0,525.0,288.75,236.25,45.0
TXN_003488,2022-12-02,Feb-22,VAHARSHA BOUTIQUE ,JNE3611,JNE3611-KR-XXL,XXL,Robe/Jupe,1.0,562.5,562.0,309.38,252.62,44.95
TXN_003472,2022-12-02,Feb-22,VAHARSHA BOUTIQUE ,SET323,SET323-KR-NP-L,L,Ensemble,1.0,1162.5,1162.0,639.38,522.62,44.98
TXN_003473,2022-12-02,Feb-22,VAHARSHA BOUTIQUE ,SET323,SET323-KR-NP-XL,XL,Ensemble,1.0,1162.5,1162.0,639.38,522.62,44.98
TXN_003474,2022-12-02,Feb-22,VAHARSHA BOUTIQUE ,SET323,SET323-KR-NP-XXL,XXL,Ensemble,1.0,1162.5,1162.0,639.38,522.62,44.98
TXN_003475,2022-12-02,Feb-22,VAHARSHA BOUTIQUE ,SET323,SET323-KR-NP-XXXL,XXXL,Ensemble,1.0,1162.5,1162.0,639.38,522.62,44.98
TXN_003476,2022-12-02,Feb-22,VAHARSHA BOUTIQUE ,JNE3771,JNE3771-KR-XS,XS,Robe/Jupe,1.0,525.0,525.0,288.75,236.25,45.0
TXN_003477,2022-12-02,Feb-22,VAHARSHA BOUTIQUE ,JNE3771,JNE3771-KR-S,S,Robe/Jupe,1.0,525.0,525.0,288.75,236.25,45.0
TXN_003478,2022-12-02,Feb-22,VAHARSHA BOUTIQUE ,JNE3771,JNE3771-KR-M,M,Robe/Jupe,1.0,525.0,525.0,288.75,236.25,45.0
TXN_003479,2022-12-02,Feb-22,VAHARSHA BOUTIQUE ,JNE3771,JNE3771-KR-L,L,Robe/Jupe,1.0,525.0,525.0,288.75,236.25,45.0
TXN_003496,2022-12-02,Feb-22,VAHARSHA BOUTIQUE ,SET306,SET306-KR-PP-XXXL,XXXL,Ensemble,1.0,737.5,738.0,405.63,332.37,45.04
TXN_003495,2022-12-02,Feb-22,VAHARSHA BOUTIQUE ,SET306,SET306-KR-PP-XXL,XXL,Ensemble,1.0,737.5,738.0,405.63,332.37,45.04
TXN_003494,2022-12-02,Feb-22,VAHARSHA BOUTIQUE ,SET306,SET306-KR-PP-XL,XL,Ensemble,1.0,737.5,738.0,405.63,332.37,45.04
TXN_003493,2022-12-02,Feb-22,VAHARSHA BOUTIQUE ,SET306,SET306-KR-PP-L,L,Ensemble,1.0,737.5,738.0,405.63,332.37,45.04
TXN_003492,2022-12-02,Feb-22,VAHARSHA BOUTIQUE ,SET306,SET306-KR-PP-M,M,Ensemble,1.0,737.5,738.0,405.63,332.37,45.04
TXN_003491,2022-12-02,Feb-22,VAHARSHA BOUTIQUE ,SET306,SET306-KR-PP-S,S,Ensemble,1.0,737.5,738.0,405.63,332.37,45.04
TXN_003490,2022-12-02,Feb-22,VAHARSHA BOUTIQUE ,SET306,SET306-KR-PP-XS,XS,Ensemble,1.0,737.5,738.0,405.63,332.37,45.04
TXN_003489,2022-12-02,Feb-22,VAHARSHA BOUTIQUE ,JNE3611,JNE3611-KR-XXXL,XXXL,Robe/Jupe,1.0,562.5,562.0,309.38,252.62,44.95
TXN_003480,2022-12-02,Feb-22,VAHARSHA BOUTIQUE ,JNE3771,JNE3771-KR-XL,XL,Robe/Jupe,1.0,525.0,525.0,288.75,236.25,45.0
TXN_003487,2022-12-02,Feb-22,VAHARSHA BOUTIQUE ,JNE3611,JNE3611-KR-XL,XL,Robe/Jupe,1.0,562.5,562.0,309.38,252.62,44.95
TXN_003486,2022-12-02,Feb-22,VAHARSHA BOUTIQUE ,JNE3611,JNE3611-KR-L,L,Robe/Jupe,1.0,562.5,562.0,309.38,252.62,44.95
TXN_003485,2022-12-02,Feb-22,VAHARSHA BOUTIQUE ,JNE3611,JNE3611-KR-M,M,Robe/Jupe,1.0,562.5,562.0,309.38,252.62,44.95
TXN_003484,2022-12-02,Feb-22,VAHARSHA BOUTIQUE ,JNE3611,JNE3611-KR-S,S,Robe/Jupe,1.0,562.5,562.0,309.38,252.62,44.95
TXN_003471,2022-12-02,Feb-22,VAHARSHA BOUTIQUE ,SET323,SET323-KR-NP-M,M,Ensemble,1.0,1162.5,1162.0,639.38,522.62,44.98
TXN_003483,2022-12-02,Feb-22,VAHARSHA BOUTIQUE ,JNE3611,JNE3611-KR-XS,XS,Robe/Jupe,1.0,562.5,562.0,309.38,252.62,44.95
TXN_003470,2022-12-02,Feb-22,VAHARSHA BOUTIQUE ,SET323,SET323-KR-NP-S,S,Ensemble,1.0,1162.5,1162.0,639.38,522.62,44.98
TXN_003468,2022-12-02,Feb-22,VAHARSHA BOUTIQUE ,SET316,SET316-KR-DPT-XXXL,XXXL,Ensemble,1.0,1312.5,1312.0,721.88,590.12,44.98
TXN_003447,2022-12-02,Feb-22,VAHARSHA BOUTIQUE ,JNE3855,CMB5-JNE3855,Free,Robe/Jupe,5.0,299.0,1495.0,822.25,672.75,45.0
TXN_003448,2022-12-02,Feb-22,VAHARSHA BOUTIQUE ,JNE3853,CMB5-JNE3853,Free,Robe/Jupe,15.0,299.0,4485.0,2466.75,2018.25,45.0
TXN_003449,2022-12-02,Feb-22,VAHARSHA BOUTIQUE ,JNE3849,CMB5-JNE3849,Free,Robe/Jupe,15.0,299.0,4485.0,2466.75,2018.25,45.0
TXN_003450,2022-12-02,Feb-22,VAHARSHA BOUTIQUE ,JNE3848,CMB5-JNE3848,Free,Robe/Jupe,5.0,299.0,1495.0,822.25,672.75,45.0
TXN_003451,2022-12-02,Feb-22,VAHARSHA BOUTIQUE ,JNE3852,CMB5-JNE3852,Free,Robe/Jupe,5.0,299.0,1495.0,822.25,672.75,45.0
TXN_003452,2022-12-02,Feb-22,VAHARSHA BOUTIQUE ,JNE3827,CMB5-JNE3827,Free,Robe/Jupe,5.0,299.0,1495.0,822.25,672.75,45.0
TXN_003453,2022-12-02,Feb-22,VAHARSHA BOUTIQUE ,JNE3832,CMB5-JNE3832,Free,Robe/Jupe,5.0,299.0,1495.0,822.25,672.75,45.0
TXN_003454,2022-12-02,Feb-22,VAHARSHA BOUTIQUE ,JNE3830,CMB5-JNE3830,Free,Robe/Jupe,10.0,299.0,2990.0,1644.5,1345.5,45.0
TXN_003455,2022-12-02,Feb-22,VAHARSHA BOUTIQUE ,JNE3828,CMB5-JNE3828,Free,Robe/Jupe,5.0,299.0,1495.0,822.25,672.75,45.0
TXN_003456,2022-12-02,Feb-22,VAHARSHA BOUTIQUE ,JNE3839,CMB5-JNE3839,Free,Robe/Jupe,10.0,374.0,3740.0,2057.0,1683.0,45.0
TXN_003457,2022-12-02,Feb-22,VAHARSHA BOUTIQUE ,JNE3840,CMB5-JNE3840,Free,Robe/Jupe,10.0,374.0,3740.0,2057.0,1683.0,45.0
TXN_003458,2022-12-02,Feb-22,VAHARSHA BOUTIQUE ,JNE3844,CMB5-JNE3844,Free,Robe/Jupe,5.0,374.0,1870.0,1028.5,841.5,45.0
TXN_003459,2022-12-02,Feb-22,VAHARSHA BOUTIQUE ,JNE3845,CMB5-JNE3845,Free,Robe/Jupe,5.0,374.0,1870.0,1028.5,841.5,45.0
TXN_003460,2022-12-02,Feb-22,VAHARSHA BOUTIQUE ,JNE3846,CMB5-JNE3846,Free,Robe/Jupe,10.0,374.0,3740.0,2057.0,1683.0,45.0
TXN_003461,2022-12-02,Feb-22,VAHARSHA BOUTIQUE ,JNE3847,CMB5-JNE3847,Free,Robe/Jupe,5.0,374.0,1870.0,1028.5,841.5,45.0
TXN_003462,2022-12-02,Feb-22,VAHARSHA BOUTIQUE ,SET316,SET316-KR-DPT-XS,XS,Ensemble,1.0,1312.5,1312.0,721.88,590.12,44.98
TXN_003463,2022-12-02,Feb-22,VAHARSHA BOUTIQUE ,SET316,SET316-KR-DPT-S,S,Ensemble,1.0,1312.5,1312.0,721.88,590.12,44.98
TXN_003464,2022-12-02,Feb-22,VAHARSHA BOUTIQUE ,SET316,SET316-KR-DPT-M,M,Ensemble,1.0,1312.5,1312.0,721.88,590.12,44.98
TXN_003465,2022-12-02,Feb-22,VAHARSHA BOUTIQUE ,SET316,SET316-KR-DPT-L,L,Ensemble,1.0,1312.5,1312.0,721.88,590.12,44.98
TXN_003466,2022-12-02,Feb-22,VAHARSHA BOUTIQUE ,SET316,SET316-KR-DPT-XL,XL,Ensemble,1.0,1312.5,1312.0,721.88,590.12,44.98
TXN_003467,2022-12-02,Feb-22,VAHARSHA BOUTIQUE ,SET316,SET316-KR-DPT-XXL,XXL,Ensemble,1.0,1312.5,1312.0,721.88,590.12,44.98
TXN_003469,2022-12-02,Feb-22,VAHARSHA BOUTIQUE ,SET323,SET323-KR-NP-XS,XS,Ensemble,1.0,1162.5,1162.0,639.38,522.62,44.98
TXN_003481,2022-12-02,Feb-22,VAHARSHA BOUTIQUE ,JNE3771,JNE3771-KR-XXL,XXL,Robe/Jupe,1.0,525.0,525.0,288.75,236.25,45.0
TXN_006970,2022-12-03,Mar-22,MRS. SUMITHA RAJU,J0101,J0101-DR-XL,XL,Robe/Jupe,1.0,1006.25,1006.0,553.44,452.56,44.99
TXN_006979,2022-12-03,Mar-22,MRS. SUMITHA RAJU,JNE3661,JNE3661-TP-XL,XL,Robe/Jupe,1.0,293.75,294.0,161.56,132.44,45.05
TXN_006977,2022-12-03,Mar-22,MRS. SUMITHA RAJU,JNE3642,JNE3642-TP-XL,XL,Robe/Jupe,1.0,306.25,306.0,168.44,137.56,44.95
TXN_006978,2022-12-03,Mar-22,MRS. SUMITHA RAJU,JNE3658,JNE3658-TP-XL,XL,Robe/Jupe,1.0,356.25,356.0,195.94,160.06,44.96
TXN_006974,2022-12-03,Mar-22,MRS. SUMITHA RAJU,J0336,J0336-TP-L,L,Robe/Jupe,1.0,537.5,538.0,295.62,242.38,45.05
TXN_006980,2022-12-03,Mar-22,MRS. SUMITHA RAJU,JNE3667,JNE3667-TP-XL,XL,Robe/Jupe,1.0,331.25,331.0,182.19,148.81,44.96
TXN_006981,2022-12-03,Mar-22,MRS. SUMITHA RAJU,JNE3880,JNE3880-DR-SC,Free,Robe/Jupe,1.0,650.0,650.0,357.5,292.5,45.0
TXN_006982,2022-12-03,Mar-22,MRS. SUMITHA RAJU,SET227,SET227-KR-PP-L,L,Ensemble,1.0,693.75,694.0,381.56,312.44,45.02
TXN_006983,2022-12-03,Mar-22,MRS. SUMITHA RAJU,SET227,SET227-KR-PP-M,M,Ensemble,1.0,693.75,694.0,381.56,312.44,45.02
TXN_006984,2022-12-03,Mar-22,MRS. SUMITHA RAJU,SET227,SET227-KR-PP-XL,XL,Ensemble,1.0,693.75,694.0,381.56,312.44,45.02
TXN_006985,2022-12-03,Mar-22,MRS. SUMITHA RAJU,SET280,SET280-KR-PP-L,L,Ensemble,1.0,1006.25,1006.0,553.44,452.56,44.99
TXN_006973,2022-12-03,Mar-22,MRS. SUMITHA RAJU,J0209,J0209-DR-L,L,Robe/Jupe,1.0,687.5,688.0,378.13,309.87,45.04
TXN_006972,2022-12-03,Mar-22,MRS. SUMITHA RAJU,J0158,J0158-DR-XS,XS,Robe/Jupe,1.0,687.5,688.0,378.13,309.87,45.04
TXN_006971,2022-12-03,Mar-22,MRS. SUMITHA RAJU,J0118,J0118-TP-XL,XL,Robe/Jupe,1.0,387.5,388.0,213.13,174.87,45.07
TXN_006969,2022-12-03,Mar-22,MRS. SUMITHA RAJU,J0086,J0086-DR-S,S,Robe/Jupe,1.0,618.75,619.0,340.31,278.69,45.02
TXN_006968,2022-12-03,Mar-22,MRS. SUMITHA RAJU,J0086,J0086-DR-M,M,Robe/Jupe,1.0,618.75,619.0,340.31,278.69,45.02
TXN_006967,2022-12-03,Mar-22,MRS. SUMITHA RAJU,J0012,J0012-SKD-XL,XL,Robe/Jupe,1.0,1387.5,1388.0,763.13,624.87,45.02
TXN_006966,2022-12-03,Mar-22,MRS. SUMITHA RAJU,J0001,J0001-DR-L,L,Robe/Jupe,1.0,650.0,650.0,357.5,292.5,45.0
TXN_006965,2022-12-03,Mar-22,MRS. SUMITHA RAJU,JNE3849,CMB5-JNE3849,Free,Robe/Jupe,5.0,299.0,1495.0,822.25,672.75,45.0
TXN_006964,2022-12-03,Mar-22,MRS. SUMITHA RAJU,JNE3844,CMB5-JNE3844,Free,Robe/Jupe,5.0,374.0,1870.0,1028.5,841.5,45.0
TXN_006976,2022-12-03,Mar-22,MRS. SUMITHA RAJU,JNE3642,JNE3642-TP-M,M,Robe/Jupe,1.0,306.25,306.0,168.44,137.56,44.95
TXN_006975,2022-12-03,Mar-22,MRS. SUMITHA RAJU,JNE3384,JNE3384-KR-S,S,Robe/Jupe,1.0,337.5,338.0,185.63,152.37,45.08
TXN_007499,2022-12-04,Apr-22,Avin,sEt276,,XXL,Ensemble,1.0,1425.0,1425.0,783.75,641.25,45.0
TXN_007510,2022-12-04,Apr-22,Avin,JNE3769,,XXL,Robe/Jupe,1.0,500.0,500.0,275.0,225.0,45.0
TXN_007500,2022-12-04,Apr-22,Avin,sEt325,,XL,Ensemble,1.0,687.5,687.5,378.13,309.37,45.0
TXN_007501,2022-12-04,Apr-22,Avin,sEt339,,XXXL,Ensemble,1.0,737.5,737.5,405.63,331.87,45.0
TXN_007502,2022-12-04,Apr-22,Avin,sEt353,,M,Ensemble,1.0,975.0,975.0,536.25,438.75,45.0
TXN_007503,2022-12-04,Apr-22,Avin,sEt316,,L,Ensemble,1.0,1312.5,1312.5,721.88,590.62,45.0
TXN_007504,2022-12-04,Apr-22,Avin,JNE3864,,XS,Robe/Jupe,1.0,537.5,537.5,295.62,241.88,45.0
TXN_007505,2022-12-04,Apr-22,Avin,JNE3744,,S,Robe/Jupe,1.0,612.5,612.5,336.88,275.62,45.0
TXN_007506,2022-12-04,Apr-22,Avin,pJNE3404,,6XL,Autre,1.0,500.0,500.0,275.0,225.0,45.0
TXN_007507,2022-12-04,Apr-22,Avin,J0004,,L,Robe/Jupe,1.0,1350.0,1350.0,742.5,607.5,45.0
TXN_007508,2022-12-04,Apr-22,Avin,JNE3895,,L,Robe/Jupe,1.0,737.5,737.5,405.63,331.87,45.0
TXN_007509,2022-12-04,Apr-22,Avin,JNE3668,,XS,Robe/Jupe,1.0,425.0,425.0,233.75,191.25,45.0
TXN_007498,2022-12-04,Apr-22,Avin,pJNE2100,,4XL,Autre,1.0,500.0,500.0,275.0,225.0,45.0
TXN_007497,2022-12-04,Apr-22,Avin,sEt329,,XL,Ensemble,1.0,687.5,687.5,378.13,309.37,45.0
